patient_id,age_at_diagnosis,type_of_breast_surgery,cancer_type,cancer_type_detailed,cellularity,chemotherapy,pam50_claudinlow_subtype,cohort,er_status_measured_by_ihc,er_status,neoplasm_histologic_grade,her2_status_measured_by_snp6,her2_status,tumor_other_histologic_subtype,hormone_therapy,inferred_menopausal_state,integrative_cluster,primary_tumor_laterality,lymph_nodes_examined_positive,mutation_count,nottingham_prognostic_index,oncotree_code,overall_survival_months,overall_survival_status,pr_status,radio_therapy,relapse_free_status_months,relapse_free_status,sex,3gene_classifier_subtype,tumor_size,tumor_stage,patients_vital_status
MB-0000,75,Mastectomy,Breast Cancer,Breast Invasive Ductal Carcinoma,High,No,claudin-low,1.0,Positve,Positive,3,Neutral,Negative,Ductal/NST,Yes,Post,4,Right,10.0,2.0,6.044,IDC,140.5,Living,Negative,Yes,138.65,Not Recurred,Female,ER+/HER2- High Prolif,22.0,2.0,Living
MB-0002,43,Breast Conserving,Breast Cancer,Breast Invasive Ductal Carcinoma,High,No,LumA,1.0,Positve,Positive,3,Neutral,Negative,Ductal/NST,Yes,Pre,5,Right,0.0,2.0,4.02,IDC,84.63333333,Living,Positive,Yes,83.52,Not Recurred,Female,ER+/HER2- High Prolif,10.0,1.0,Living
MB-0005,48,Mastectomy,Breast Cancer,Breast Invasive Ductal Carcinoma,High,Yes,LumB,1.0,Positve,Positive,2,Neutral,Negative,Ductal/NST,Yes,Pre,3,Right,1.0,2.0,4.03,IDC,163.7,Deceased,Positive,No,151.28,Recurred,Female,ER+/HER2- High Prolif,15.0,2.0,Died of Disease
MB-0006,47,Mastectomy,Breast Cancer,Breast Mixed Ductal and Lobular Carcinoma,Moderate,Yes,LumB,1.0,Positve,Positive,2,Neutral,Negative,Mixed,Yes,Pre,9,Right,3.0,1.0,4.05,MDLC,164.9333333,Living,Positive,Yes,162.76,Not Recurred,Female,ER+/HER2- High Prolif,25.0,2.0,Living
MB-0008,76,Mastectomy,Breast Cancer,Breast Mixed Ductal and Lobular Carcinoma,High,Yes,LumB,1.0,Positve,Positive,3,Neutral,Negative,Mixed,Yes,Post,9,Right,8.0,2.0,6.08,MDLC,41.36666667,Deceased,Positive,Yes,18.55,Recurred,Female,ER+/HER2- High Prolif,40.0,2.0,Died of Disease
MB-0010,78,Mastectomy,Breast Cancer,Breast Invasive Ductal Carcinoma,Moderate,No,LumB,1.0,Positve,Positive,3,Neutral,Negative,Ductal/NST,Yes,Post,7,Left,0.0,4.0,4.062,IDC,7.8,Deceased,Positive,Yes,2.89,Recurred,Female,ER+/HER2- High Prolif,31.0,4.0,Died of Disease
MB-0014,56,Breast Conserving,Breast Cancer,Breast Invasive Ductal Carcinoma,Moderate,Yes,LumB,1.0,Positve,Positive,2,Loss,Negative,Ductal/NST,Yes,Post,3,Right,1.0,4.0,4.02,IDC,164.3333333,Living,Positive,Yes,162.17,Not Recurred,Female,ER+/HER2- High Prolif,10.0,2.0,Living
MB-0020,70,Mastectomy,Breast Cancer,Breast Invasive Lobular Carcinoma,High,Yes,Normal,1.0,Negative,Negative,3,Neutral,Negative,Lobular,No,Post,3,Left,1.0,4.0,6.13,ILC,22.4,Deceased,Negative,Yes,11.74,Recurred,Female,ER+/HER2- High Prolif,65.0,3.0,Died of Disease
MB-0022,89,Breast Conserving,Breast Cancer,Breast Mixed Ductal and Lobular Carcinoma,Moderate,No,claudin-low,1.0,Positve,Positive,2,Neutral,Negative,Mixed,Yes,Post,3,Left,1.0,1.0,4.058,MDLC,99.53333333,Deceased,Negative,Yes,98.22,Not Recurred,Female,ER+/HER2- High Prolif,29.0,2.0,Died of Other Causes
MB-0025,76,Mastectomy,Breast Cancer,Breast Invasive Ductal Carcinoma,High,No,LumB,1.0,Positve,Positive,3,Neutral,Negative,Ductal/NST,Yes,Post,3,Left,11.0,5.0,6.68,IDC,99.53333333,Deceased,Negative,Yes,126.32,Recurred,Female,ER+/HER2- High Prolif,34.0,2.0,Died of Other Causes
MB-0028,86,Breast Conserving,Breast Cancer,Breast Invasive Ductal Carcinoma,Moderate,No,LumB,1.0,Positve,Positive,3,Gain,Negative,Ductal/NST,Yes,Post,9,Right,1.0,4.0,5.032,IDC,36.56666667,Deceased,Negative,Yes,36.09,Not Recurred,Female,ER+/HER2- High Prolif,16.0,2.0,Died of Other Causes
MB-0035,84,Mastectomy,Breast Cancer,Breast Invasive Lobular Carcinoma,High,No,Her2,1.0,Negative,Positive,2,Loss,Negative,Lobular,No,Post,3,Left,0.0,5.0,3.056,ILC,36.26666667,Deceased,Negative,No,35.79,Recurred,Female,ER+/HER2- High Prolif,28.0,2.0,Died of Disease
MB-0036,85,Mastectomy,Breast Cancer,Breast Invasive Ductal Carcinoma,Moderate,No,LumA,1.0,Positve,Positive,2,Neutral,Negative,Ductal/NST,Yes,Post,3,Left,0.0,1.0,3.044,IDC,132.0333333,Deceased,Positive,Yes,123.32,Recurred,Female,ER+/HER2- High Prolif,22.0,4.0,Died of Disease
MB-0039,70,Breast Conserving,Breast Cancer,Breast Invasive Ductal Carcinoma,High,No,LumB,1.0,Positve,Positive,1,Gain,Negative,Ductal/NST,Yes,Post,3,Left,0.0,3.0,2.042,IDC,163.5333333,Living,Positive,Yes,161.38,Not Recurred,Female,ER+/HER2- High Prolif,21.0,1.0,Living
MB-0045,45,Mastectomy,Breast Cancer,Breast Invasive Ductal Carcinoma,High,Yes,claudin-low,1.0,Negative,Negative,3,Neutral,Negative,Ductal/NST,No,Pre,3,Right,3.0,3.0,5.038,IDC,164.9,Living,Positive,Yes,105.99,Recurred,Female,ER+/HER2- High Prolif,19.0,2.0,Living
MB-0046,83,Mastectomy,Breast Cancer,Breast Invasive Ductal Carcinoma,High,No,LumA,1.0,Positve,Positive,3,Gain,Positive,Ductal/NST,Yes,Post,5,Left,24.0,2.0,6.072,IDC,14.13333333,Deceased,Positive,Yes,13.36,Recurred,Female,ER+/HER2- High Prolif,36.0,2.0,Died of Other Causes
MB-0048,51,Breast Conserving,Breast Cancer,Breast Invasive Ductal Carcinoma,Low,Yes,claudin-low,1.0,Positve,Positive,2,Gain,Positive,Ductal/NST,Yes,Post,5,Left,1.0,2.0,4.05,IDC,103.8333333,Living,Positive,Yes,102.47,Not Recurred,Female,ER+/HER2- High Prolif,25.0,2.0,Living
MB-0050,44,Breast Conserving,Breast Cancer,Breast Mixed Ductal and Lobular Carcinoma,Moderate,Yes,Normal,1.0,Positve,Positive,2,Neutral,Negative,Mixed,Yes,Pre,8,Right,3.0,2.0,4.066,MDLC,75.33333333,Living,Positive,Yes,74.34,Not Recurred,Female,ER+/HER2- High Prolif,33.0,2.0,Living
MB-0053,70,Breast Conserving,Breast Cancer,Breast Invasive Ductal Carcinoma,High,No,LumB,1.0,Positve,Positive,2,Neutral,Negative,Ductal/NST,Yes,Post,7,Right,0.0,2.0,3.046,IDC,161.0666667,Living,Negative,Yes,158.95,Not Recurred,Female,ER+/HER2- High Prolif,23.0,2.0,Living
MB-0054,66,Mastectomy,Breast Cancer,Breast Invasive Ductal Carcinoma,Moderate,No,LumB,1.0,Positve,Positive,3,Gain,Negative,Ductal/NST,Yes,Post,10,Right,0.0,3.0,4.072,IDC,160.3,Living,Positive,Yes,119.84,Recurred,Female,ER+/HER2- High Prolif,36.0,2.0,Living
MB-0056,62,Mastectomy,Breast Cancer,Breast Mixed Ductal and Lobular Carcinoma,High,No,LumB,1.0,Positve,Positive,2,Neutral,Negative,Mixed,Yes,Post,1,Right,0.0,3.0,3.058,MDLC,62.86666667,Living,Positive,No,62.04,Not Recurred,Female,ER+/HER2- High Prolif,29.0,1.0,Living
MB-0059,75,Mastectomy,Breast Cancer,Breast Invasive Ductal Carcinoma,High,No,LumA,1.0,Positve,Positive,3,Neutral,Negative,Ductal/NST,Yes,Post,8,Left,0.0,4.0,4.034,IDC,160.9,Living,Positive,Yes,158.78,Not Recurred,Female,ER+/HER2- High Prolif,17.0,1.0,Living
MB-0060,45,Breast Conserving,Breast Cancer,Breast Invasive Ductal Carcinoma,High,Yes,LumB,1.0,Positve,Positive,3,Neutral,Negative,Ductal/NST,Yes,Pre,10,Right,0.0,5.0,4.046,IDC,140.8666667,Living,Positive,Yes,139.01,Not Recurred,Female,ER+/HER2- High Prolif,23.0,2.0,Living
MB-0062,52,Mastectomy,Breast Cancer,Breast Invasive Ductal Carcinoma,High,Yes,Basal,1.0,Negative,Negative,3,Neutral,Negative,Ductal/NST,No,Post,10,Right,0.0,3.0,4.034,IDC,153.9666667,Living,Negative,Yes,151.94,Not Recurred,Female,ER+/HER2- High Prolif,17.0,1.0,Living
MB-0064,69,Breast Conserving,Breast Cancer,Breast Invasive Ductal Carcinoma,Moderate,No,LumB,1.0,Positve,Positive,2,Gain,Negative,Ductal/NST,Yes,Post,3,Right,0.0,3.0,3.036,IDC,108.9333333,Living,Positive,No,107.5,Not Recurred,Female,ER+/HER2- High Prolif,18.0,1.0,Living
MB-0066,61,Breast Conserving,Breast Cancer,Breast Invasive Ductal Carcinoma,High,No,LumB,1.0,Positve,Positive,2,Neutral,Negative,Ductal/NST,Yes,Post,7,Left,1.0,3.0,4.032,IDC,157.4333333,Living,Positive,Yes,155.36,Not Recurred,Female,ER+/HER2- High Prolif,16.0,2.0,Living
MB-0068,51,Breast Conserving,Breast Cancer,Breast Invasive Ductal Carcinoma,High,No,LumA,1.0,Positve,Positive,1,Loss,Negative,Tubular/ cribriform,Yes,Post,3,Left,1.0,2.0,3.024,IDC,103.1333333,Living,Positive,Yes,101.78,Not Recurred,Female,ER+/HER2- High Prolif,12.0,2.0,Living
MB-0071,68,Mastectomy,Breast Cancer,Invasive Breast Carcinoma,High,No,LumB,1.0,Positve,Positive,2,Neutral,Negative,Tubular/ cribriform,Yes,Post,8,Left,1.0,2.0,4.1,BRCA,131.0,Deceased,Negative,Yes,129.28,Not Recurred,Female,ER+/HER2- High Prolif,50.0,2.0,Died of Other Causes
MB-0079,50,Mastectomy,Breast Cancer,Breast Invasive Ductal Carcinoma,High,Yes,Her2,1.0,Negative,Negative,3,Neutral,Negative,Ductal/NST,No,Post,10,Right,4.0,4.0,6.08,IDC,28.5,Deceased,Negative,Yes,26.28,Recurred,Female,ER+/HER2- High Prolif,40.0,2.0,Died of Disease
MB-0081,49,Breast Conserving,Breast Cancer,Breast Invasive Ductal Carcinoma,Moderate,No,claudin-low,1.0,Positve,Positive,2,Neutral,Negative,Ductal/NST,Yes,Pre,3,Right,0.0,4.0,3.048,IDC,69.5,Living,Positive,Yes,68.59,Not Recurred,Female,ER+/HER2- High Prolif,24.0,2.0,Living
MB-0083,64,Breast Conserving,Breast Cancer,Breast Invasive Lobular Carcinoma,Moderate,No,LumB,1.0,Positve,Positive,2,Neutral,Negative,Lobular,Yes,Post,2,Right,0.0,2.0,3.026,ILC,86.06666667,Deceased,Positive,Yes,84.93,Recurred,Female,ER+/HER2- High Prolif,13.0,1.0,Died of Disease
MB-0093,43,Breast Conserving,Breast Cancer,Breast Mixed Ductal and Lobular Carcinoma,High,No,LumB,1.0,Positve,Positive,3,Neutral,Negative,Mixed,Yes,Pre,3,Left,1.0,4.0,5.028,MDLC,153.2,Living,Positive,Yes,151.18,Not Recurred,Female,ER+/HER2- High Prolif,14.0,2.0,Living
MB-0095,80,Mastectomy,Breast Cancer,Breast Invasive Ductal Carcinoma,High,No,LumB,1.0,Positve,Positive,2,Neutral,Negative,Ductal/NST,Yes,Post,8,Left,1.0,3.0,4.11,IDC,49.76666667,Deceased,Positive,Yes,49.11,Not Recurred,Female,ER+/HER2- High Prolif,55.0,3.0,Died of Other Causes
MB-0097,78,Mastectomy,Breast Cancer,Breast Invasive Ductal Carcinoma,High,No,LumA,1.0,Positve,Positive,3,Neutral,Negative,Ductal/NST,Yes,Post,8,Left,3.0,2.0,5.06,IDC,98.7,Living,Positive,Yes,97.4,Not Recurred,Female,ER+/HER2- High Prolif,30.0,2.0,Living
MB-0099,51,Breast Conserving,Breast Cancer,Breast Invasive Ductal Carcinoma,Moderate,Yes,LumB,1.0,Positve,Positive,2,Loss,Negative,Ductal/NST,Yes,Post,8,Right,3.0,2.0,3.042,IDC,132.1,Deceased,Positive,Yes,80.43,Recurred,Female,ER+/HER2- High Prolif,21.0,2.0,Died of Disease
MB-0100,68,Mastectomy,Breast Cancer,Breast Invasive Ductal Carcinoma,Low,Yes,Basal,1.0,Negative,Negative,3,Neutral,Negative,Ductal/NST,No,Post,10,Right,0.0,1.0,4.078,IDC,8.066666667,Deceased,Negative,Yes,7.83,Recurred,Female,ER+/HER2- High Prolif,39.0,2.0,Died of Disease
MB-0101,46,Mastectomy,Breast Cancer,Breast Invasive Lobular Carcinoma,Moderate,No,Normal,1.0,Positve,Positive,2,Neutral,Negative,Lobular,Yes,Pre,8,Right,0.0,3.0,3.068,ILC,148.0333333,Living,Positive,Yes,33.72,Recurred,Female,ER+/HER2- Low Prolif,34.0,2.0,Living
MB-0102,51,Mastectomy,Breast Cancer,Breast Invasive Lobular Carcinoma,High,Yes,LumB,1.0,Positve,Positive,2,Neutral,Negative,Lobular,Yes,Post,3,Right,16.0,4.0,5.08,ILC,140.7666667,Deceased,Positive,Yes,100.66,Recurred,Female,ER+/HER2- High Prolif,40.0,2.0,Died of Disease
MB-0106,49,Mastectomy,Breast Cancer,Breast Invasive Ductal Carcinoma,Moderate,Yes,LumA,1.0,Positve,Positive,1,Neutral,Negative,Ductal/NST,Yes,Pre,8,Left,5.0,4.0,4.14,IDC,85.33333333,Living,Positive,Yes,84.21,Not Recurred,Female,ER+/HER2- Low Prolif,70.0,3.0,Living
MB-0107,65,Mastectomy,Breast Cancer,Breast Invasive Ductal Carcinoma,Moderate,No,LumB,1.0,Positve,Positive,3,Neutral,Negative,Ductal/NST,Yes,Post,1,Right,0.0,4.0,4.036,IDC,158.0333333,Living,Positive,No,155.95,Not Recurred,Female,ER+/HER2- Low Prolif,18.0,2.0,Living
MB-0108,43,Breast Conserving,Breast Cancer,Breast Invasive Ductal Carcinoma,Low,Yes,claudin-low,1.0,Positve,Positive,3,Neutral,Negative,Ductal/NST,Yes,Pre,1,Right,0.0,2.0,4.036,IDC,42.7,Deceased,Negative,Yes,22.7,Recurred,Female,ER+/HER2- Low Prolif,18.0,1.0,Died of Disease
MB-0110,45,Breast Conserving,Breast Cancer,Invasive Breast Carcinoma,Low,No,claudin-low,1.0,Positve,Negative,3,Neutral,Negative,Ductal/NST,No,Pre,3,Left,0.0,7.0,2.14,BRCA,157.5,Living,Negative,No,12.17,Recurred,Female,ER+/HER2- High Prolif,70.0,0.0,Living
MB-0111,54,Mastectomy,Breast Cancer,Breast Invasive Ductal Carcinoma,High,No,LumA,1.0,Positve,Positive,1,Neutral,Negative,Ductal/NST,Yes,Post,3,Right,0.0,4.0,2.054,IDC,127.1,Living,Positive,No,125.43,Not Recurred,Female,ER+/HER2- Low Prolif,27.0,2.0,Living
MB-0112,83,Mastectomy,Breast Cancer,Breast Invasive Lobular Carcinoma,High,No,LumA,1.0,Positve,Positive,3,Neutral,Negative,Lobular,Yes,Post,3,Right,14.0,8.0,6.3,ILC,39.16666667,Deceased,Negative,Yes,25.13,Recurred,Female,ER+/HER2- Low Prolif,150.0,3.0,Died of Disease
MB-0114,48,Mastectomy,Breast Cancer,Breast Invasive Ductal Carcinoma,Low,No,LumA,1.0,Positve,Positive,2,Neutral,Negative,Ductal/NST,Yes,Pre,8,Left,0.0,3.0,3.06,IDC,13.4,Living,Positive,No,13.22,Not Recurred,Female,ER+/HER2- High Prolif,30.0,2.0,Living
MB-0115,39,Mastectomy,Breast Cancer,Breast Invasive Ductal Carcinoma,Moderate,Yes,Basal,1.0,Negative,Negative,3,Neutral,Negative,Ductal/NST,No,Pre,10,Left,0.0,5.0,4.05,IDC,66.73333333,Deceased,Negative,Yes,31.74,Recurred,Female,ER+/HER2- High Prolif,25.0,2.0,Died of Disease
MB-0116,42,Mastectomy,Breast Cancer,Breast Invasive Lobular Carcinoma,Moderate,Yes,Normal,1.0,Positve,Positive,2,Neutral,Negative,Lobular,Yes,Pre,6,Right,1.0,2.0,4.12,ILC,122.2666667,Living,Positive,Yes,120.66,Not Recurred,Female,ER+/HER2- High Prolif,60.0,3.0,Living
MB-0117,60,Breast Conserving,Breast Cancer,Breast Mixed Ductal and Lobular Carcinoma,Moderate,No,LumA,1.0,Positve,Positive,2,Neutral,Negative,Mixed,Yes,Post,1,Right,1.0,2.0,4.046,MDLC,2.4,Living,Negative,Yes,2.37,Not Recurred,Female,ER+/HER2- Low Prolif,23.0,2.0,Living
MB-0119,82,Mastectomy,Breast Cancer,Breast Invasive Ductal Carcinoma,High,No,LumB,1.0,Positve,Positive,2,Gain,Negative,Ductal/NST,Yes,Post,7,Left,1.0,2.0,4.046,IDC,95.86666667,Deceased,Negative,Yes,94.61,Recurred,Female,ER+/HER2- High Prolif,23.0,2.0,Died of Disease
MB-0120,72,Mastectomy,Breast Cancer,Breast Invasive Ductal Carcinoma,Moderate,No,LumB,1.0,Positve,Positive,3,Gain,Positive,Ductal/NST,Yes,Post,9,Left,1.0,3.0,5.052,IDC,29.06666667,Deceased,Negative,Yes,28.68,Recurred,Female,ER+/HER2- High Prolif,26.0,2.0,Died of Disease
MB-0121,78,Mastectomy,Breast Cancer,Breast Invasive Ductal Carcinoma,Moderate,No,LumA,1.0,Positve,Positive,2,Neutral,Negative,Ductal/NST,Yes,Post,8,Left,6.0,4.0,5.06,IDC,152.2,Living,Negative,Yes,150.2,Not Recurred,Female,ER+/HER2- Low Prolif,30.0,2.0,Living
MB-0122,58,Breast Conserving,Breast Cancer,Breast Invasive Ductal Carcinoma,Moderate,No,LumA,1.0,Positve,Positive,1,Neutral,Negative,Ductal/NST,Yes,Post,8,Right,1.0,5.0,3.04,IDC,138.9,Living,Positive,Yes,137.07,Not Recurred,Female,ER+/HER2- Low Prolif,20.0,2.0,Living
MB-0123,76,Mastectomy,Breast Cancer,Breast Invasive Ductal Carcinoma,Moderate,No,LumB,1.0,Positve,Positive,3,Neutral,Negative,Ductal/NST,Yes,Post,1,Right,0.0,8.0,4.05,IDC,114.2333333,Deceased,Positive,No,25.86,Recurred,Female,ER+/HER2- High Prolif,25.0,2.0,Died of Other Causes
MB-0124,43,Breast Conserving,Breast Cancer,Breast Mixed Ductal and Lobular Carcinoma,Low,Yes,LumA,1.0,Positve,Positive,2,Neutral,Negative,Mixed,Yes,Pre,8,Left,2.0,1.0,4.1,MDLC,118.2,Living,Positive,Yes,116.64,Not Recurred,Female,ER+/HER2- Low Prolif,50.0,3.0,Living
MB-0125,73,Breast Conserving,Breast Cancer,Breast Mixed Ductal and Lobular Carcinoma,Low,No,LumB,1.0,Positve,Positive,1,Neutral,Negative,Mixed,Yes,Post,8,Right,0.0,3.0,2.018,MDLC,1.266666667,Living,Positive,No,1.25,Not Recurred,Female,ER+/HER2- Low Prolif,9.0,2.0,Living
MB-0126,61,Mastectomy,Breast Cancer,Breast Invasive Ductal Carcinoma,Moderate,No,LumA,1.0,Positve,Positive,2,Neutral,Negative,Ductal/NST,Yes,Post,8,Right,0.0,3.0,3.07,IDC,127.6333333,Living,Positive,Yes,41.18,Recurred,Female,ER+/HER2- Low Prolif,35.0,2.0,Living
MB-0128,57,Breast Conserving,Breast Cancer,Breast Invasive Ductal Carcinoma,Low,No,claudin-low,1.0,Positve,Positive,2,Neutral,Negative,Ductal/NST,Yes,Post,3,Left,0.0,4.0,3.028,IDC,137.8,Living,Positive,Yes,135.99,Not Recurred,Female,ER+/HER2- Low Prolif,14.0,1.0,Living
MB-0129,63,Mastectomy,Breast Cancer,Breast Invasive Ductal Carcinoma,Low,Yes,Her2,1.0,Negative,Negative,3,Gain,Positive,Ductal/NST,No,Post,5,Right,4.0,4.0,6.048,IDC,38.56666667,Deceased,Negative,Yes,38.06,Not Recurred,Female,ER+/HER2- Low Prolif,24.0,2.0,Died of Other Causes
MB-0130,56,Mastectomy,Breast Cancer,Breast Invasive Ductal Carcinoma,Low,No,LumA,1.0,Positve,Positive,1,Gain,Positive,Ductal/NST,Yes,Post,5,Left,0.0,4.0,2.034,IDC,153.5666667,Living,Negative,No,151.55,Not Recurred,Female,ER+/HER2- Low Prolif,17.0,1.0,Living
MB-0131,69,Mastectomy,Breast Cancer,Breast Invasive Ductal Carcinoma,Moderate,Yes,LumA,1.0,Positve,Positive,3,Neutral,Negative,Ductal/NST,Yes,Post,8,Left,0.0,5.0,4.078,IDC,66.63333333,Deceased,Negative,Yes,63.59,Recurred,Female,ER+/HER2- High Prolif,39.0,2.0,Died of Disease
MB-0133,58,Breast Conserving,Breast Cancer,Breast Mixed Ductal and Lobular Carcinoma,Moderate,Yes,LumA,1.0,Positve,Positive,1,Neutral,Negative,Mixed,Yes,Post,8,Left,1.0,3.0,3.16,MDLC,151.0,Living,Negative,Yes,149.01,Not Recurred,Female,ER+/HER2- Low Prolif,80.0,2.0,Living
MB-0134,73,Mastectomy,Breast Cancer,Breast Invasive Ductal Carcinoma,High,No,LumB,1.0,Positve,Positive,3,Neutral,Negative,Ductal/NST,Yes,Post,8,Left,3.0,1.0,5.044,IDC,12.93333333,Deceased,Negative,Yes,11.71,Recurred,Female,ER+/HER2- High Prolif,22.0,2.0,Died of Disease
MB-0135,74,Mastectomy,Breast Cancer,Breast Invasive Ductal Carcinoma,Moderate,No,LumB,1.0,Positve,Positive,3,Neutral,Negative,Ductal/NST,Yes,Post,2,Left,1.0,1.0,5.07,IDC,116.6333333,Living,Positive,Yes,115.1,Not Recurred,Female,ER+/HER2- High Prolif,35.0,2.0,Living
MB-0136,72,Breast Conserving,Breast Cancer,Breast Invasive Ductal Carcinoma,High,No,LumA,1.0,Positve,Positive,2,Neutral,Negative,Ductal/NST,Yes,Post,3,Right,0.0,2.0,3.026,IDC,88.2,Living,Positive,No,87.04,Not Recurred,Female,ER+/HER2- Low Prolif,13.0,1.0,Living
MB-0138,51,Breast Conserving,Breast Cancer,Breast Invasive Ductal Carcinoma,Moderate,No,LumA,1.0,Positve,Positive,2,Loss,Negative,Ductal/NST,Yes,Post,3,Left,0.0,2.0,3.036,IDC,150.5666667,Living,Positive,No,148.59,Not Recurred,Female,ER+/HER2- Low Prolif,18.0,1.0,Living
MB-0139,47,Breast Conserving,Breast Cancer,Breast Invasive Lobular Carcinoma,Moderate,No,LumA,1.0,Positve,Positive,2,Neutral,Negative,Lobular,Yes,Pre,3,Right,1.0,1.0,4.06,ILC,109.2,Living,Positive,Yes,107.76,Not Recurred,Female,ER+/HER2- Low Prolif,30.0,2.0,Living
MB-0140,74,Breast Conserving,Breast Cancer,Breast Invasive Ductal Carcinoma,High,No,LumB,1.0,Positve,Positive,2,Neutral,Negative,Ductal/NST,Yes,Post,8,Right,1.0,1.0,4.054,IDC,147.9333333,Living,Negative,Yes,145.99,Not Recurred,Female,ER+/HER2- High Prolif,27.0,2.0,Living
MB-0142,57,Mastectomy,Breast Cancer,Breast Mixed Ductal and Lobular Carcinoma,Moderate,No,LumA,1.0,Positve,Positive,2,Loss,Negative,Mixed,No,Post,1,Right,0.0,1.0,3.032,MDLC,12.4,Living,Positive,No,12.24,Not Recurred,Female,ER+/HER2- Low Prolif,16.0,1.0,Living
MB-0143,85,Breast Conserving,Breast Cancer,Breast Invasive Ductal Carcinoma,High,No,LumA,1.0,Positve,Positive,3,Neutral,Negative,Ductal/NST,Yes,Post,9,Right,2.0,7.0,5.044,IDC,54.33333333,Deceased,Negative,Yes,53.62,Not Recurred,Female,ER+/HER2- High Prolif,22.0,2.0,Died of Other Causes
MB-0144,79,Breast Conserving,Breast Cancer,Breast Invasive Ductal Carcinoma,High,No,LumB,1.0,Positve,Positive,3,Neutral,Negative,Ductal/NST,Yes,Post,8,Left,6.0,5.0,6.052,IDC,152.0666667,Deceased,Positive,Yes,116.38,Recurred,Female,ER+/HER2- Low Prolif,26.0,2.0,Died of Disease
MB-0145,62,Breast Conserving,Breast Cancer,Breast Invasive Lobular Carcinoma,Moderate,No,LumA,1.0,Positve,Positive,2,Neutral,Negative,Lobular,Yes,Post,3,Left,0.0,2.0,3.04,ILC,147.6666667,Living,Positive,Yes,145.72,Not Recurred,Female,ER+/HER2- Low Prolif,20.0,1.0,Living
MB-0146,81,Breast Conserving,Breast Cancer,Breast Invasive Ductal Carcinoma,High,No,LumB,1.0,Positve,Positive,3,Loss,Negative,Ductal/NST,Yes,Post,1,Left,2.0,2.0,5.044,IDC,122.1666667,Deceased,Negative,Yes,120.56,Not Recurred,Female,ER+/HER2- High Prolif,22.0,2.0,Died of Other Causes
MB-0147,79,Mastectomy,Breast Cancer,Breast Invasive Lobular Carcinoma,High,No,LumA,1.0,Positve,Positive,2,Neutral,Negative,Lobular,Yes,Post,2,Right,9.0,2.0,5.076,ILC,51.76666667,Deceased,Positive,Yes,50.59,Recurred,Female,ER+/HER2- High Prolif,38.0,2.0,Died of Disease
MB-0148,53,Mastectomy,Breast Cancer,Breast Invasive Ductal Carcinoma,High,No,Her2,1.0,Negative,Negative,3,Gain,Positive,Ductal/NST,No,Post,5,Left,0.0,3.0,4.038,IDC,1.766666667,Living,Negative,No,1.74,Not Recurred,Female,ER+/HER2- High Prolif,19.0,1.0,Living
MB-0149,77,Breast Conserving,Breast Cancer,Breast Invasive Ductal Carcinoma,Low,No,Basal,1.0,Negative,Negative,3,Loss,Negative,Ductal/NST,No,Post,10,Right,0.0,2.0,4.078,IDC,51.7,Deceased,Negative,Yes,51.02,Not Recurred,Female,ER+/HER2- High Prolif,39.0,2.0,Died of Other Causes
MB-0150,70,Mastectomy,Breast Cancer,Breast Invasive Ductal Carcinoma,High,No,Basal,1.0,Positve,Positive,2,Neutral,Negative,Ductal/NST,Yes,Post,10,Left,0.0,11.0,3.04,IDC,111.2,Living,Negative,No,109.74,Not Recurred,Female,ER+/HER2- High Prolif,20.0,2.0,Living
MB-0151,67,Mastectomy,Breast Cancer,Breast Invasive Ductal Carcinoma,Moderate,No,LumB,1.0,Positve,Positive,3,Neutral,Negative,Ductal/NST,Yes,Post,2,Left,6.0,1.0,6.1,IDC,49.23333333,Deceased,Positive,Yes,47.99,Recurred,Female,ER+/HER2- High Prolif,50.0,3.0,Died of Disease
MB-0152,63,Mastectomy,Breast Cancer,Breast Invasive Ductal Carcinoma,High,No,Her2,1.0,Negative,Negative,3,Gain,Positive,Ductal/NST,No,Post,2,Right,0.0,8.0,4.024,IDC,63.03333333,Living,Negative,No,62.2,Not Recurred,Female,ER+/HER2- High Prolif,12.0,1.0,Living
MB-0153,67,Mastectomy,Breast Cancer,Invasive Breast Carcinoma,High,No,claudin-low,1.0,Negative,Negative,3,Neutral,Negative,Ductal/NST,No,Post,2,Left,0.0,8.0,1.056,BRCA,148.5666667,Living,Negative,No,146.61,Not Recurred,Female,ER+/HER2- High Prolif,28.0,1.0,Living
MB-0154,62,Mastectomy,Breast Cancer,Breast Invasive Ductal Carcinoma,Moderate,No,LumA,1.0,Positve,Positive,2,Neutral,Negative,Ductal/NST,Yes,Post,2,Right,0.0,2.0,3.024,IDC,114.7666667,Living,Negative,No,113.26,Not Recurred,Female,ER+/HER2- Low Prolif,12.0,1.0,Living
MB-0155,62,Breast Conserving,Breast Cancer,Breast Invasive Ductal Carcinoma,Moderate,No,claudin-low,1.0,Positve,Positive,1,Neutral,Negative,Ductal/NST,Yes,Post,2,Left,0.0,2.0,2.018,IDC,59.8,Living,Negative,Yes,59.01,Not Recurred,Female,ER+/HER2- Low Prolif,9.0,1.0,Living
MB-0156,60,Breast Conserving,Breast Cancer,Invasive Breast Carcinoma,Low,No,claudin-low,1.0,Positve,Positive,1,Neutral,Negative,Ductal/NST,No,Post,2,Left,0.0,2.0,2.004,BRCA,2.866666667,Living,Negative,No,2.83,Not Recurred,Female,ER+/HER2- Low Prolif,2.0,0.0,Living
MB-0157,71,Breast Conserving,Breast Cancer,Breast Invasive Ductal Carcinoma,Moderate,No,claudin-low,1.0,Negative,Negative,3,Neutral,Negative,Ductal/NST,No,Post,2,Left,0.0,1.0,4.06,IDC,114.7666667,Living,Negative,Yes,113.26,Not Recurred,Female,ER+/HER2- Low Prolif,30.0,2.0,Living
MB-0158,50,Mastectomy,Breast Cancer,Breast Invasive Ductal Carcinoma,Moderate,Yes,Basal,1.0,Negative,Negative,3,Neutral,Negative,Ductal/NST,Yes,Post,10,Left,0.0,1.0,4.044,IDC,192.3,Living,Negative,No,40.2,Recurred,Female,ER+/HER2- Low Prolif,22.0,2.0,Living
MB-0159,51,Mastectomy,Breast Cancer,Invasive Breast Carcinoma,Low,No,Basal,1.0,Negative,Negative,3,Gain,Positive,Ductal/NST,No,Post,5,Left,0.0,1.0,2.046,BRCA,75.3,Living,Negative,No,74.31,Not Recurred,Female,ER+/HER2- Low Prolif,23.0,0.0,Living
MB-0160,36,Breast Conserving,Breast Cancer,Invasive Breast Carcinoma,Low,No,Normal,1.0,Negative,Negative,3,Neutral,Negative,Ductal/NST,No,Pre,5,Right,0.0,1.0,1.046,BRCA,143.5333333,Living,Positive,No,141.64,Not Recurred,Female,ER+/HER2- Low Prolif,23.0,0.0,Living
MB-0162,57,Breast Conserving,Breast Cancer,Breast Mixed Ductal and Lobular Carcinoma,High,No,LumA,1.0,Positve,Positive,2,Neutral,Negative,Mixed,Yes,Post,7,Left,1.0,5.0,4.028,MDLC,55.76666667,Living,Positive,Yes,55.03,Not Recurred,Female,ER+/HER2- Low Prolif,14.0,2.0,Living
MB-0163,84,Breast Conserving,Breast Cancer,Breast Invasive Ductal Carcinoma,High,No,Basal,1.0,Negative,Negative,3,Neutral,Negative,Ductal/NST,No,Post,10,Left,1.0,14.0,5.054,IDC,98.1,Deceased,Negative,No,96.81,Not Recurred,Female,ER+/HER2- Low Prolif,27.0,2.0,Died of Other Causes
MB-0164,37,Mastectomy,Breast Cancer,Breast Invasive Ductal Carcinoma,High,Yes,claudin-low,1.0,Negative,Negative,3,Neutral,Negative,Ductal/NST,No,Pre,10,Left,0.0,4.0,4.032,IDC,10.83333333,Living,Negative,Yes,10.69,Not Recurred,Female,ER+/HER2- Low Prolif,16.0,2.0,Living
MB-0165,53,Mastectomy,Breast Cancer,Breast Invasive Ductal Carcinoma,Moderate,Yes,LumA,1.0,Positve,Positive,3,Gain,Positive,Ductal/NST,Yes,Post,5,Left,22.0,2.0,6.104,IDC,47.63333333,Deceased,Negative,Yes,32.14,Recurred,Female,ER+/HER2- Low Prolif,52.0,3.0,Died of Disease
MB-0166,44,Breast Conserving,Breast Cancer,Breast Invasive Ductal Carcinoma,Moderate,Yes,LumA,1.0,Positve,Positive,3,Neutral,Negative,Ductal/NST,Yes,Pre,5,Right,3.0,2.0,5.048,IDC,104.4,Living,Positive,Yes,103.03,Not Recurred,Female,ER+/HER2- Low Prolif,24.0,2.0,Living
MB-0167,76,Mastectomy,Breast Cancer,Breast Invasive Ductal Carcinoma,High,No,LumB,1.0,Positve,Positive,3,Neutral,Negative,Ductal/NST,Yes,Post,9,Right,2.0,9.0,5.076,IDC,43.1,Deceased,Positive,Yes,40.3,Recurred,Female,ER+/HER2- High Prolif,38.0,2.0,Died of Disease
MB-0168,60,Breast Conserving,Breast Cancer,Breast Invasive Ductal Carcinoma,Low,No,claudin-low,1.0,Positve,Positive,3,Neutral,Negative,Ductal/NST,Yes,Post,9,Left,2.0,1.0,4.034,IDC,122.7666667,Living,Negative,Yes,121.15,Not Recurred,Female,ER+/HER2- Low Prolif,17.0,1.0,Living
MB-0169,79,Breast Conserving,Breast Cancer,Breast Invasive Lobular Carcinoma,Low,No,Normal,1.0,Positve,Positive,2,Neutral,Negative,Lobular,Yes,Post,9,Left,2.0,0.0,3.078,ILC,145.4333333,Deceased,Positive,No,143.52,Not Recurred,Female,ER+/HER2- Low Prolif,39.0,2.0,Died of Other Causes
MB-0170,83,Mastectomy,Breast Cancer,Breast Invasive Ductal Carcinoma,Low,No,LumA,1.0,Positve,Positive,1,Neutral,Negative,Tubular/ cribriform,Yes,Post,3,Left,1.0,3.0,3.052,IDC,93.36666667,Deceased,Negative,Yes,92.14,Not Recurred,Female,ER+/HER2- Low Prolif,26.0,2.0,Died of Other Causes
MB-0171,64,Mastectomy,Breast Cancer,Breast Mixed Ductal and Lobular Carcinoma,Moderate,No,Normal,1.0,Positve,Positive,3,Neutral,Negative,Mixed,Yes,Post,3,Right,0.0,4.0,4.054,MDLC,5.433333333,Living,Negative,Yes,5.36,Not Recurred,Female,ER+/HER2- Low Prolif,27.0,2.0,Living
MB-0172,48,Mastectomy,Breast Cancer,Breast Invasive Ductal Carcinoma,Low,Yes,LumA,1.0,Positve,Positive,2,Neutral,Negative,Ductal/NST,Yes,Pre,3,Right,1.0,7.0,4.04,IDC,138.1,Living,Positive,Yes,136.28,Not Recurred,Female,ER+/HER2- Low Prolif,20.0,2.0,Living
MB-0173,83,Mastectomy,Breast Cancer,Breast Invasive Ductal Carcinoma,High,No,LumB,1.0,Positve,Positive,3,Loss,Negative,Ductal/NST,Yes,Post,7,Right,4.0,3.0,6.088,IDC,3.766666667,Living,Positive,Yes,3.72,Not Recurred,Female,ER+/HER2- High Prolif,44.0,2.0,Living
MB-0174,59,Breast Conserving,Breast Cancer,Breast Invasive Ductal Carcinoma,Low,Yes,claudin-low,1.0,Negative,Negative,3,Neutral,Negative,Ductal/NST,No,Post,7,Left,0.0,2.0,4.048,IDC,78.76666667,Living,Negative,Yes,77.73,Not Recurred,Female,ER+/HER2- High Prolif,24.0,2.0,Living
MB-0175,69,Mastectomy,Breast Cancer,Breast Invasive Ductal Carcinoma,Low,No,LumA,1.0,Positve,Positive,1,Loss,Negative,Tubular/ cribriform,Yes,Post,6,Right,0.0,2.0,2.04,IDC,72.36666667,Living,Negative,No,71.41,Not Recurred,Female,ER+/HER2- Low Prolif,20.0,1.0,Living
MB-0176,38,Mastectomy,Breast Cancer,Breast Invasive Ductal Carcinoma,Moderate,Yes,LumA,1.0,Positve,Positive,3,Neutral,Negative,Ductal/NST,Yes,Pre,1,Right,7.0,1.0,6.072,IDC,113.4333333,Living,Positive,Yes,77.53,Recurred,Female,ER+/HER2- High Prolif,36.0,2.0,Living
MB-0177,85,Mastectomy,Breast Cancer,Breast Mixed Ductal and Lobular Carcinoma,Low,No,LumA,1.0,Positve,Positive,2,Neutral,Negative,Mixed,Yes,Post,6,Left,2.0,3.0,4.088,MDLC,45.6,Deceased,Positive,Yes,45.0,Not Recurred,Female,ER+/HER2- High Prolif,44.0,2.0,Died of Other Causes
MB-0178,74,Breast Conserving,Breast Cancer,Breast Invasive Ductal Carcinoma,High,No,LumB,1.0,Positve,Positive,3,Neutral,Negative,Ductal/NST,Yes,Post,1,Left,0.0,3.0,4.042,IDC,104.4666667,Deceased,Positive,Yes,103.09,Recurred,Female,ER+/HER2- High Prolif,21.0,2.0,Died of Disease
MB-0179,56,Mastectomy,Breast Cancer,Breast Invasive Ductal Carcinoma,Low,Yes,claudin-low,1.0,Negative,Negative,3,Gain,Negative,Ductal/NST,No,Post,1,Right,7.0,3.0,6.068,IDC,17.93333333,Deceased,Negative,Yes,17.7,Recurred,Female,ER+/HER2- High Prolif,34.0,3.0,Died of Disease
MB-0180,51,Breast Conserving,Breast Cancer,Breast Invasive Ductal Carcinoma,Moderate,No,LumA,1.0,Positve,Positive,2,Neutral,Negative,Ductal/NST,Yes,Post,8,Right,0.0,2.0,3.036,IDC,62.33333333,Living,Positive,Yes,61.51,Not Recurred,Female,ER+/HER2- Low Prolif,18.0,1.0,Living
MB-0181,68,Breast Conserving,Breast Cancer,Breast Invasive Ductal Carcinoma,Moderate,No,LumA,1.0,Positve,Positive,2,Neutral,Negative,Ductal/NST,Yes,Post,7,Left,1.0,3.0,4.042,IDC,85.96666667,Living,Positive,Yes,84.84,Not Recurred,Female,ER+/HER2- Low Prolif,21.0,2.0,Living
MB-0184,68,Mastectomy,Breast Cancer,Breast Invasive Mixed Mucinous Carcinoma,Moderate,No,LumA,1.0,Positve,Positive,2,Neutral,Negative,Mucinous,Yes,Post,7,Left,0.0,1.0,3.05,IMMC,109.0333333,Living,Positive,No,107.6,Not Recurred,Female,ER+/HER2- Low Prolif,25.0,2.0,Living
MB-0185,76,Mastectomy,Breast Cancer,Breast Invasive Ductal Carcinoma,Moderate,No,LumB,1.0,Positve,Positive,3,Gain,Negative,Ductal/NST,Yes,Post,9,Right,0.0,1.0,5.1,IDC,43.83333333,Deceased,Positive,Yes,35.72,Recurred,Female,ER+/HER2- High Prolif,50.0,2.0,Died of Disease
MB-0188,82,Mastectomy,Breast Cancer,Breast Invasive Lobular Carcinoma,High,Yes,Her2,1.0,Positve,Negative,2,Neutral,Negative,Lobular,No,Post,3,Right,2.0,7.0,4.09,ILC,31.3,Deceased,Negative,Yes,13.82,Recurred,Female,ER+/HER2- High Prolif,45.0,2.0,Died of Disease
MB-0189,57,Mastectomy,Breast Cancer,Breast Invasive Ductal Carcinoma,Moderate,Yes,Normal,1.0,Positve,Positive,3,Neutral,Negative,Ductal/NST,Yes,Post,6,Right,6.0,2.0,6.096,IDC,9.066666667,Deceased,Negative,Yes,1.32,Recurred,Female,ER+/HER2- High Prolif,48.0,4.0,Died of Disease
MB-0191,81,Breast Conserving,Breast Cancer,Breast Invasive Ductal Carcinoma,High,No,Basal,1.0,Negative,Negative,3,Neutral,Negative,Ductal/NST,No,Post,10,Right,0.0,2.0,4.05,IDC,15.3,Deceased,Negative,Yes,15.1,Not Recurred,Female,ER+/HER2- High Prolif,25.0,2.0,Died of Other Causes
MB-0192,62,Breast Conserving,Breast Cancer,Breast Mixed Ductal and Lobular Carcinoma,Moderate,No,claudin-low,1.0,Positve,Positive,1,Neutral,Negative,Mixed,Yes,Post,10,Right,0.0,2.0,2.026,MDLC,144.6333333,Living,Negative,Yes,142.73,Not Recurred,Female,ER+/HER2- High Prolif,13.0,1.0,Living
MB-0193,51,Mastectomy,Breast Cancer,Breast Invasive Ductal Carcinoma,High,No,LumB,1.0,Positve,Positive,3,Gain,Negative,Ductal/NST,No,Post,3,Left,7.0,1.0,6.038,IDC,19.0,Living,Positive,No,18.75,Not Recurred,Female,ER+/HER2- High Prolif,19.0,1.0,Living
MB-0194,56,Mastectomy,Breast Cancer,Breast Invasive Ductal Carcinoma,High,Yes,LumA,1.0,Positve,Positive,2,Neutral,Negative,Ductal/NST,Yes,Post,3,Right,6.0,5.0,5.042,IDC,91.6,Living,Positive,Yes,90.39,Not Recurred,Female,ER+/HER2- High Prolif,21.0,2.0,Living
MB-0195,75,Mastectomy,Breast Cancer,Breast Invasive Ductal Carcinoma,High,No,LumB,1.0,Positve,Positive,3,Gain,Negative,Ductal/NST,Yes,Post,6,Right,21.0,2.0,6.056,IDC,146.0,Living,Negative,Yes,92.43,Recurred,Female,ER+/HER2- High Prolif,28.0,2.0,Living
MB-0197,50,Mastectomy,Breast Cancer,Breast Invasive Ductal Carcinoma,High,Yes,LumB,1.0,Positve,Positive,3,Neutral,Negative,Ductal/NST,Yes,Post,9,Left,2.0,2.0,5.048,IDC,70.73333333,Living,Positive,Yes,69.8,Not Recurred,Female,ER+/HER2- High Prolif,24.0,2.0,Living
MB-0198,43,Mastectomy,Breast Cancer,Breast Invasive Ductal Carcinoma,High,Yes,LumB,1.0,Positve,Positive,3,Neutral,Negative,Ductal/NST,Yes,Pre,8,Right,4.0,3.0,6.036,IDC,144.7666667,Living,Positive,Yes,142.86,Not Recurred,Female,ER+/HER2- High Prolif,18.0,2.0,Living
MB-0199,57,Breast Conserving,Breast Cancer,Breast Mixed Ductal and Lobular Carcinoma,High,No,LumA,1.0,Positve,Positive,3,Neutral,Negative,Mixed,Yes,Post,3,Right,1.0,1.0,5.038,MDLC,144.4,Living,Positive,Yes,142.5,Not Recurred,Female,ER+/HER2- High Prolif,19.0,2.0,Living
MB-0200,69,Mastectomy,Breast Cancer,Breast Invasive Ductal Carcinoma,Moderate,No,Basal,1.0,Negative,Negative,3,Neutral,Negative,Medullary,No,Post,10,Right,0.0,1.0,4.076,IDC,130.8666667,Deceased,Negative,Yes,129.14,Recurred,Female,ER+/HER2- High Prolif,38.0,2.0,Died of Disease
MB-0201,49,Mastectomy,Breast Cancer,Breast Invasive Ductal Carcinoma,Moderate,Yes,Basal,1.0,Negative,Negative,3,Gain,Positive,Ductal/NST,No,Pre,5,Left,0.0,4.0,4.04,IDC,125.7,Living,Negative,Yes,124.05,Not Recurred,Female,ER+/HER2- High Prolif,20.0,1.0,Living
MB-0202,46,Mastectomy,Breast Cancer,Breast Invasive Ductal Carcinoma,High,Yes,LumA,1.0,Positve,Positive,3,Neutral,Negative,Ductal/NST,Yes,Pre,5,Right,1.0,3.0,5.06,IDC,128.3666667,Living,Positive,Yes,126.68,Not Recurred,Female,ER+/HER2- High Prolif,30.0,2.0,Living
MB-0203,86,Mastectomy,Breast Cancer,Breast Invasive Ductal Carcinoma,High,Yes,LumA,1.0,Positve,Positive,3,Neutral,Negative,Ductal/NST,Yes,Post,7,Right,1.0,2.0,5.05,IDC,58.76666667,Deceased,Positive,Yes,57.99,Not Recurred,Female,ER+/HER2- High Prolif,25.0,2.0,Died of Other Causes
MB-0204,79,Breast Conserving,Breast Cancer,Breast Invasive Ductal Carcinoma,Moderate,No,LumA,1.0,Positve,Positive,1,Neutral,Negative,Ductal/NST,Yes,Post,3,Right,0.0,3.0,2.02,IDC,24.3,Deceased,Negative,Yes,23.91,Recurred,Female,ER+/HER2- Low Prolif,10.0,1.0,Died of Disease
MB-0205,53,Breast Conserving,Breast Cancer,Breast Invasive Lobular Carcinoma,Low,No,Normal,1.0,Positve,Positive,2,Neutral,Negative,Lobular,Yes,Post,3,Left,0.0,1.0,3.052,ILC,144.4666667,Living,Negative,Yes,142.57,Not Recurred,Female,ER+/HER2- Low Prolif,26.0,2.0,Living
MB-0206,55,Mastectomy,Breast Cancer,Breast Invasive Ductal Carcinoma,High,Yes,claudin-low,1.0,Negative,Negative,3,Neutral,Negative,Medullary,No,Post,10,Left,2.0,7.0,5.07,IDC,141.1666667,Living,Negative,Yes,139.31,Not Recurred,Female,ER+/HER2- Low Prolif,35.0,2.0,Living
MB-0207,48,Mastectomy,Breast Cancer,Breast Mixed Ductal and Lobular Carcinoma,High,No,LumA,1.0,Positve,Positive,2,Gain,Negative,Mixed,Yes,Pre,8,Left,2.0,6.0,4.056,MDLC,173.6333333,Living,Positive,No,171.35,Not Recurred,Female,ER+/HER2- Low Prolif,28.0,2.0,Living
MB-0209,67,Mastectomy,Breast Cancer,Breast Invasive Ductal Carcinoma,Moderate,No,claudin-low,1.0,Positve,Positive,2,Neutral,Negative,Ductal/NST,Yes,Post,8,Right,0.0,6.0,3.006,IDC,82.36666667,Living,Negative,No,81.28,Not Recurred,Female,ER+/HER2- Low Prolif,3.0,1.0,Living
MB-0211,42,Mastectomy,Breast Cancer,Breast Invasive Ductal Carcinoma,Moderate,No,claudin-low,1.0,Positve,Negative,3,Neutral,Negative,Ductal/NST,No,Pre,9,Left,13.0,2.0,6.08,IDC,44.8,Deceased,Negative,No,44.21,Recurred,Female,ER+/HER2- Low Prolif,40.0,3.0,Died of Disease
MB-0214,41,Breast Conserving,Breast Cancer,Breast Invasive Ductal Carcinoma,High,Yes,Basal,1.0,Positve,Negative,3,Neutral,Negative,Ductal/NST,No,Pre,10,Left,0.0,4.0,4.054,IDC,146.9,Living,Negative,Yes,144.97,Not Recurred,Female,ER+/HER2- Low Prolif,27.0,2.0,Living
MB-0215,75,Mastectomy,Breast Cancer,Breast Mixed Ductal and Lobular Carcinoma,High,No,LumB,1.0,Positve,Positive,2,Neutral,Negative,Mixed,Yes,Post,3,Right,0.0,11.0,3.08,MDLC,122.2,Living,Positive,Yes,120.59,Not Recurred,Female,ER+/HER2- High Prolif,40.0,2.0,Living
MB-0218,43,Breast Conserving,Breast Cancer,Breast Invasive Ductal Carcinoma,High,Yes,LumB,1.0,Positve,Positive,3,Neutral,Negative,Ductal/NST,Yes,Pre,1,Left,2.0,2.0,5.04,IDC,131.0666667,Living,Positive,Yes,129.34,Not Recurred,Female,ER+/HER2- High Prolif,20.0,2.0,Living
MB-0220,37,Mastectomy,Breast Cancer,Breast Invasive Ductal Carcinoma,High,No,claudin-low,1.0,Positve,Negative,3,Gain,Negative,Ductal/NST,No,Pre,1,Right,6.0,1.0,6.04,IDC,39.83333333,Deceased,Negative,No,39.31,Recurred,Female,ER+/HER2- High Prolif,20.0,2.0,Died of Disease
MB-0221,77,Mastectomy,Breast Cancer,Breast Invasive Ductal Carcinoma,Moderate,No,Her2,1.0,Negative,Negative,3,Gain,Negative,Ductal/NST,No,Post,1,Left,7.0,8.0,6.04,IDC,20.2,Deceased,Negative,No,19.93,Recurred,Female,ER+/HER2- High Prolif,20.0,2.0,Died of Disease
MB-0222,50,Breast Conserving,Breast Cancer,Breast Invasive Lobular Carcinoma,High,Yes,claudin-low,1.0,Positve,Positive,3,Neutral,Negative,Lobular,Yes,Post,1,Right,0.0,6.0,2.04,ILC,212.7,Living,Positive,Yes,209.9,Not Recurred,Female,ER+/HER2- Low Prolif,20.0,2.0,Living
MB-0223,50,Mastectomy,Breast Cancer,Breast Invasive Ductal Carcinoma,High,Yes,LumA,1.0,Positve,Positive,3,Gain,Negative,Ductal/NST,Yes,Post,1,Right,12.0,5.0,6.04,IDC,81.33333333,Deceased,Negative,Yes,43.22,Recurred,Female,ER+/HER2- Low Prolif,20.0,2.0,Died of Disease
MB-0224,44,Mastectomy,Breast Cancer,Breast Invasive Ductal Carcinoma,Moderate,No,LumA,1.0,Positve,Positive,3,Neutral,Negative,Ductal/NST,Yes,Pre,1,Right,0.0,8.0,4.05,IDC,176.7666667,Living,Positive,No,174.44,Not Recurred,Female,ER+/HER2- Low Prolif,25.0,2.0,Living
MB-0225,59,Breast Conserving,Breast Cancer,Breast Invasive Ductal Carcinoma,Moderate,No,LumB,1.0,Positve,Positive,2,Gain,Positive,Ductal/NST,Yes,Post,1,Left,0.0,8.0,3.038,IDC,212.2,Living,Negative,No,135.99,Recurred,Female,ER+/HER2- Low Prolif,19.0,1.0,Living
MB-0226,58,Breast Conserving,Breast Cancer,Breast Invasive Ductal Carcinoma,Low,No,LumA,1.0,Positve,Positive,1,Neutral,Negative,Ductal/NST,Yes,Post,8,Right,1.0,4.0,3.04,IDC,57.63333333,Living,Positive,Yes,56.88,Not Recurred,Female,ER+/HER2- Low Prolif,20.0,2.0,Living
MB-0227,52,Breast Conserving,Breast Cancer,Breast Invasive Ductal Carcinoma,Low,No,LumA,1.0,Positve,Positive,2,Neutral,Negative,Ductal/NST,Yes,Post,8,Left,0.0,4.0,3.048,IDC,111.8666667,Living,Positive,No,110.39,Not Recurred,Female,ER+/HER2- Low Prolif,24.0,1.0,Living
MB-0228,63,Mastectomy,Breast Cancer,Breast Invasive Lobular Carcinoma,Low,No,Normal,1.0,Positve,Positive,1,Neutral,Negative,Lobular,No,Post,8,Left,1.0,1.0,3.034,ILC,10.83333333,Deceased,Positive,No,10.69,Recurred,Female,ER+/HER2- Low Prolif,17.0,2.0,Died of Disease
MB-0229,45,Breast Conserving,Breast Cancer,Breast Mixed Ductal and Lobular Carcinoma,High,No,LumA,1.0,Positve,Positive,2,Neutral,Negative,Mixed,Yes,Pre,7,Right,0.0,5.0,3.038,MDLC,71.5,Living,Positive,Yes,70.56,Not Recurred,Female,ER+/HER2- Low Prolif,19.0,1.0,Living
MB-0230,41,Mastectomy,Breast Cancer,Breast Invasive Ductal Carcinoma,High,No,Her2,1.0,Positve,Negative,2,Gain,Positive,Ductal/NST,No,Pre,5,Left,0.0,2.0,1.07,IDC,200.3333333,Living,Negative,No,197.7,Not Recurred,Female,ER+/HER2- Low Prolif,35.0,0.0,Living
MB-0231,71,Breast Conserving,Breast Cancer,Breast Invasive Mixed Mucinous Carcinoma,Low,No,LumA,1.0,Positve,Positive,2,Gain,Negative,Mucinous,No,Post,3,Left,0.0,1.0,1.06,IMMC,19.6,Living,Negative,No,19.34,Not Recurred,Female,ER+/HER2- Low Prolif,30.0,0.0,Living
MB-0232,44,Breast Conserving,Breast Cancer,Breast Invasive Ductal Carcinoma,High,No,LumA,1.0,Positve,Positive,2,Neutral,Negative,Ductal/NST,No,Pre,8,Right,0.0,3.0,3.028,IDC,207.6333333,Living,Positive,No,204.9,Not Recurred,Female,ER+/HER2- Low Prolif,14.0,1.0,Living
MB-0233,77,Breast Conserving,Breast Cancer,Breast Invasive Ductal Carcinoma,Moderate,No,LumA,1.0,Positve,Positive,2,Gain,Negative,Ductal/NST,Yes,Post,2,Left,0.0,9.0,3.034,IDC,72.43333333,Deceased,Positive,No,71.48,Not Recurred,Female,ER+/HER2- Low Prolif,17.0,1.0,Died of Other Causes
MB-0234,56,Mastectomy,Breast Cancer,Breast Mixed Ductal and Lobular Carcinoma,High,No,LumB,1.0,Positve,Positive,2,Neutral,Negative,Mixed,Yes,Post,8,Right,0.0,7.0,3.052,MDLC,94.23333333,Deceased,Positive,Yes,92.99,Not Recurred,Female,ER+/HER2- High Prolif,26.0,2.0,Died of Other Causes
MB-0235,52,Breast Conserving,Breast Cancer,Breast Invasive Ductal Carcinoma,Low,Yes,LumA,1.0,Positve,Positive,2,Neutral,Negative,Ductal/NST,Yes,Post,8,Left,1.0,3.0,4.04,IDC,142.5666667,Deceased,Positive,Yes,127.89,Recurred,Female,ER+/HER2- Low Prolif,20.0,2.0,Died of Disease
MB-0236,43,Mastectomy,Breast Cancer,Breast Invasive Ductal Carcinoma,Moderate,Yes,LumA,1.0,Positve,Positive,3,Gain,Positive,Ductal/NST,Yes,Pre,5,Right,0.0,1.0,4.054,IDC,205.0333333,Living,Positive,Yes,202.34,Not Recurred,Female,ER+/HER2- Low Prolif,27.0,2.0,Living
MB-0238,52,Mastectomy,Breast Cancer,Breast Invasive Ductal Carcinoma,High,Yes,claudin-low,1.0,Negative,Negative,3,Neutral,Negative,Ductal/NST,No,Post,10,Right,4.0,1.0,6.07,IDC,193.1666667,Living,Negative,Yes,190.63,Not Recurred,Female,ER+/HER2- Low Prolif,35.0,2.0,Living
MB-0239,77,Breast Conserving,Breast Cancer,Breast Mixed Ductal and Lobular Carcinoma,High,No,LumA,1.0,Positve,Positive,1,Neutral,Negative,Mixed,Yes,Post,3,Right,0.0,2.0,2.092,MDLC,85.56666667,Deceased,Positive,Yes,84.44,Recurred,Female,ER+/HER2- Low Prolif,46.0,3.0,Died of Disease
MB-0241,55,Mastectomy,Breast Cancer,Breast Invasive Ductal Carcinoma,Moderate,No,claudin-low,1.0,Positve,Positive,3,Neutral,Negative,Ductal/NST,No,Post,3,Left,0.0,6.0,4.058,IDC,73.13333333,Deceased,Negative,No,72.17,Recurred,Female,ER+/HER2- Low Prolif,29.0,2.0,Died of Disease
MB-0242,51,Breast Conserving,Breast Cancer,Breast Invasive Ductal Carcinoma,Moderate,No,LumB,1.0,Positve,Positive,2,Neutral,Negative,Ductal/NST,Yes,Post,8,Left,0.0,5.0,3.036,IDC,199.1,Living,Positive,No,196.48,Not Recurred,Female,ER+/HER2- Low Prolif,18.0,1.0,Living
MB-0243,53,Breast Conserving,Breast Cancer,Breast Invasive Ductal Carcinoma,High,Yes,LumB,1.0,Positve,Positive,2,Neutral,Negative,Ductal/NST,Yes,Post,8,Right,1.0,4.0,4.044,IDC,149.7666667,Living,Positive,Yes,147.8,Not Recurred,Female,ER+/HER2- Low Prolif,22.0,2.0,Living
MB-0244,67,Breast Conserving,Breast Cancer,Breast Invasive Ductal Carcinoma,Low,No,Normal,1.0,Positve,Positive,1,Neutral,Negative,Ductal/NST,Yes,Post,8,Left,0.0,1.0,2.022,IDC,149.7333333,Living,Positive,No,147.76,Not Recurred,Female,ER+/HER2- Low Prolif,11.0,1.0,Living
MB-0245,54,Breast Conserving,Breast Cancer,Breast Invasive Lobular Carcinoma,High,No,LumA,1.0,Positve,Positive,1,Neutral,Negative,Lobular,Yes,Post,3,Right,0.0,13.0,1.028,ILC,164.7,Living,Negative,No,162.53,Not Recurred,Female,ER+/HER2- Low Prolif,14.0,1.0,Living
MB-0247,66,Breast Conserving,Breast Cancer,Breast Invasive Ductal Carcinoma,Moderate,No,LumA,1.0,Positve,Positive,2,Neutral,Negative,Ductal/NST,Yes,Post,3,Left,1.0,4.0,4.03,IDC,185.6,Living,Positive,Yes,183.16,Recurred,Female,ER+/HER2- Low Prolif,15.0,2.0,Living
MB-0248,45,Mastectomy,Breast Cancer,Breast Invasive Ductal Carcinoma,High,Yes,LumA,1.0,Positve,Positive,3,Neutral,Negative,Ductal/NST,Yes,Pre,8,Right,0.0,4.0,4.042,IDC,71.0,Living,Positive,Yes,70.07,Not Recurred,Female,ER+/HER2- Low Prolif,21.0,2.0,Living
MB-0249,53,Breast Conserving,Breast Cancer,Breast Invasive Ductal Carcinoma,High,No,Her2,1.0,Negative,Negative,3,Gain,Negative,Ductal/NST,No,Post,10,Right,0.0,2.0,4.022,IDC,188.3333333,Living,Negative,Yes,185.86,Not Recurred,Female,ER+/HER2- Low Prolif,11.0,1.0,Living
MB-0253,69,Breast Conserving,Breast Cancer,Breast Invasive Ductal Carcinoma,Low,No,Normal,1.0,Positve,Positive,2,Neutral,Negative,Ductal/NST,Yes,Post,10,Left,0.0,1.0,3.024,IDC,152.3,Living,Positive,No,150.3,Not Recurred,Female,ER+/HER2- Low Prolif,12.0,1.0,Living
MB-0256,53,Breast Conserving,Breast Cancer,Breast Invasive Ductal Carcinoma,High,No,LumA,1.0,Positve,Positive,1,Neutral,Negative,Ductal/NST,Yes,Post,3,Right,0.0,3.0,2.034,IDC,200.7,Living,Positive,No,156.68,Recurred,Female,ER+/HER2- Low Prolif,17.0,1.0,Living
MB-0257,57,Breast Conserving,Breast Cancer,Breast Invasive Ductal Carcinoma,Moderate,Yes,LumA,1.0,Positve,Positive,2,Gain,Negative,Ductal/NST,Yes,Post,8,Right,0.0,1.0,3.05,IDC,91.73333333,Deceased,Negative,Yes,32.11,Recurred,Female,ER+/HER2- High Prolif,25.0,2.0,Died of Disease
MB-0258,62,Breast Conserving,Breast Cancer,Breast Invasive Ductal Carcinoma,High,No,LumA,1.0,Positve,Positive,3,Gain,Negative,Ductal/NST,Yes,Post,7,Left,0.0,7.0,4.022,IDC,86.13333333,Living,Positive,Yes,85.0,Not Recurred,Female,ER+/HER2- High Prolif,11.0,1.0,Living
MB-0259,38,Mastectomy,Breast Cancer,Breast Invasive Ductal Carcinoma,High,Yes,Basal,1.0,Negative,Negative,3,Gain,Negative,Ductal/NST,No,Pre,9,Left,9.0,2.0,6.0,IDC,11.86666667,Deceased,Negative,No,11.71,Recurred,Female,ER+/HER2- High Prolif,11.0,3.0,Died of Disease
MB-0260,78,Mastectomy,Breast Cancer,Breast Invasive Ductal Carcinoma,High,No,LumA,1.0,Positve,Positive,3,Neutral,Negative,Ductal/NST,Yes,Post,3,Left,0.0,1.0,1.024,IDC,169.8333333,Deceased,Positive,Yes,167.6,Not Recurred,Female,ER+/HER2- Low Prolif,12.0,1.0,Died of Other Causes
MB-0261,63,Breast Conserving,Breast Cancer,Breast Invasive Ductal Carcinoma,High,No,LumB,1.0,Positve,Positive,1,Neutral,Negative,Ductal/NST,Yes,Post,8,Left,6.0,3.0,4.052,IDC,90.23333333,Deceased,Positive,Yes,86.64,Recurred,Female,ER+/HER2- High Prolif,26.0,2.0,Died of Disease
MB-0262,55,Mastectomy,Breast Cancer,Breast Invasive Ductal Carcinoma,High,No,Her2,1.0,Positve,Positive,3,Neutral,Negative,Ductal/NST,Yes,Post,7,Left,0.0,2.0,4.052,IDC,182.2666667,Deceased,Negative,No,179.87,Not Recurred,Female,ER+/HER2- High Prolif,26.0,2.0,Died of Other Causes
MB-0263,76,Mastectomy,Breast Cancer,Breast Mixed Ductal and Lobular Carcinoma,Moderate,No,LumA,1.0,Positve,Positive,3,Neutral,Negative,Mixed,Yes,Post,7,Left,0.0,1.0,1.054,MDLC,176.0333333,Deceased,Positive,No,173.72,Not Recurred,Female,ER+/HER2- Low Prolif,27.0,1.0,Died of Other Causes
MB-0264,83,Mastectomy,Breast Cancer,Breast Invasive Ductal Carcinoma,High,No,Her2,1.0,Positve,Positive,3,Neutral,Negative,Ductal/NST,No,Post,9,Left,1.0,4.0,5.062,IDC,43.1,Deceased,Negative,No,42.53,Recurred,Female,ER+/HER2- Low Prolif,31.0,1.0,Died of Disease
MB-0265,46,Breast Conserving,Breast Cancer,Breast Invasive Ductal Carcinoma,Moderate,No,claudin-low,1.0,Positve,Negative,2,Neutral,Negative,Ductal/NST,Yes,Pre,9,Right,1.0,2.0,4.042,IDC,189.1333333,Living,Negative,Yes,186.64,Not Recurred,Female,ER+/HER2- Low Prolif,21.0,2.0,Living
MB-0266,84,Mastectomy,Breast Cancer,Breast Mixed Ductal and Lobular Carcinoma,Moderate,No,LumA,1.0,Positve,Positive,2,Gain,Negative,Mixed,Yes,Post,8,Left,0.0,7.0,1.06,MDLC,90.66666667,Deceased,Positive,Yes,89.47,Not Recurred,Female,ER+/HER2- Low Prolif,30.0,2.0,Died of Other Causes
MB-0268,66,Mastectomy,Breast Cancer,Breast Invasive Ductal Carcinoma,High,No,LumB,1.0,Positve,Positive,3,Neutral,Negative,Ductal/NST,No,Post,9,Left,0.0,8.0,4.038,IDC,28.5,Deceased,Positive,No,28.13,Recurred,Female,ER+/HER2- Low Prolif,19.0,4.0,Died of Disease
MB-0269,45,Mastectomy,Breast Cancer,Breast Invasive Ductal Carcinoma,Low,Yes,claudin-low,1.0,Negative,Negative,3,Neutral,Negative,Ductal/NST,No,Pre,9,Right,2.0,1.0,5.052,IDC,22.23333333,Living,Negative,Yes,21.94,Not Recurred,Female,ER+/HER2- Low Prolif,26.0,2.0,Living
MB-0270,29,Mastectomy,Breast Cancer,Breast Invasive Ductal Carcinoma,High,No,LumB,1.0,Positve,Positive,3,Neutral,Negative,Ductal/NST,No,Pre,10,Left,0.0,4.0,4.028,IDC,337.0333333,Living,Positive,No,139.64,Recurred,Female,ER+/HER2- High Prolif,14.0,2.0,Living
MB-0272,55,Mastectomy,Breast Cancer,Breast Invasive Ductal Carcinoma,Moderate,No,LumB,1.0,Positve,Positive,3,Neutral,Negative,Ductal/NST,No,Post,8,Right,8.0,5.0,6.056,IDC,122.0,Deceased,Negative,No,120.39,Recurred,Female,ER+/HER2- High Prolif,28.0,1.0,Died of Disease
MB-0273,68,Mastectomy,Breast Cancer,Breast Invasive Ductal Carcinoma,Moderate,No,LumA,1.0,Positve,Positive,2,Neutral,Negative,Ductal/NST,Yes,Post,8,Right,3.0,5.0,4.05,IDC,186.5333333,Living,Negative,Yes,184.08,Not Recurred,Female,ER+/HER2- Low Prolif,25.0,2.0,Living
MB-0275,61,Breast Conserving,Breast Cancer,Breast Invasive Ductal Carcinoma,High,No,claudin-low,1.0,Positve,Positive,1,Neutral,Negative,Ductal/NST,Yes,Post,8,Right,0.0,6.0,2.018,IDC,186.1,Living,Negative,Yes,183.65,Not Recurred,Female,ER+/HER2- Low Prolif,9.0,1.0,Living
MB-0278,34,Mastectomy,Breast Cancer,Breast Invasive Ductal Carcinoma,Moderate,Yes,Basal,1.0,Positve,Negative,3,Neutral,Negative,Ductal/NST,No,Pre,10,Right,3.0,2.0,5.106,IDC,5.833333333,Deceased,Negative,No,5.76,Recurred,Female,ER+/HER2- Low Prolif,53.0,3.0,Died of Disease
MB-0279,69,Breast Conserving,Breast Cancer,Breast Invasive Lobular Carcinoma,High,No,claudin-low,1.0,Positve,Positive,1,Loss,Negative,Lobular,Yes,Post,10,Right,0.0,1.0,2.042,ILC,192.2666667,Deceased,Positive,Yes,189.74,Not Recurred,Female,ER+/HER2- Low Prolif,21.0,2.0,Died of Other Causes
MB-0280,47,Mastectomy,Breast Cancer,Breast Invasive Ductal Carcinoma,High,No,Normal,1.0,Positve,Positive,2,Neutral,Negative,Ductal/NST,Yes,Pre,7,Right,0.0,1.0,3.042,IDC,172.9,Deceased,Positive,Yes,170.63,Recurred,Female,ER+/HER2- Low Prolif,21.0,2.0,Died of Disease
MB-0281,52,Mastectomy,Breast Sarcoma,Breast Angiosarcoma,Low,No,claudin-low,1.0,Positve,Positive,2,Neutral,Negative,Ductal/NST,No,Post,7,Left,0.0,1.0,1.0,PBS,72.8,Living,Negative,No,71.84,Not Recurred,Female,ER+/HER2- Low Prolif,21.0,0.0,Living
MB-0282,51,Breast Conserving,Breast Cancer,Breast Mixed Ductal and Lobular Carcinoma,Low,Yes,claudin-low,1.0,Positve,Positive,3,Neutral,Negative,Mixed,Yes,Post,7,Right,8.0,1.0,6.036,MDLC,194.2333333,Living,Positive,Yes,175.23,Recurred,Female,ER+/HER2- Low Prolif,18.0,2.0,Living
MB-0283,60,Mastectomy,Breast Cancer,Breast Invasive Ductal Carcinoma,High,No,LumB,1.0,Positve,Positive,3,Neutral,Negative,Ductal/NST,No,Post,1,Right,8.0,1.0,6.066,IDC,22.03333333,Deceased,Negative,No,21.74,Recurred,Female,ER+/HER2- High Prolif,33.0,4.0,Died of Disease
MB-0284,51,Breast Conserving,Breast Sarcoma,Breast Invasive Ductal Carcinoma,Moderate,No,claudin-low,1.0,Positve,Negative,3,Neutral,Negative,Ductal/NST,No,Post,10,Right,0.0,2.0,1.0,IDC,0.0,Living,Negative,No,0.0,Not Recurred,Female,ER+/HER2- High Prolif,33.0,4.0,Living
MB-0285,48,Breast Conserving,Breast Cancer,Breast Invasive Ductal Carcinoma,High,No,claudin-low,1.0,Positve,Positive,2,Neutral,Negative,Ductal/NST,No,Pre,10,Right,14.0,4.0,5.056,IDC,3.366666667,Living,Positive,No,3.32,Not Recurred,Female,ER+/HER2- High Prolif,28.0,2.0,Living
MB-0286,62,Breast Conserving,Breast Cancer,Breast Invasive Ductal Carcinoma,Moderate,No,claudin-low,1.0,Positve,Positive,3,Neutral,Negative,Ductal/NST,No,Post,10,Right,0.0,1.0,4.046,IDC,192.6,Living,Negative,No,190.07,Not Recurred,Female,ER+/HER2- High Prolif,23.0,2.0,Living
MB-0287,77,Breast Conserving,Breast Cancer,Breast Invasive Ductal Carcinoma,High,No,LumB,1.0,Positve,Positive,2,Neutral,Negative,Ductal/NST,No,Post,7,Right,1.0,2.0,4.038,IDC,94.73333333,Deceased,Negative,No,93.49,Not Recurred,Female,ER+/HER2- High Prolif,19.0,2.0,Died of Other Causes
MB-0288,55,Mastectomy,Breast Cancer,Breast Invasive Ductal Carcinoma,Low,Yes,Normal,1.0,Positve,Positive,2,Gain,Positive,Ductal/NST,Yes,Post,1,Left,25.0,2.0,5.06,IDC,63.8,Deceased,Negative,No,62.96,Recurred,Female,ER+/HER2- Low Prolif,30.0,2.0,Died of Disease
MB-0289,75,Mastectomy,Breast Cancer,Breast Invasive Ductal Carcinoma,Low,No,claudin-low,1.0,Positve,Negative,3,Neutral,Negative,Ductal/NST,Yes,Post,1,Right,0.0,2.0,4.04,IDC,71.6,Deceased,Negative,Yes,70.66,Not Recurred,Female,ER+/HER2- Low Prolif,20.0,2.0,Died of Other Causes
MB-0290,49,Mastectomy,Breast Cancer,Breast Invasive Ductal Carcinoma,Moderate,No,LumA,1.0,Positve,Positive,1,Neutral,Negative,Ductal/NST,No,Pre,8,Left,0.0,3.0,2.05,IDC,199.5333333,Living,Positive,No,196.91,Not Recurred,Female,ER+/HER2- Low Prolif,25.0,2.0,Living
MB-0291,51,Breast Conserving,Breast Cancer,Breast Invasive Ductal Carcinoma,Moderate,Yes,LumB,1.0,Positve,Positive,3,Gain,Positive,Ductal/NST,Yes,Post,5,Right,1.0,1.0,5.052,IDC,39.2,Deceased,Positive,No,38.68,Recurred,Female,ER+/HER2- Low Prolif,26.0,2.0,Died of Disease
MB-0292,80,Mastectomy,Breast Cancer,Breast Invasive Ductal Carcinoma,High,No,Her2,1.0,Negative,Negative,3,Neutral,Negative,Ductal/NST,No,Post,9,Left,1.0,5.0,5.11,IDC,49.43333333,Deceased,Negative,No,48.78,Not Recurred,Female,ER+/HER2- Low Prolif,55.0,2.0,Died of Other Causes
MB-0293,51,Mastectomy,Breast Cancer,Breast Invasive Ductal Carcinoma,Low,No,claudin-low,1.0,Positve,Positive,1,Neutral,Negative,Ductal/NST,Yes,Post,9,Right,0.0,5.0,2.026,IDC,64.36666667,Living,Negative,No,63.52,Not Recurred,Female,ER+/HER2- Low Prolif,13.0,1.0,Living
MB-0294,46,Mastectomy,Breast Cancer,Breast Invasive Ductal Carcinoma,Moderate,Yes,Normal,1.0,Positve,Negative,2,Gain,Negative,Ductal/NST,Yes,Pre,9,Left,0.0,2.0,3.028,IDC,72.9,Living,Negative,Yes,71.94,Not Recurred,Female,ER+/HER2- Low Prolif,14.0,2.0,Living
MB-0295,47,Breast Conserving,Breast Cancer,Breast Invasive Ductal Carcinoma,Moderate,No,LumA,1.0,Positve,Positive,1,Loss,Negative,Tubular/ cribriform,Yes,Pre,9,Left,1.0,4.0,3.018,IDC,164.5,Living,Positive,No,162.34,Not Recurred,Female,ER+/HER2- Low Prolif,9.0,2.0,Living
MB-0299,68,Breast Conserving,Breast Cancer,Invasive Breast Carcinoma,High,No,Basal,1.0,Positve,Negative,1,Neutral,Negative,Tubular/ cribriform,No,Post,10,Left,1.0,4.0,1.05,BRCA,188.1333333,Living,Negative,Yes,185.66,Not Recurred,Female,ER+/HER2- Low Prolif,25.0,0.0,Living
MB-0301,82,Mastectomy,Breast Cancer,Breast Invasive Ductal Carcinoma,Moderate,No,LumA,1.0,Positve,Positive,3,Neutral,Negative,Ductal/NST,Yes,Post,7,Left,2.0,3.0,5.046,IDC,122.7,Deceased,Positive,Yes,121.09,Not Recurred,Female,ER+/HER2- Low Prolif,23.0,2.0,Died of Other Causes
MB-0302,81,Mastectomy,Breast Cancer,Breast Invasive Lobular Carcinoma,Moderate,No,LumA,1.0,Positve,Positive,3,Neutral,Negative,Lobular,Yes,Post,3,Right,5.0,7.0,6.058,ILC,84.2,Deceased,Negative,Yes,83.09,Recurred,Female,ER+/HER2- Low Prolif,29.0,2.0,Died of Disease
MB-0303,47,Mastectomy,Breast Cancer,Breast Invasive Ductal Carcinoma,Low,No,claudin-low,1.0,Negative,Negative,3,Neutral,Negative,Ductal/NST,Yes,Pre,10,Left,0.0,3.0,4.022,IDC,60.13333333,Living,Negative,No,59.34,Not Recurred,Female,ER+/HER2- Low Prolif,11.0,1.0,Living
MB-0304,84,Mastectomy,Breast Cancer,Breast Invasive Ductal Carcinoma,High,No,LumB,1.0,Positve,Positive,3,Neutral,Negative,Ductal/NST,Yes,Post,6,Right,1.0,1.0,5.028,IDC,111.5333333,Deceased,Positive,Yes,110.07,Recurred,Female,ER+/HER2- Low Prolif,14.0,1.0,Died of Disease
MB-0305,60,Mastectomy,Breast Cancer,Breast Invasive Ductal Carcinoma,Low,Yes,Normal,1.0,Positve,Positive,3,Neutral,Negative,Ductal/NST,Yes,Post,8,Right,6.0,5.0,6.07,IDC,63.5,Deceased,Positive,No,62.66,Recurred,Female,ER+/HER2- Low Prolif,35.0,2.0,Died of Disease
MB-0306,82,Mastectomy,Breast Cancer,Breast Invasive Ductal Carcinoma,High,No,LumA,1.0,Positve,Positive,3,Neutral,Negative,Ductal/NST,Yes,Post,3,Left,2.0,21.0,5.07,IDC,42.96666667,Deceased,Positive,Yes,37.99,Recurred,Female,ER+/HER2- High Prolif,35.0,2.0,Died of Disease
MB-0307,41,Breast Conserving,Breast Cancer,Breast Invasive Ductal Carcinoma,Moderate,Yes,claudin-low,1.0,Positve,Positive,3,Gain,Positive,Ductal/NST,Yes,Pre,5,Right,6.0,21.0,6.02,IDC,177.3333333,Living,Negative,Yes,175.0,Not Recurred,Female,ER+/HER2- High Prolif,10.0,2.0,Living
MB-0308,51,Breast Conserving,Breast Cancer,Breast Invasive Ductal Carcinoma,Low,No,LumA,1.0,Positve,Positive,1,Neutral,Negative,Other,No,Post,3,Right,0.0,2.0,2.038,BREAST,183.2666667,Living,Negative,No,180.86,Not Recurred,Female,ER+/HER2- Low Prolif,19.0,1.0,Living
MB-0309,89,Mastectomy,Breast Cancer,Breast Invasive Ductal Carcinoma,Low,No,LumA,1.0,Positve,Positive,1,Neutral,Negative,Ductal/NST,Yes,Post,8,Left,1.0,3.0,3.042,IDC,42.33333333,Deceased,Positive,No,41.78,Not Recurred,Female,ER+/HER2- Low Prolif,21.0,2.0,Died of Other Causes
MB-0310,67,Mastectomy,Breast Cancer,Breast Invasive Ductal Carcinoma,Moderate,No,LumA,1.0,Positve,Positive,2,Neutral,Negative,Ductal/NST,Yes,Post,3,Right,1.0,5.0,4.032,IDC,185.1666667,Living,Positive,Yes,182.73,Not Recurred,Female,ER+/HER2- Low Prolif,16.0,2.0,Living
MB-0311,77,Mastectomy,Breast Cancer,Breast Invasive Ductal Carcinoma,High,No,LumB,1.0,Positve,Positive,1,Neutral,Negative,Ductal/NST,Yes,Post,8,Left,0.0,5.0,2.094,IDC,151.1666667,Deceased,Negative,No,149.18,Not Recurred,Female,ER+/HER2- High Prolif,47.0,2.0,Died of Other Causes
MB-0312,70,Mastectomy,Breast Cancer,Breast Invasive Lobular Carcinoma,Moderate,No,LumB,1.0,Positve,Positive,2,Neutral,Negative,Lobular,Yes,Post,2,Right,0.0,5.0,3.066,ILC,169.6,Deceased,Positive,No,73.88,Recurred,Female,ER+/HER2- High Prolif,33.0,2.0,Died of Disease
MB-0313,55,Breast Conserving,Breast Cancer,Breast Invasive Ductal Carcinoma,High,No,LumB,1.0,Positve,Positive,3,Neutral,Negative,Ductal/NST,Yes,Post,10,Right,1.0,3.0,5.046,IDC,184.7666667,Living,Positive,No,182.34,Not Recurred,Female,ER+/HER2- High Prolif,23.0,2.0,Living
MB-0314,73,Mastectomy,Breast Cancer,Breast Invasive Ductal Carcinoma,Moderate,No,Her2,1.0,Negative,Negative,3,Gain,Positive,Ductal/NST,No,Post,5,Left,5.0,4.0,6.1,IDC,4.433333333,Deceased,Negative,No,4.38,Recurred,Female,ER+/HER2- High Prolif,50.0,2.0,Died of Disease
MB-0315,56,Mastectomy,Breast Cancer,Breast Invasive Ductal Carcinoma,Moderate,Yes,LumA,1.0,Positve,Positive,2,Gain,Negative,Ductal/NST,Yes,Post,6,Right,3.0,5.0,4.1,IDC,186.2,Living,Negative,Yes,183.75,Not Recurred,Female,ER+/HER2- Low Prolif,50.0,2.0,Living
MB-0316,50,Breast Conserving,Breast Cancer,Breast Invasive Ductal Carcinoma,High,No,Basal,1.0,Negative,Negative,3,Neutral,Negative,Ductal/NST,No,Post,10,Left,0.0,4.0,4.06,IDC,182.9,Living,Negative,Yes,180.49,Not Recurred,Female,ER+/HER2- Low Prolif,30.0,2.0,Living
MB-0317,76,Mastectomy,Breast Cancer,Breast Invasive Ductal Carcinoma,High,No,LumA,1.0,Positve,Positive,3,Neutral,Negative,Ductal/NST,No,Post,7,Right,0.0,4.0,4.078,IDC,151.6666667,Deceased,Positive,No,149.67,Not Recurred,Female,ER+/HER2- Low Prolif,39.0,3.0,Died of Other Causes
MB-0318,58,Mastectomy,Breast Cancer,Breast Invasive Ductal Carcinoma,High,No,Normal,1.0,Negative,Negative,3,Neutral,Negative,Other,No,Post,7,Left,0.0,1.0,1.036,BREAST,168.7,Living,Negative,No,166.48,Not Recurred,Female,ER+/HER2- Low Prolif,18.0,1.0,Living
MB-0319,92,Mastectomy,Breast Cancer,Breast Mixed Ductal and Lobular Carcinoma,Moderate,No,LumB,1.0,Positve,Positive,2,Gain,Negative,Mixed,Yes,Post,2,Left,10.0,4.0,5.064,MDLC,40.7,Deceased,Negative,Yes,39.18,Recurred,Female,ER+/HER2- High Prolif,32.0,2.0,Died of Disease
MB-0320,50,Breast Conserving,Breast Cancer,Breast Mixed Ductal and Lobular Carcinoma,Moderate,No,LumA,1.0,Positve,Positive,1,Neutral,Negative,Mixed,Yes,Post,3,Right,0.0,8.0,2.034,MDLC,63.73333333,Living,Positive,Yes,62.89,Not Recurred,Female,ER+/HER2- Low Prolif,17.0,1.0,Living
MB-0321,46,Mastectomy,Breast Cancer,Breast Invasive Ductal Carcinoma,High,Yes,LumA,1.0,Positve,Positive,3,Neutral,Negative,Ductal/NST,Yes,Pre,8,Left,2.0,3.0,5.06,IDC,174.6333333,Living,Positive,No,172.34,Not Recurred,Female,ER+/HER2- High Prolif,30.0,2.0,Living
MB-0322,86,Mastectomy,Breast Cancer,Breast Invasive Ductal Carcinoma,High,No,LumA,1.0,Positve,Positive,2,Neutral,Negative,Ductal/NST,Yes,Post,8,Right,2.0,11.0,4.05,IDC,50.53333333,Deceased,Negative,Yes,49.87,Not Recurred,Female,ER+/HER2- Low Prolif,25.0,2.0,Died of Other Causes
MB-0324,47,Breast Conserving,Breast Cancer,Breast Invasive Ductal Carcinoma,Moderate,Yes,LumA,1.0,Positve,Positive,3,Gain,Negative,Ductal/NST,Yes,Pre,6,Left,6.0,1.0,6.064,IDC,144.9666667,Deceased,Positive,Yes,73.59,Recurred,Female,ER+/HER2- High Prolif,32.0,2.0,Died of Disease
MB-0325,79,Mastectomy,Breast Cancer,Breast Invasive Ductal Carcinoma,High,No,LumB,1.0,Positve,Positive,3,Neutral,Negative,Ductal/NST,Yes,Post,10,Right,0.0,10.0,4.09,IDC,177.5333333,Living,Positive,Yes,175.2,Not Recurred,Female,ER+/HER2- High Prolif,45.0,2.0,Living
MB-0327,66,Mastectomy,Breast Cancer,Invasive Breast Carcinoma,Moderate,No,LumA,1.0,Positve,Positive,2,Neutral,Negative,Ductal/NST,Yes,Post,3,Right,1.0,9.0,3.05,BRCA,187.9333333,Living,Positive,Yes,185.46,Not Recurred,Female,ER+/HER2- Low Prolif,25.0,2.0,Living
MB-0328,69,Mastectomy,Breast Cancer,Invasive Breast Carcinoma,High,No,LumB,1.0,Positve,Positive,3,Neutral,Negative,Ductal/NST,Yes,Post,9,Right,2.0,9.0,5.068,BRCA,125.6,Deceased,Positive,Yes,123.95,Recurred,Female,ER+/HER2- High Prolif,34.0,2.0,Died of Disease
MB-0333,62,Breast Conserving,Breast Cancer,Metaplastic Breast Cancer,Low,Yes,claudin-low,1.0,Positve,Negative,3,Gain,Negative,Metaplastic,No,Post,10,Right,3.0,5.0,1.0,MBC,26.56666667,Deceased,Negative,No,26.22,Recurred,Female,ER+/HER2- High Prolif,30.0,2.0,Died of Disease
MB-0336,74,Mastectomy,Breast Cancer,Breast Invasive Ductal Carcinoma,High,No,LumB,1.0,Positve,Positive,3,Neutral,Negative,Ductal/NST,Yes,Post,10,Right,1.0,1.0,5.044,IDC,170.6333333,Deceased,Positive,Yes,166.78,Recurred,Female,ER+/HER2- High Prolif,22.0,2.0,Died of Disease
MB-0339,90,Mastectomy,Breast Cancer,Breast Invasive Mixed Mucinous Carcinoma,Moderate,No,LumB,1.0,Positve,Positive,2,Neutral,Negative,Mucinous,No,Post,10,Right,0.0,2.0,3.048,IMMC,26.73333333,Deceased,Positive,No,26.38,Not Recurred,Female,ER+/HER2- Low Prolif,24.0,2.0,Died of Other Causes
MB-0340,79,Mastectomy,Breast Cancer,Breast Invasive Ductal Carcinoma,High,No,Basal,1.0,Positve,Negative,3,Neutral,Negative,Ductal/NST,Yes,Post,10,Right,3.0,4.0,5.032,IDC,164.7333333,Living,Negative,Yes,162.57,Not Recurred,Female,ER+/HER2- Low Prolif,16.0,2.0,Living
MB-0341,67,Mastectomy,Breast Cancer,Invasive Breast Carcinoma,Moderate,No,LumA,1.0,Positve,Positive,2,Neutral,Negative,Ductal/NST,Yes,Post,8,Right,3.0,2.0,4.052,BRCA,173.9,Deceased,Positive,Yes,167.76,Recurred,Female,ER+/HER2- High Prolif,26.0,2.0,Died of Disease
MB-0342,54,Mastectomy,Breast Cancer,Breast Invasive Lobular Carcinoma,Moderate,No,Normal,1.0,Positve,Positive,2,Neutral,Negative,Lobular,No,Post,3,Right,0.0,3.0,3.058,ILC,125.3333333,Deceased,Positive,No,123.68,Recurred,Female,ER+/HER2- Low Prolif,29.0,2.0,Died of Disease
MB-0343,70,Mastectomy,Breast Cancer,Breast Invasive Ductal Carcinoma,Moderate,No,Normal,1.0,Positve,Positive,2,Neutral,Negative,Ductal/NST,Yes,Post,6,Left,3.0,4.0,4.06,IDC,91.13333333,Deceased,Positive,No,86.61,Recurred,Female,ER+/HER2- Low Prolif,30.0,2.0,Died of Disease
MB-0344,59,Breast Conserving,Breast Cancer,Breast Invasive Lobular Carcinoma,Moderate,No,Normal,1.0,Positve,Positive,2,Neutral,Negative,Lobular,Yes,Post,3,Right,2.0,2.0,4.058,ILC,152.9333333,Living,Positive,Yes,150.92,Not Recurred,Female,ER+/HER2- Low Prolif,29.0,2.0,Living
MB-0345,37,Mastectomy,Breast Cancer,Breast Invasive Ductal Carcinoma,Moderate,Yes,LumA,1.0,Positve,Positive,2,Neutral,Negative,Ductal/NST,Yes,Pre,3,Right,1.0,6.0,4.056,IDC,72.66666667,Living,Positive,No,71.71,Not Recurred,Female,ER+/HER2- Low Prolif,28.0,2.0,Living
MB-0346,32,Mastectomy,Breast Cancer,Breast Invasive Ductal Carcinoma,High,No,Her2,1.0,Negative,Negative,3,Gain,Positive,Ductal/NST,No,Pre,5,Left,5.0,8.0,6.032,IDC,20.43333333,Deceased,Negative,No,20.16,Recurred,Female,ER+/HER2- Low Prolif,16.0,2.0,Died of Disease
MB-0347,52,Breast Conserving,Breast Cancer,Breast Invasive Ductal Carcinoma,Moderate,Yes,claudin-low,1.0,Positve,Positive,3,Neutral,Negative,Ductal/NST,Yes,Post,5,Right,5.0,8.0,4.08,IDC,205.5666667,Deceased,Negative,Yes,182.96,Recurred,Female,ER+/HER2- Low Prolif,40.0,1.0,Died of Disease
MB-0348,81,Mastectomy,Breast Cancer,Breast Invasive Ductal Carcinoma,High,No,LumA,1.0,Positve,Positive,1,Neutral,Negative,Ductal/NST,Yes,Post,8,Left,0.0,3.0,2.044,IDC,122.7,Deceased,Positive,Yes,121.09,Not Recurred,Female,ER+/HER2- Low Prolif,22.0,2.0,Died of Other Causes
MB-0349,72,Mastectomy,Breast Cancer,Breast Invasive Ductal Carcinoma,High,No,LumB,1.0,Positve,Positive,3,Loss,Negative,Ductal/NST,Yes,Post,3,Right,1.0,3.0,5.06,IDC,146.0333333,Deceased,Negative,No,144.11,Not Recurred,Female,ER+/HER2- High Prolif,30.0,2.0,Died of Other Causes
MB-0350,49,Breast Conserving,Breast Cancer,Breast Invasive Ductal Carcinoma,High,No,Basal,1.0,Negative,Negative,3,Neutral,Negative,Ductal/NST,No,Pre,10,Right,0.0,3.0,5.16,IDC,46.06666667,Deceased,Negative,No,45.46,Recurred,Female,ER+/HER2- High Prolif,80.0,2.0,Died of Disease
MB-0351,69,Breast Conserving,Breast Cancer,Breast Mixed Ductal and Lobular Carcinoma,Moderate,No,LumB,1.0,Positve,Positive,3,Neutral,Negative,Mixed,No,Post,3,Right,0.0,8.0,1.0,MDLC,195.3333333,Deceased,Negative,No,192.76,Not Recurred,Female,ER+/HER2- Low Prolif,80.0,1.0,Died of Other Causes
MB-0352,61,Mastectomy,Breast Cancer,Breast Invasive Ductal Carcinoma,Moderate,Yes,claudin-low,1.0,Positve,Negative,3,Neutral,Negative,Ductal/NST,Yes,Post,3,Left,0.0,5.0,4.026,IDC,55.2,Deceased,Negative,Yes,45.79,Recurred,Female,ER+/HER2- Low Prolif,13.0,1.0,Died of Disease
MB-0353,86,Mastectomy,Breast Cancer,Breast Invasive Ductal Carcinoma,High,No,LumA,1.0,Positve,Positive,2,Neutral,Negative,Ductal/NST,Yes,Post,7,Right,6.0,5.0,5.08,IDC,41.83333333,Deceased,Negative,Yes,41.28,Not Recurred,Female,ER+/HER2- Low Prolif,40.0,2.0,Died of Other Causes
MB-0354,73,Mastectomy,Breast Cancer,Breast Invasive Ductal Carcinoma,High,No,claudin-low,1.0,Negative,Negative,3,Neutral,Negative,Ductal/NST,No,Post,7,Left,3.0,6.0,5.034,IDC,11.6,Deceased,Negative,No,11.45,Recurred,Female,ER+/HER2- Low Prolif,17.0,2.0,Died of Disease
MB-0356,58,Mastectomy,Breast Cancer,Breast Invasive Ductal Carcinoma,Moderate,No,LumA,1.0,Positve,Positive,2,Neutral,Negative,Ductal/NST,No,Post,8,Left,0.0,4.0,3.032,IDC,213.5,Living,Positive,No,210.69,Not Recurred,Female,ER+/HER2- High Prolif,16.0,2.0,Living
MB-0358,57,Mastectomy,Breast Cancer,Breast Invasive Ductal Carcinoma,Moderate,Yes,LumA,1.0,Positve,Positive,3,Gain,Negative,Ductal/NST,Yes,Post,9,Right,2.0,14.0,5.052,IDC,32.86666667,Living,Positive,Yes,32.43,Not Recurred,Female,ER+/HER2- High Prolif,26.0,2.0,Living
MB-0359,44,Breast Conserving,Breast Cancer,Breast Invasive Ductal Carcinoma,Moderate,No,LumA,1.0,Positve,Positive,2,Neutral,Negative,Ductal/NST,No,Pre,3,Right,0.0,2.0,3.044,IDC,21.6,Living,Positive,Yes,21.32,Not Recurred,Female,ER+/HER2- Low Prolif,22.0,2.0,Living
MB-0360,83,Mastectomy,Breast Cancer,Breast Invasive Ductal Carcinoma,High,No,LumB,1.0,Positve,Positive,1,Neutral,Negative,Ductal/NST,Yes,Post,7,Left,2.0,6.0,3.1,IDC,132.5666667,Deceased,Positive,Yes,130.82,Recurred,Female,ER+/HER2- Low Prolif,50.0,2.0,Died of Disease
MB-0361,40,Mastectomy,Breast Cancer,Breast Invasive Ductal Carcinoma,High,No,Her2,1.0,Negative,Negative,3,Gain,Positive,Ductal/NST,No,Pre,5,Right,41.0,7.0,6.048,IDC,15.06666667,Deceased,Negative,No,14.87,Not Recurred,Female,ER+/HER2- Low Prolif,24.0,2.0,Died of Other Causes
MB-0362,52,Mastectomy,Breast Cancer,Breast Invasive Ductal Carcinoma,High,Yes,LumA,1.0,Positve,Positive,2,Neutral,Negative,Ductal/NST,Yes,Post,2,Left,1.0,6.0,4.036,IDC,47.03333333,Deceased,Positive,Yes,46.41,Recurred,Female,ER+/HER2- High Prolif,18.0,2.0,Died of Disease
MB-0363,73,Mastectomy,Breast Cancer,Breast Mixed Ductal and Lobular Carcinoma,High,No,LumB,1.0,Positve,Positive,2,Neutral,Negative,Mixed,No,Post,2,Right,7.0,22.0,5.134,MDLC,89.9,Deceased,Negative,No,88.72,Recurred,Female,ER+/HER2- High Prolif,67.0,4.0,Died of Disease
MB-0364,48,Mastectomy,Breast Cancer,Breast Invasive Ductal Carcinoma,High,Yes,LumA,1.0,Positve,Positive,2,Neutral,Negative,Ductal/NST,Yes,Pre,2,Right,6.0,5.0,5.1,IDC,176.6,Living,Negative,Yes,129.8,Recurred,Female,ER+/HER2- Low Prolif,50.0,3.0,Living
MB-0365,76,Breast Conserving,Breast Cancer,Breast Invasive Mixed Mucinous Carcinoma,Low,No,claudin-low,1.0,Positve,Positive,2,Gain,Positive,Mucinous,Yes,Post,2,Right,0.0,6.0,3.03,IMMC,87.23333333,Deceased,Negative,Yes,86.09,Recurred,Female,ER+/HER2- Low Prolif,15.0,1.0,Died of Disease
MB-0366,51,Mastectomy,Breast Cancer,Breast Mixed Ductal and Lobular Carcinoma,Moderate,No,LumA,1.0,Positve,Positive,2,Neutral,Negative,Mixed,Yes,Post,8,Left,0.0,4.0,3.044,MDLC,64.23333333,Living,Positive,No,63.39,Not Recurred,Female,ER+/HER2- High Prolif,22.0,2.0,Living
MB-0367,70,Breast Conserving,Breast Cancer,Breast Mixed Ductal and Lobular Carcinoma,Moderate,No,claudin-low,1.0,Positve,Positive,2,Neutral,Negative,Mixed,Yes,Post,8,Right,0.0,2.0,3.018,MDLC,142.4333333,Living,Negative,Yes,140.56,Not Recurred,Female,ER+/HER2- High Prolif,9.0,1.0,Living
MB-0368,74,Mastectomy,Breast Cancer,Breast Invasive Ductal Carcinoma,High,Yes,LumB,1.0,Positve,Positive,3,Neutral,Negative,Ductal/NST,Yes,Post,2,Left,10.0,3.0,6.062,IDC,61.9,Deceased,Positive,Yes,31.45,Recurred,Female,ER+/HER2- High Prolif,31.0,2.0,Died of Disease
MB-0369,65,Mastectomy,Breast Cancer,Breast Invasive Lobular Carcinoma,High,Yes,LumB,1.0,Positve,Positive,3,Gain,Negative,Lobular,Yes,Post,1,Left,7.0,2.0,6.054,ILC,144.3333333,Living,Negative,Yes,139.9,Recurred,Female,ER+/HER2- High Prolif,27.0,2.0,Living
MB-0370,64,Mastectomy,Breast Cancer,Breast Invasive Ductal Carcinoma,Moderate,Yes,LumB,1.0,Positve,Positive,3,Neutral,Negative,Ductal/NST,Yes,Post,9,Left,16.0,1.0,6.094,IDC,93.5,Deceased,Negative,Yes,92.27,Not Recurred,Female,ER+/HER2- High Prolif,47.0,2.0,Died of Other Causes
MB-0371,78,Mastectomy,Breast Cancer,Breast Invasive Ductal Carcinoma,Moderate,No,LumB,1.0,Positve,Positive,3,Gain,Positive,Ductal/NST,Yes,Post,5,Right,6.0,1.0,6.044,IDC,131.1333333,Living,Negative,Yes,129.41,Not Recurred,Female,ER+/HER2- High Prolif,22.0,2.0,Living
MB-0372,39,Breast Conserving,Breast Cancer,Breast Invasive Ductal Carcinoma,High,Yes,Basal,1.0,Negative,Negative,3,Neutral,Negative,Ductal/NST,Yes,Pre,10,Right,0.0,1.0,4.036,IDC,62.76666667,Deceased,Negative,Yes,46.64,Recurred,Female,ER+/HER2- High Prolif,18.0,1.0,Died of Disease
MB-0373,63,Breast Conserving,Breast Cancer,Breast Invasive Ductal Carcinoma,High,No,LumB,1.0,Positve,Positive,3,Gain,Positive,Ductal/NST,Yes,Post,5,Left,2.0,2.0,5.048,IDC,27.0,Deceased,Positive,Yes,26.64,Recurred,Female,ER+/HER2- High Prolif,24.0,2.0,Died of Disease
MB-0374,34,Breast Conserving,Breast Cancer,Breast Invasive Ductal Carcinoma,Moderate,No,LumB,1.0,Positve,Positive,3,Loss,Negative,Ductal/NST,Yes,Pre,1,Right,15.0,2.0,6.05,IDC,1.433333333,Living,Negative,No,1.41,Not Recurred,Female,ER+/HER2- High Prolif,25.0,2.0,Living
MB-0375,72,Mastectomy,Breast Cancer,Breast Invasive Ductal Carcinoma,High,No,Normal,1.0,Negative,Positive,3,Neutral,Negative,Ductal/NST,No,Post,10,Right,1.0,3.0,5.046,IDC,143.1666667,Living,Positive,Yes,141.28,Not Recurred,Female,ER+/HER2- High Prolif,23.0,2.0,Living
MB-0377,63,Breast Conserving,Breast Cancer,Breast Invasive Ductal Carcinoma,Moderate,No,LumA,1.0,Positve,Positive,2,Neutral,Negative,Ductal/NST,Yes,Post,10,Right,0.0,2.0,3.024,IDC,134.3666667,Living,Positive,Yes,132.6,Not Recurred,Female,ER+/HER2- Low Prolif,12.0,1.0,Living
MB-0378,57,Mastectomy,Breast Cancer,Breast Invasive Ductal Carcinoma,Moderate,Yes,Her2,1.0,Negative,Negative,3,Gain,Positive,Ductal/NST,No,Post,5,Right,2.0,13.0,5.056,IDC,97.3,Deceased,Negative,Yes,96.02,Recurred,Female,ER+/HER2- Low Prolif,28.0,2.0,Died of Disease
MB-0379,48,Breast Conserving,Breast Cancer,Breast Invasive Ductal Carcinoma,High,Yes,LumA,1.0,Positve,Positive,2,Neutral,Negative,Ductal/NST,Yes,Pre,7,Right,1.0,5.0,4.058,IDC,135.6666667,Living,Negative,Yes,117.93,Recurred,Female,ER+/HER2- Low Prolif,29.0,2.0,Living
MB-0380,83,Breast Conserving,Breast Cancer,Breast Invasive Ductal Carcinoma,High,No,LumB,1.0,Positve,Positive,3,Neutral,Negative,Ductal/NST,Yes,Post,9,Right,1.0,4.0,5.05,IDC,69.33333333,Deceased,Positive,Yes,68.42,Not Recurred,Female,ER+/HER2- High Prolif,25.0,2.0,Died of Other Causes
MB-0381,33,Breast Conserving,Breast Cancer,Breast Invasive Ductal Carcinoma,High,Yes,Her2,1.0,Positve,Positive,3,Gain,Positive,Ductal/NST,Yes,Pre,5,Right,0.0,6.0,4.042,IDC,130.2,Living,Negative,Yes,128.49,Not Recurred,Female,ER+/HER2- High Prolif,21.0,2.0,Living
MB-0382,59,Breast Conserving,Breast Cancer,Breast Invasive Ductal Carcinoma,Moderate,Yes,LumA,1.0,Positve,Positive,2,Neutral,Negative,Ductal/NST,Yes,Post,3,Right,2.0,3.0,4.044,IDC,136.4666667,Living,Negative,Yes,134.67,Not Recurred,Female,ER+/HER2- Low Prolif,22.0,2.0,Living
MB-0383,65,Mastectomy,Breast Cancer,Breast Invasive Ductal Carcinoma,High,No,LumB,1.0,Positve,Positive,3,Neutral,Negative,Ductal/NST,Yes,Post,1,Left,0.0,4.0,4.038,IDC,85.73333333,Deceased,Negative,No,84.61,Recurred,Female,ER+/HER2- High Prolif,19.0,1.0,Died of Disease
MB-0384,74,Mastectomy,Breast Cancer,Breast Invasive Ductal Carcinoma,High,No,LumB,1.0,Positve,Positive,3,Loss,Negative,Ductal/NST,Yes,Post,8,Left,13.0,6.0,6.086,IDC,61.1,Deceased,Positive,Yes,55.26,Recurred,Female,ER+/HER2- High Prolif,43.0,2.0,Died of Disease
MB-0385,66,Breast Conserving,Breast Cancer,Breast Invasive Ductal Carcinoma,High,Yes,LumB,1.0,Positve,Positive,3,Neutral,Negative,Ductal/NST,Yes,Post,9,Left,11.0,1.0,6.062,IDC,36.43333333,Deceased,Negative,Yes,24.57,Recurred,Female,ER+/HER2- High Prolif,31.0,2.0,Died of Disease
MB-0386,66,Breast Conserving,Breast Cancer,Breast Invasive Ductal Carcinoma,Moderate,No,LumA,1.0,Positve,Positive,3,Loss,Negative,Ductal/NST,Yes,Post,9,Right,8.0,5.0,6.03,IDC,138.1333333,Living,Positive,Yes,121.09,Recurred,Female,ER+/HER2- Low Prolif,15.0,3.0,Living
MB-0388,46,Mastectomy,Breast Cancer,Breast Invasive Ductal Carcinoma,Low,Yes,Normal,1.0,Positve,Positive,3,Gain,Positive,Ductal/NST,Yes,Pre,1,Left,3.0,3.0,5.056,IDC,97.56666667,Living,Negative,Yes,96.28,Not Recurred,Female,ER+/HER2- Low Prolif,28.0,2.0,Living
MB-0389,46,Mastectomy,Breast Cancer,Breast Invasive Ductal Carcinoma,High,Yes,LumB,1.0,Positve,Positive,3,Gain,Positive,Ductal/NST,Yes,Pre,2,Right,19.0,1.0,6.1,IDC,96.96666667,Living,Positive,Yes,95.69,Not Recurred,Female,ER+/HER2- Low Prolif,50.0,3.0,Living
MB-0390,40,Breast Conserving,Breast Cancer,Breast Invasive Ductal Carcinoma,Low,Yes,claudin-low,1.0,Positve,Negative,3,Gain,Positive,Ductal/NST,No,Pre,5,Right,19.0,1.0,6.034,IDC,72.2,Deceased,Negative,Yes,46.02,Recurred,Female,ER+/HER2- Low Prolif,17.0,2.0,Died of Disease
MB-0391,61,Breast Conserving,Breast Cancer,Breast Invasive Ductal Carcinoma,Moderate,Yes,claudin-low,1.0,Negative,Negative,3,Gain,Positive,Ductal/NST,No,Post,1,Left,15.0,1.0,6.1,IDC,142.4666667,Living,Negative,Yes,140.59,Not Recurred,Female,ER+/HER2- Low Prolif,50.0,3.0,Living
MB-0392,56,Mastectomy,Breast Cancer,Breast Invasive Ductal Carcinoma,Moderate,Yes,Normal,1.0,Positve,Positive,3,Neutral,Negative,Ductal/NST,Yes,Post,1,Left,2.0,2.0,5.06,IDC,38.13333333,Deceased,Positive,No,8.78,Recurred,Female,ER+/HER2- High Prolif,30.0,4.0,Died of Disease
MB-0393,68,Mastectomy,Breast Cancer,Breast Invasive Ductal Carcinoma,Low,Yes,claudin-low,1.0,Positve,Positive,3,Neutral,Negative,Ductal/NST,Yes,Post,2,Left,16.0,3.0,6.106,IDC,20.83333333,Deceased,Positive,Yes,8.65,Recurred,Female,ER+/HER2- High Prolif,53.0,3.0,Died of Disease
MB-0394,56,Breast Conserving,Breast Cancer,Breast Mixed Ductal and Lobular Carcinoma,Moderate,No,LumA,1.0,Positve,Positive,2,Neutral,Negative,Mixed,Yes,Post,2,Left,0.0,5.0,3.04,MDLC,64.23333333,Living,Positive,Yes,63.39,Not Recurred,Female,ER+/HER2- High Prolif,20.0,1.0,Living
MB-0395,80,Mastectomy,Breast Cancer,Breast Invasive Ductal Carcinoma,High,No,Her2,1.0,Negative,Negative,3,Gain,Positive,Ductal/NST,No,Post,5,Left,2.0,11.0,5.1,IDC,29.0,Deceased,Negative,Yes,26.48,Recurred,Female,ER+/HER2- High Prolif,50.0,2.0,Died of Disease
MB-0396,56,Breast Conserving,Breast Cancer,Breast Invasive Ductal Carcinoma,High,Yes,Basal,1.0,Negative,Negative,3,Neutral,Negative,Ductal/NST,No,Post,10,Left,0.0,6.0,4.054,IDC,60.66666667,Living,Negative,Yes,59.87,Not Recurred,Female,ER+/HER2- High Prolif,27.0,2.0,Living
MB-0397,58,Breast Conserving,Breast Cancer,Breast Invasive Ductal Carcinoma,High,No,LumA,1.0,Positve,Positive,1,Neutral,Negative,Tubular/ cribriform,Yes,Post,10,Right,0.0,3.0,2.022,IDC,57.23333333,Living,Positive,Yes,56.48,Not Recurred,Female,ER+/HER2- Low Prolif,11.0,1.0,Living
MB-0398,56,Mastectomy,Breast Cancer,Breast Invasive Ductal Carcinoma,Moderate,No,LumB,1.0,Positve,Positive,3,Neutral,Negative,Ductal/NST,Yes,Post,6,Left,19.0,2.0,6.084,IDC,43.2,Deceased,Negative,Yes,37.73,Recurred,Female,ER+/HER2- High Prolif,42.0,3.0,Died of Disease
MB-0399,68,Mastectomy,Breast Cancer,Breast Invasive Ductal Carcinoma,Low,Yes,Her2,1.0,Negative,Negative,3,Neutral,Negative,Ductal/NST,No,Post,6,Left,11.0,2.0,6.09,IDC,137.1,Deceased,Negative,Yes,66.78,Recurred,Female,ER+/HER2- High Prolif,45.0,3.0,Died of Other Causes
MB-0400,55,Breast Conserving,Breast Cancer,Breast Invasive Ductal Carcinoma,Moderate,Yes,claudin-low,1.0,Negative,Negative,3,Neutral,Negative,Ductal/NST,No,Post,10,Right,0.0,2.0,4.032,IDC,22.46666667,Deceased,Negative,No,18.78,Recurred,Female,ER+/HER2- High Prolif,16.0,1.0,Died of Disease
MB-0401,48,Breast Conserving,Breast Cancer,Breast Invasive Ductal Carcinoma,High,Yes,claudin-low,1.0,Negative,Negative,3,Neutral,Negative,Ductal/NST,No,Pre,10,Right,0.0,2.0,4.04,IDC,26.26666667,Deceased,Negative,Yes,20.39,Recurred,Female,ER+/HER2- High Prolif,20.0,1.0,Died of Disease
MB-0402,73,Breast Conserving,Breast Cancer,Breast Invasive Ductal Carcinoma,Low,No,claudin-low,1.0,Positve,Positive,1,Neutral,Negative,Ductal/NST,Yes,Post,10,Left,0.0,1.0,2.022,IDC,99.73333333,Living,Positive,Yes,98.42,Not Recurred,Female,ER+/HER2- Low Prolif,11.0,1.0,Living
MB-0403,58,Breast Conserving,Breast Sarcoma,Breast Angiosarcoma,High,No,claudin-low,1.0,Positve,Negative,1,Neutral,Negative,Ductal/NST,No,Post,10,Left,0.0,1.0,2.0,PBS,141.0,Living,Negative,No,139.14,Not Recurred,Female,ER+/HER2- Low Prolif,11.0,1.0,Living
MB-0404,60,Breast Conserving,Breast Cancer,Breast Invasive Ductal Carcinoma,High,No,LumA,1.0,Positve,Positive,3,Loss,Negative,Ductal/NST,Yes,Post,8,Left,1.0,3.0,5.03,IDC,63.5,Living,Positive,Yes,62.66,Not Recurred,Female,ER+/HER2- High Prolif,15.0,2.0,Living
MB-0405,72,Breast Conserving,Breast Cancer,Breast Invasive Ductal Carcinoma,High,No,LumB,1.0,Positve,Positive,2,Neutral,Negative,Ductal/NST,Yes,Post,7,Left,1.0,3.0,3.032,IDC,59.06666667,Deceased,Positive,Yes,58.29,Not Recurred,Female,ER+/HER2- High Prolif,16.0,1.0,Died of Other Causes
MB-0406,69,Mastectomy,Breast Cancer,Breast Invasive Ductal Carcinoma,Moderate,Yes,LumB,1.0,Positve,Positive,3,Neutral,Negative,Ductal/NST,Yes,Post,2,Left,17.0,5.0,6.36,IDC,96.9,Deceased,Negative,Yes,31.97,Recurred,Female,ER+/HER2- High Prolif,180.0,3.0,Died of Disease
MB-0408,51,Mastectomy,Breast Cancer,Breast Invasive Ductal Carcinoma,Moderate,Yes,LumA,1.0,Positve,Positive,2,Neutral,Negative,Ductal/NST,Yes,Post,7,Left,17.0,5.0,5.094,IDC,101.8333333,Living,Positive,Yes,100.49,Not Recurred,Female,ER+/HER2- Low Prolif,47.0,2.0,Living
MB-0410,57,Breast Conserving,Breast Cancer,Breast Invasive Lobular Carcinoma,High,No,LumA,1.0,Positve,Positive,2,Neutral,Negative,Lobular,Yes,Post,3,Right,0.0,3.0,3.04,ILC,63.0,Living,Positive,Yes,62.17,Not Recurred,Female,ER+/HER2- Low Prolif,20.0,1.0,Living
MB-0411,54,Mastectomy,Breast Cancer,Breast Mixed Ductal and Lobular Carcinoma,Moderate,Yes,LumA,1.0,Positve,Positive,2,Loss,Negative,Mixed,Yes,Post,6,Left,1.0,3.0,4.036,MDLC,139.1666667,Living,Negative,Yes,137.34,Not Recurred,Female,ER+/HER2- Low Prolif,18.0,2.0,Living
MB-0412,54,Breast Conserving,Breast Cancer,Breast Invasive Ductal Carcinoma,High,No,LumB,1.0,Positve,Positive,3,Neutral,Negative,Ductal/NST,Yes,Post,6,Right,1.0,1.0,5.038,IDC,136.1666667,Living,Negative,Yes,134.38,Not Recurred,Female,ER+/HER2- High Prolif,19.0,2.0,Living
MB-0413,56,Breast Conserving,Breast Cancer,Breast Invasive Ductal Carcinoma,High,Yes,LumA,1.0,Positve,Positive,3,Neutral,Negative,Ductal/NST,Yes,Post,2,Left,5.0,3.0,6.094,IDC,140.0666667,Living,Positive,Yes,126.97,Recurred,Female,ER+/HER2- High Prolif,47.0,2.0,Living
MB-0414,72,Breast Conserving,Breast Cancer,Breast Invasive Ductal Carcinoma,Low,No,claudin-low,1.0,Negative,Negative,3,Loss,Negative,Ductal/NST,No,Post,10,Left,0.0,7.0,4.042,IDC,76.63333333,Living,Negative,Yes,75.63,Not Recurred,Female,ER+/HER2- High Prolif,21.0,2.0,Living
MB-0417,54,Mastectomy,Breast Cancer,Breast Invasive Ductal Carcinoma,Low,No,Her2,1.0,Positve,Positive,2,Neutral,Negative,Ductal/NST,Yes,Post,7,Left,1.0,2.0,4.08,IDC,6.266666667,Deceased,Positive,Yes,6.18,Recurred,Female,ER+/HER2- High Prolif,40.0,2.0,Died of Disease
MB-0418,58,Breast Conserving,Breast Cancer,Breast Invasive Ductal Carcinoma,Moderate,No,Her2,1.0,Positve,Positive,3,Neutral,Negative,Ductal/NST,Yes,Post,9,Right,1.0,1.0,5.062,IDC,102.0666667,Living,Negative,Yes,100.72,Not Recurred,Female,ER+/HER2- High Prolif,31.0,2.0,Living
MB-0419,77,Mastectomy,Breast Cancer,Breast Invasive Ductal Carcinoma,High,No,LumA,1.0,Positve,Positive,2,Neutral,Negative,Ductal/NST,Yes,Post,8,Right,3.0,3.0,4.042,IDC,104.3,Deceased,Positive,Yes,102.93,Not Recurred,Female,ER+/HER2- High Prolif,21.0,2.0,Died of Other Causes
MB-0420,34,Breast Conserving,Breast Cancer,Breast Invasive Ductal Carcinoma,High,Yes,claudin-low,1.0,Negative,Negative,3,Neutral,Negative,Ductal/NST,No,Pre,10,Left,0.0,3.0,4.032,IDC,76.73333333,Living,Negative,Yes,75.72,Not Recurred,Female,ER+/HER2- High Prolif,16.0,1.0,Living
MB-0421,73,Mastectomy,Breast Cancer,Breast Invasive Ductal Carcinoma,Low,No,Her2,1.0,Positve,Positive,3,Gain,Positive,Ductal/NST,Yes,Post,5,Left,0.0,7.0,4.048,IDC,93.0,Deceased,Positive,No,91.78,Not Recurred,Female,ER+/HER2- High Prolif,24.0,2.0,Died of Other Causes
MB-0422,66,Breast Conserving,Breast Cancer,Breast Invasive Ductal Carcinoma,High,No,LumA,1.0,Positve,Positive,2,Neutral,Negative,Ductal/NST,Yes,Post,8,Right,7.0,3.0,5.032,IDC,33.8,Deceased,Positive,Yes,33.36,Not Recurred,Female,ER+/HER2- Low Prolif,16.0,2.0,Died of Other Causes
MB-0423,71,Breast Conserving,Breast Cancer,Breast Invasive Lobular Carcinoma,High,No,claudin-low,1.0,Positve,Positive,2,Neutral,Negative,Lobular,Yes,Post,3,Left,7.0,3.0,3.07,ILC,138.9333333,Living,Positive,No,137.11,Not Recurred,Female,ER+/HER2- Low Prolif,35.0,2.0,Living
MB-0425,83,Mastectomy,Breast Cancer,Breast Invasive Ductal Carcinoma,High,No,LumA,1.0,Positve,Positive,2,Neutral,Negative,Ductal/NST,Yes,Post,3,Left,6.0,2.0,5.044,IDC,24.4,Deceased,Positive,Yes,24.08,Not Recurred,Female,ER+/HER2- Low Prolif,22.0,2.0,Died of Other Causes
MB-0426,50,Mastectomy,Breast Cancer,Breast Invasive Ductal Carcinoma,Moderate,Yes,Normal,1.0,Positve,Positive,2,Neutral,Negative,Ductal/NST,Yes,Post,3,Right,2.0,3.0,4.084,IDC,131.1,Living,Positive,Yes,129.38,Not Recurred,Female,ER+/HER2- Low Prolif,42.0,2.0,Living
MB-0427,81,Mastectomy,Breast Cancer,Breast Invasive Lobular Carcinoma,Moderate,No,LumA,1.0,Positve,Positive,2,Neutral,Negative,Lobular,Yes,Post,7,Left,15.0,1.0,5.042,ILC,116.1,Living,Negative,Yes,114.57,Not Recurred,Female,ER+/HER2- High Prolif,21.0,2.0,Living
MB-0428,85,Mastectomy,Breast Cancer,Breast Invasive Ductal Carcinoma,High,No,LumA,1.0,Positve,Positive,3,Neutral,Negative,Ductal/NST,Yes,Post,9,Left,4.0,2.0,6.04,IDC,55.93333333,Living,Negative,Yes,55.2,Not Recurred,Female,ER+/HER2- High Prolif,20.0,2.0,Living
MB-0429,78,Mastectomy,Breast Cancer,Breast Invasive Lobular Carcinoma,High,No,LumB,1.0,Positve,Positive,3,Gain,Negative,Lobular,Yes,Post,1,Right,4.0,3.0,6.08,ILC,74.46666667,Deceased,Positive,Yes,73.49,Not Recurred,Female,ER+/HER2- High Prolif,40.0,2.0,Died of Other Causes
MB-0431,63,Breast Conserving,Breast Cancer,Breast Invasive Lobular Carcinoma,High,No,LumA,1.0,Positve,Positive,2,Neutral,Negative,Lobular,Yes,Post,3,Left,2.0,3.0,4.114,ILC,85.13333333,Living,Negative,Yes,84.01,Not Recurred,Female,ER+/HER2- Low Prolif,57.0,2.0,Living
MB-0432,60,Mastectomy,Breast Cancer,Breast Invasive Ductal Carcinoma,Moderate,No,claudin-low,1.0,Positve,Negative,1,Neutral,Negative,Ductal/NST,Yes,Post,3,Right,2.0,3.0,2.028,IDC,105.8,Living,Negative,No,104.41,Not Recurred,Female,ER+/HER2- Low Prolif,14.0,2.0,Living
MB-0434,69,Mastectomy,Breast Cancer,Breast Invasive Ductal Carcinoma,High,Yes,LumB,1.0,Positve,Positive,3,Gain,Positive,Ductal/NST,Yes,Post,5,Right,2.0,5.0,5.04,IDC,45.5,Deceased,Negative,No,23.75,Recurred,Female,ER+/HER2- Low Prolif,20.0,2.0,Died of Disease
MB-0435,68,Mastectomy,Breast Cancer,Breast Mixed Ductal and Lobular Carcinoma,High,No,claudin-low,1.0,Positve,Negative,2,Neutral,Negative,Mixed,Yes,Post,5,Left,2.0,5.0,3.008,MDLC,110.5333333,Living,Negative,No,109.08,Not Recurred,Female,ER+/HER2- Low Prolif,4.0,1.0,Living
MB-0436,88,Breast Conserving,Breast Cancer,Breast Invasive Ductal Carcinoma,Moderate,No,Her2,1.0,Negative,Negative,3,Neutral,Negative,Ductal/NST,No,Post,5,Left,0.0,2.0,4.026,IDC,75.5,Deceased,Negative,Yes,74.51,Not Recurred,Female,ER+/HER2- Low Prolif,13.0,1.0,Died of Other Causes
MB-0437,82,Breast Conserving,Breast Cancer,Breast Mixed Ductal and Lobular Carcinoma,Low,No,LumB,1.0,Positve,Positive,2,Loss,Negative,Mixed,Yes,Post,5,Right,3.0,3.0,4.03,MDLC,90.56666667,Living,Positive,Yes,89.38,Not Recurred,Female,ER+/HER2- High Prolif,15.0,2.0,Living
MB-0438,57,Mastectomy,Breast Cancer,Breast Invasive Ductal Carcinoma,High,Yes,Her2,1.0,Negative,Negative,3,Gain,Positive,Ductal/NST,No,Post,5,Left,1.0,1.0,5.05,IDC,135.1666667,Living,Negative,Yes,133.39,Not Recurred,Female,ER+/HER2- High Prolif,25.0,2.0,Living
MB-0439,50,Mastectomy,Breast Cancer,Breast Invasive Mixed Mucinous Carcinoma,High,No,LumB,1.0,Positve,Positive,2,Neutral,Negative,Mucinous,Yes,Post,8,Left,0.0,1.0,3.03,IMMC,112.1333333,Living,Positive,No,110.66,Not Recurred,Female,ER+/HER2- High Prolif,15.0,1.0,Living
MB-0440,56,Breast Conserving,Breast Cancer,Breast Invasive Ductal Carcinoma,High,Yes,LumB,1.0,Positve,Positive,3,Neutral,Negative,Ductal/NST,Yes,Post,1,Left,1.0,5.0,5.052,IDC,100.8333333,Living,Negative,Yes,99.51,Not Recurred,Female,ER+/HER2- High Prolif,26.0,2.0,Living
MB-0442,71,Breast Conserving,Breast Cancer,Breast Invasive Ductal Carcinoma,Low,No,claudin-low,1.0,Positve,Positive,2,Neutral,Negative,Ductal/NST,Yes,Post,1,Right,1.0,4.0,4.034,IDC,103.4666667,Deceased,Negative,No,102.11,Recurred,Female,ER+/HER2- Low Prolif,17.0,2.0,Died of Disease
MB-0443,61,Mastectomy,Breast Cancer,Breast Invasive Ductal Carcinoma,High,No,claudin-low,1.0,Positve,Positive,2,Neutral,Negative,Ductal/NST,Yes,Post,7,Left,0.0,2.0,3.052,IDC,45.03333333,Living,Positive,Yes,44.44,Not Recurred,Female,ER+/HER2- Low Prolif,26.0,2.0,Living
MB-0444,49,Breast Conserving,Breast Cancer,Breast Invasive Lobular Carcinoma,Moderate,No,LumB,1.0,Positve,Positive,2,Neutral,Negative,Lobular,Yes,Pre,8,Left,18.0,2.0,5.066,ILC,55.46666667,Deceased,Positive,Yes,32.6,Recurred,Female,ER+/HER2- Low Prolif,33.0,4.0,Died of Disease
MB-0445,40,Breast Conserving,Breast Cancer,Breast Invasive Ductal Carcinoma,High,Yes,LumA,1.0,Positve,Positive,2,Neutral,Negative,Ductal/NST,Yes,Pre,7,Left,1.0,1.0,4.046,IDC,132.5333333,Living,Positive,Yes,130.79,Not Recurred,Female,ER+/HER2- High Prolif,23.0,2.0,Living
MB-0446,56,Mastectomy,Breast Cancer,Breast Invasive Ductal Carcinoma,Moderate,Yes,claudin-low,1.0,Negative,Negative,3,Neutral,Negative,Ductal/NST,No,Post,10,Right,0.0,4.0,4.048,IDC,72.26666667,Living,Negative,No,71.32,Not Recurred,Female,ER+/HER2- High Prolif,24.0,2.0,Living
MB-0449,54,Mastectomy,Breast Cancer,Breast Invasive Ductal Carcinoma,High,Yes,LumA,1.0,Positve,Positive,1,Neutral,Negative,Ductal/NST,Yes,Post,3,Right,2.0,3.0,3.07,IDC,112.5666667,Living,Positive,Yes,111.09,Not Recurred,Female,ER+/HER2- Low Prolif,35.0,2.0,Living
MB-0451,63,Mastectomy,Breast Cancer,Breast Invasive Ductal Carcinoma,Moderate,No,LumA,1.0,Positve,Positive,1,Neutral,Negative,Ductal/NST,Yes,Post,8,Right,0.0,5.0,2.032,IDC,50.06666667,Living,Negative,No,49.41,Not Recurred,Female,ER+/HER2- Low Prolif,16.0,1.0,Living
MB-0452,54,Breast Conserving,Breast Cancer,Breast Invasive Ductal Carcinoma,Moderate,No,LumB,1.0,Positve,Positive,3,Gain,Negative,Ductal/NST,Yes,Post,9,Left,0.0,3.0,4.046,IDC,62.8,Living,Negative,Yes,61.97,Not Recurred,Female,ER+/HER2- High Prolif,23.0,2.0,Living
MB-0453,61,Mastectomy,Breast Cancer,Breast Invasive Ductal Carcinoma,Moderate,Yes,Her2,1.0,Positve,Negative,3,Loss,Negative,Ductal/NST,Yes,Post,2,Right,6.0,4.0,6.2,IDC,43.13333333,Deceased,Negative,Yes,16.12,Recurred,Female,ER+/HER2- High Prolif,100.0,3.0,Died of Disease
MB-0454,90,Breast Conserving,Breast Cancer,Breast Invasive Mixed Mucinous Carcinoma,Moderate,No,LumA,1.0,Positve,Positive,2,Neutral,Negative,Mucinous,Yes,Post,3,Right,0.0,4.0,3.04,IMMC,46.83333333,Deceased,Positive,Yes,46.22,Not Recurred,Female,ER+/HER2- Low Prolif,20.0,1.0,Died of Other Causes
MB-0455,56,Breast Conserving,Breast Cancer,Breast Invasive Ductal Carcinoma,Moderate,No,LumB,1.0,Positve,Positive,2,Loss,Negative,Ductal/NST,Yes,Post,10,Left,0.0,4.0,3.036,IDC,99.33333333,Living,Positive,Yes,98.03,Not Recurred,Female,ER+/HER2- High Prolif,18.0,1.0,Living
MB-0458,49,Mastectomy,Breast Cancer,Breast Invasive Ductal Carcinoma,Low,Yes,Normal,1.0,Positve,Positive,2,Neutral,Negative,Ductal/NST,Yes,Pre,10,Left,2.0,1.0,4.1,IDC,134.5,Living,Positive,Yes,64.21,Recurred,Female,ER+/HER2- Low Prolif,50.0,2.0,Living
MB-0459,85,Mastectomy,Breast Cancer,Breast Invasive Ductal Carcinoma,Low,No,LumB,1.0,Positve,Positive,3,Gain,Negative,Ductal/NST,Yes,Post,6,Left,2.0,5.0,5.068,IDC,35.6,Deceased,Negative,Yes,35.13,Not Recurred,Female,ER+/HER2- High Prolif,34.0,3.0,Died of Other Causes
MB-0460,81,Breast Conserving,Breast Cancer,Breast Invasive Lobular Carcinoma,High,No,claudin-low,1.0,Positve,Positive,2,Neutral,Negative,Lobular,Yes,Post,6,Left,0.0,5.0,3.044,ILC,114.0,Deceased,Positive,Yes,94.61,Recurred,Female,ER+/HER2- Low Prolif,22.0,2.0,Died of Disease
MB-0462,60,Mastectomy,Breast Cancer,Breast Invasive Ductal Carcinoma,Moderate,No,claudin-low,1.0,Positve,Negative,3,Gain,Positive,Ductal/NST,Yes,Post,5,Right,0.0,1.0,4.032,IDC,132.7666667,Living,Negative,Yes,131.02,Not Recurred,Female,ER+/HER2- Low Prolif,16.0,1.0,Living
MB-0463,60,Breast Conserving,Breast Cancer,Breast Invasive Ductal Carcinoma,High,No,LumA,1.0,Positve,Positive,2,Neutral,Negative,Ductal/NST,Yes,Post,5,Left,0.0,10.0,3.042,IDC,120.5666667,Deceased,Positive,Yes,118.98,Recurred,Female,ER+/HER2- Low Prolif,21.0,1.0,Died of Disease
MB-0464,58,Mastectomy,Breast Cancer,Breast Invasive Ductal Carcinoma,Low,Yes,Basal,1.0,Negative,Negative,3,Loss,Negative,Ductal/NST,No,Post,9,Right,17.0,2.0,6.026,IDC,39.3,Deceased,Negative,Yes,19.28,Recurred,Female,ER+/HER2- Low Prolif,13.0,3.0,Died of Disease
MB-0465,87,Mastectomy,Breast Cancer,Breast Invasive Ductal Carcinoma,Moderate,No,LumB,1.0,Positve,Positive,3,Gain,Positive,Ductal/NST,Yes,Post,5,Left,2.0,1.0,5.052,IDC,28.6,Deceased,Negative,No,21.58,Recurred,Female,ER+/HER2- Low Prolif,26.0,2.0,Died of Disease
MB-0466,33,Mastectomy,Breast Cancer,Breast Invasive Ductal Carcinoma,High,Yes,LumA,1.0,Positve,Positive,2,Neutral,Negative,Ductal/NST,Yes,Pre,1,Left,4.0,1.0,5.14,IDC,43.86666667,Living,Negative,Yes,43.29,Not Recurred,Female,ER+/HER2- Low Prolif,70.0,2.0,Living
MB-0467,58,Breast Conserving,Breast Cancer,Breast Invasive Ductal Carcinoma,High,Yes,Her2,1.0,Negative,Negative,3,Gain,Positive,Ductal/NST,No,Post,5,Left,0.0,3.0,4.026,IDC,105.6,Deceased,Negative,No,73.45,Recurred,Female,ER+/HER2- Low Prolif,13.0,1.0,Died of Disease
MB-0468,60,Mastectomy,Breast Cancer,Breast Invasive Ductal Carcinoma,Moderate,Yes,LumA,1.0,Positve,Positive,3,Neutral,Negative,Ductal/NST,Yes,Post,1,Left,4.0,3.0,6.052,IDC,129.6,Deceased,Negative,Yes,127.89,Not Recurred,Female,ER+/HER2- Low Prolif,26.0,2.0,Died of Other Causes
MB-0469,67,Mastectomy,Breast Cancer,Breast Invasive Ductal Carcinoma,Moderate,Yes,LumB,1.0,Positve,Positive,3,Gain,Negative,Ductal/NST,Yes,Post,6,Left,3.0,1.0,5.078,IDC,131.2666667,Living,Positive,Yes,129.54,Not Recurred,Female,ER+/HER2- High Prolif,39.0,2.0,Living
MB-0470,61,Breast Conserving,Breast Cancer,Breast Invasive Lobular Carcinoma,High,No,claudin-low,1.0,Positve,Negative,1,Loss,Negative,Lobular,Yes,Post,6,Left,0.0,4.0,2.03,ILC,88.23333333,Living,Negative,Yes,87.07,Not Recurred,Female,ER+/HER2- High Prolif,15.0,1.0,Living
MB-0471,76,Breast Conserving,Breast Cancer,Breast Invasive Mixed Mucinous Carcinoma,Moderate,No,LumA,1.0,Positve,Positive,2,Neutral,Negative,Mucinous,Yes,Post,1,Left,0.0,1.0,3.034,IMMC,107.4666667,Living,Positive,Yes,106.05,Not Recurred,Female,ER+/HER2- High Prolif,17.0,1.0,Living
MB-0472,59,Breast Conserving,Breast Cancer,Breast Invasive Lobular Carcinoma,High,No,LumB,1.0,Positve,Positive,2,Neutral,Negative,Lobular,No,Post,7,Left,0.0,2.0,1.022,ILC,27.4,Living,Positive,Yes,27.04,Not Recurred,Female,ER+/HER2- High Prolif,11.0,0.0,Living
MB-0474,54,Mastectomy,Breast Cancer,Breast Invasive Ductal Carcinoma,High,Yes,LumB,1.0,Positve,Positive,3,Neutral,Negative,Ductal/NST,Yes,Post,9,Right,3.0,2.0,5.16,IDC,111.1,Deceased,Positive,Yes,98.88,Recurred,Female,ER+/HER2- High Prolif,80.0,3.0,Died of Disease
MB-0475,54,Breast Conserving,Breast Cancer,Breast Invasive Ductal Carcinoma,Moderate,No,LumA,1.0,Positve,Positive,3,Neutral,Negative,Ductal/NST,Yes,Post,9,Left,0.0,4.0,4.04,IDC,130.7,Living,Positive,Yes,128.98,Not Recurred,Female,ER+/HER2- High Prolif,20.0,1.0,Living
MB-0476,54,Mastectomy,Breast Cancer,Breast Invasive Ductal Carcinoma,Moderate,Yes,claudin-low,1.0,Negative,Positive,3,Neutral,Negative,Ductal/NST,No,Post,9,Left,0.0,1.0,4.05,IDC,130.4333333,Living,Negative,Yes,128.72,Not Recurred,Female,ER+/HER2- High Prolif,25.0,2.0,Living
MB-0478,74,Mastectomy,Breast Cancer,Breast Invasive Ductal Carcinoma,Low,No,claudin-low,1.0,Positve,Positive,2,Neutral,Negative,Ductal/NST,Yes,Post,3,Right,3.0,1.0,4.046,IDC,132.3,Living,Positive,Yes,130.56,Not Recurred,Female,ER+/HER2- Low Prolif,23.0,2.0,Living
MB-0479,33,Mastectomy,Breast Cancer,Breast Invasive Ductal Carcinoma,High,Yes,Her2,1.0,Negative,Negative,3,Gain,Positive,Ductal/NST,Yes,Pre,5,Left,0.0,1.0,4.044,IDC,132.7666667,Living,Negative,Yes,131.02,Not Recurred,Female,ER+/HER2- Low Prolif,22.0,2.0,Living
MB-0480,51,Breast Conserving,Breast Cancer,Breast Invasive Ductal Carcinoma,High,No,LumA,1.0,Positve,Positive,3,Neutral,Negative,Ductal/NST,Yes,Post,9,Left,0.0,4.0,4.026,IDC,94.56666667,Living,Negative,Yes,93.32,Not Recurred,Female,ER+/HER2- Low Prolif,13.0,1.0,Living
MB-0481,54,Breast Conserving,Breast Cancer,Breast Invasive Ductal Carcinoma,High,Yes,Basal,1.0,Negative,Negative,3,Neutral,Negative,Ductal/NST,No,Post,10,Left,0.0,2.0,4.038,IDC,36.4,Deceased,Negative,Yes,33.42,Recurred,Female,ER+/HER2- Low Prolif,19.0,1.0,Died of Disease
MB-0482,39,Breast Conserving,Breast Cancer,Breast Invasive Ductal Carcinoma,Moderate,Yes,Normal,1.0,Negative,Negative,3,Gain,Positive,Ductal/NST,No,Pre,5,Right,1.0,2.0,5.032,IDC,24.86666667,Deceased,Negative,Yes,15.66,Recurred,Female,ER+/HER2- Low Prolif,16.0,2.0,Died of Disease
MB-0483,49,Mastectomy,Breast Cancer,Breast Invasive Ductal Carcinoma,High,Yes,LumB,1.0,Positve,Positive,3,Neutral,Negative,Ductal/NST,Yes,Pre,1,Left,2.0,2.0,5.042,IDC,74.46666667,Deceased,Positive,Yes,63.45,Recurred,Female,ER+/HER2- High Prolif,21.0,2.0,Died of Disease
MB-0484,38,Breast Conserving,Breast Cancer,Breast Invasive Ductal Carcinoma,High,Yes,Her2,1.0,Positve,Positive,3,Gain,Positive,Ductal/NST,Yes,Pre,6,Left,3.0,5.0,5.044,IDC,82.63333333,Living,Positive,Yes,81.55,Not Recurred,Female,ER+/HER2- High Prolif,22.0,2.0,Living
MB-0485,60,Mastectomy,Breast Cancer,Breast Mixed Ductal and Lobular Carcinoma,High,Yes,LumA,1.0,Positve,Positive,3,Neutral,Negative,Mixed,Yes,Post,9,Right,7.0,4.0,6.1,MDLC,36.76666667,Deceased,Negative,Yes,33.85,Recurred,Female,ER+/HER2- High Prolif,50.0,3.0,Died of Disease
MB-0486,57,Mastectomy,Breast Cancer,Breast Invasive Ductal Carcinoma,High,Yes,LumA,1.0,Positve,Positive,3,Neutral,Negative,Ductal/NST,Yes,Post,3,Left,0.0,1.0,4.064,IDC,89.96666667,Living,Positive,Yes,88.78,Not Recurred,Female,ER+/HER2- Low Prolif,32.0,2.0,Living
MB-0487,57,Breast Conserving,Breast Cancer,Breast Invasive Ductal Carcinoma,Low,No,Normal,1.0,Positve,Positive,2,Neutral,Negative,Ductal/NST,No,Post,3,Right,0.0,1.0,3.03,IDC,86.9,Living,Positive,Yes,85.76,Not Recurred,Female,ER+/HER2- Low Prolif,15.0,1.0,Living
MB-0488,50,Mastectomy,Breast Cancer,Breast Mixed Ductal and Lobular Carcinoma,High,No,Basal,1.0,Positve,Positive,1,Neutral,Negative,Mixed,Yes,Post,3,Left,0.0,1.0,2.05,MDLC,112.9333333,Living,Positive,Yes,111.45,Not Recurred,Female,ER+/HER2- Low Prolif,25.0,2.0,Living
MB-0489,41,Mastectomy,Breast Cancer,Breast Invasive Ductal Carcinoma,Low,Yes,claudin-low,1.0,Negative,Negative,3,Gain,Negative,Ductal/NST,Yes,Pre,3,Right,0.0,1.0,4.02,IDC,90.56666667,Living,Negative,No,89.38,Not Recurred,Female,ER+/HER2- Low Prolif,10.0,1.0,Living
MB-0490,81,Mastectomy,Breast Cancer,Breast Invasive Ductal Carcinoma,Low,No,LumA,1.0,Positve,Positive,2,Neutral,Negative,Ductal/NST,Yes,Post,3,Right,10.0,2.0,5.06,IDC,101.9666667,Living,Positive,Yes,100.63,Not Recurred,Female,ER+/HER2- Low Prolif,30.0,3.0,Living
MB-0491,43,Mastectomy,Breast Cancer,Breast Invasive Lobular Carcinoma,High,No,LumA,1.0,Positve,Positive,2,Neutral,Negative,Lobular,Yes,Pre,3,Right,0.0,2.0,3.06,ILC,125.8,Living,Positive,Yes,124.14,Not Recurred,Female,ER+/HER2- High Prolif,30.0,3.0,Living
MB-0492,85,Breast Conserving,Breast Cancer,Breast Mixed Ductal and Lobular Carcinoma,High,No,LumB,1.0,Positve,Positive,3,Neutral,Negative,Mixed,Yes,Post,8,Right,0.0,1.0,4.056,MDLC,81.13333333,Deceased,Positive,Yes,80.07,Not Recurred,Female,ER+/HER2- High Prolif,28.0,2.0,Died of Other Causes
MB-0494,77,Mastectomy,Breast Cancer,Breast Invasive Ductal Carcinoma,Moderate,Yes,claudin-low,1.0,Negative,Negative,3,Neutral,Negative,Ductal/NST,No,Post,8,Left,21.0,2.0,6.08,IDC,36.63333333,Deceased,Negative,Yes,19.57,Recurred,Female,ER+/HER2- High Prolif,40.0,3.0,Died of Disease
MB-0495,63,Mastectomy,Breast Cancer,Breast Invasive Ductal Carcinoma,Low,Yes,claudin-low,1.0,Positve,Negative,3,Neutral,Negative,Ductal/NST,Yes,Post,8,Right,7.0,2.0,6.038,IDC,71.8,Deceased,Negative,Yes,44.08,Recurred,Female,ER+/HER2- High Prolif,19.0,2.0,Died of Disease
MB-0496,60,Mastectomy,Breast Cancer,Breast Invasive Ductal Carcinoma,High,Yes,Normal,1.0,Positve,Positive,1,Neutral,Negative,Ductal/NST,Yes,Post,3,Right,4.0,2.0,4.052,IDC,130.9,Living,Positive,Yes,129.18,Not Recurred,Female,ER+/HER2- Low Prolif,26.0,2.0,Living
MB-0497,57,Breast Conserving,Breast Cancer,Breast Invasive Ductal Carcinoma,High,No,LumA,1.0,Positve,Positive,2,Gain,Negative,Ductal/NST,Yes,Post,3,Right,0.0,7.0,3.058,IDC,73.7,Living,Positive,Yes,72.73,Not Recurred,Female,ER+/HER2- Low Prolif,29.0,2.0,Living
MB-0499,50,Mastectomy,Breast Cancer,Invasive Breast Carcinoma,Low,No,claudin-low,1.0,Positve,Negative,2,Neutral,Negative,Ductal/NST,Yes,Post,3,Left,0.0,7.0,3.008,BRCA,131.9,Living,Negative,No,130.16,Not Recurred,Female,ER+/HER2- Low Prolif,4.0,1.0,Living
MB-0500,36,Breast Conserving,Breast Cancer,Breast Invasive Ductal Carcinoma,High,Yes,Basal,1.0,Positve,Negative,3,Neutral,Negative,Ductal/NST,No,Pre,10,Right,0.0,1.0,4.044,IDC,67.46666667,Living,Negative,Yes,66.58,Not Recurred,Female,ER+/HER2- Low Prolif,22.0,2.0,Living
MB-0501,48,Breast Conserving,Breast Cancer,Breast Invasive Ductal Carcinoma,Moderate,Yes,LumA,1.0,Positve,Positive,3,Gain,Negative,Ductal/NST,Yes,Pre,8,Right,0.0,1.0,4.042,IDC,71.5,Living,Positive,Yes,70.56,Not Recurred,Female,ER+/HER2- Low Prolif,21.0,2.0,Living
MB-0502,56,Breast Conserving,Breast Cancer,Breast Invasive Ductal Carcinoma,Low,Yes,claudin-low,1.0,Positve,Negative,3,Neutral,Negative,Ductal/NST,Yes,Post,8,Left,5.0,1.0,6.06,IDC,82.1,Living,Negative,Yes,81.02,Not Recurred,Female,ER+/HER2- Low Prolif,30.0,2.0,Living
MB-0503,60,Breast Conserving,Breast Cancer,Breast Invasive Ductal Carcinoma,High,No,LumA,1.0,Positve,Positive,2,Gain,Negative,Ductal/NST,Yes,Post,7,Left,0.0,3.0,3.046,IDC,101.2333333,Living,Positive,Yes,99.9,Not Recurred,Female,ER+/HER2- Low Prolif,23.0,2.0,Living
MB-0504,68,Breast Conserving,Breast Cancer,Breast Invasive Ductal Carcinoma,Moderate,No,LumA,1.0,Positve,Positive,3,Neutral,Negative,Ductal/NST,Yes,Post,3,Left,0.0,4.0,4.042,IDC,130.4666667,Living,Positive,Yes,121.45,Recurred,Female,ER+/HER2- Low Prolif,21.0,2.0,Living
MB-0505,56,Breast Conserving,Breast Cancer,Breast Invasive Ductal Carcinoma,Moderate,No,LumA,1.0,Positve,Positive,1,Neutral,Negative,Ductal/NST,Yes,Post,3,Right,1.0,6.0,3.024,IDC,60.7,Living,Positive,Yes,59.9,Not Recurred,Female,ER+/HER2- Low Prolif,12.0,2.0,Living
MB-0506,60,Breast Conserving,Breast Cancer,Breast Invasive Ductal Carcinoma,High,Yes,Her2,1.0,Negative,Negative,3,Neutral,Negative,Ductal/NST,No,Post,9,Left,1.0,2.0,5.042,IDC,45.8,Deceased,Positive,Yes,29.97,Recurred,Female,ER+/HER2- High Prolif,21.0,2.0,Died of Disease
MB-0507,58,Breast Conserving,Breast Cancer,Breast Invasive Ductal Carcinoma,Moderate,No,LumA,1.0,Positve,Positive,3,Neutral,Negative,Ductal/NST,Yes,Post,3,Right,0.0,1.0,4.036,IDC,23.8,Living,Positive,Yes,23.49,Not Recurred,Female,ER+/HER2- Low Prolif,18.0,1.0,Living
MB-0509,41,Breast Conserving,Breast Cancer,Breast Invasive Ductal Carcinoma,Low,No,Basal,1.0,Positve,Positive,3,Neutral,Negative,Ductal/NST,Yes,Pre,3,Right,0.0,2.0,4.022,IDC,115.3,Living,Positive,Yes,113.78,Not Recurred,Female,ER+/HER2- High Prolif,11.0,1.0,Living
MB-0511,59,Mastectomy,Breast Cancer,Breast Invasive Ductal Carcinoma,Moderate,No,LumA,1.0,Positve,Positive,2,Neutral,Negative,Ductal/NST,Yes,Post,3,Left,0.0,3.0,3.062,IDC,61.7,Living,Positive,Yes,60.89,Not Recurred,Female,ER+/HER2- Low Prolif,31.0,2.0,Living
MB-0512,56,Breast Conserving,Breast Cancer,Breast Invasive Ductal Carcinoma,Moderate,No,LumA,1.0,Positve,Positive,1,Neutral,Negative,Ductal/NST,Yes,Post,9,Left,0.0,4.0,2.048,IDC,121.5333333,Living,Positive,Yes,119.93,Not Recurred,Female,ER+/HER2- Low Prolif,24.0,2.0,Living
MB-0513,73,Mastectomy,Breast Cancer,Breast Invasive Ductal Carcinoma,High,No,LumA,1.0,Positve,Positive,2,Neutral,Negative,Ductal/NST,Yes,Post,9,Right,1.0,3.0,4.064,IDC,117.0333333,Living,Positive,Yes,115.49,Not Recurred,Female,ER+/HER2- Low Prolif,32.0,2.0,Living
MB-0514,42,Breast Conserving,Breast Cancer,Invasive Breast Carcinoma,High,Yes,LumB,1.0,Positve,Positive,2,Neutral,Negative,Ductal/NST,Yes,Pre,3,Right,1.0,7.0,4.04,BRCA,13.4,Living,Positive,Yes,13.22,Not Recurred,Female,ER+/HER2- High Prolif,20.0,2.0,Living
MB-0516,62,Breast Conserving,Breast Cancer,Breast Invasive Ductal Carcinoma,High,Yes,Basal,1.0,Negative,Negative,3,Neutral,Negative,Ductal/NST,No,Post,10,Right,0.0,3.0,4.03,IDC,114.4666667,Living,Negative,Yes,112.96,Not Recurred,Female,ER+/HER2- High Prolif,15.0,1.0,Living
MB-0517,47,Breast Conserving,Breast Cancer,Breast Invasive Ductal Carcinoma,Moderate,No,LumA,1.0,Positve,Positive,2,Loss,Negative,Ductal/NST,Yes,Pre,9,Right,0.0,2.0,3.034,IDC,61.9,Living,Positive,Yes,61.09,Not Recurred,Female,ER+/HER2- Low Prolif,17.0,1.0,Living
MB-0519,61,Mastectomy,Breast Cancer,Breast Invasive Ductal Carcinoma,Moderate,Yes,claudin-low,1.0,Positve,Positive,3,Loss,Negative,Ductal/NST,Yes,Post,9,Right,23.0,1.0,6.13,IDC,110.9666667,Living,Negative,Yes,109.51,Not Recurred,Female,ER+/HER2- Low Prolif,65.0,3.0,Living
MB-0521,52,Mastectomy,Breast Cancer,Breast Invasive Lobular Carcinoma,High,No,LumA,1.0,Positve,Positive,2,Neutral,Negative,Lobular,Yes,Post,3,Right,3.0,4.0,4.06,ILC,212.2,Living,Positive,Yes,209.41,Not Recurred,Female,ER+/HER2- Low Prolif,30.0,2.0,Living
MB-0524,40,Breast Conserving,Breast Cancer,Breast Invasive Ductal Carcinoma,Moderate,Yes,Normal,1.0,Positve,Positive,3,Neutral,Negative,Ductal/NST,Yes,Pre,5,Right,0.0,9.0,4.02,IDC,80.83333333,Living,Negative,No,79.77,Not Recurred,Female,ER+/HER2- Low Prolif,10.0,2.0,Living
MB-0525,48,Breast Conserving,Breast Cancer,Breast Invasive Ductal Carcinoma,High,Yes,Basal,1.0,Negative,Negative,3,Neutral,Negative,Ductal/NST,No,Pre,5,Right,0.0,6.0,4.05,IDC,65.86666667,Living,Negative,Yes,65.0,Not Recurred,Female,ER+/HER2- Low Prolif,25.0,2.0,Living
MB-0527,73,Mastectomy,Breast Cancer,Breast Invasive Ductal Carcinoma,Moderate,No,claudin-low,1.0,Positve,Positive,2,Neutral,Negative,Ductal/NST,Yes,Post,2,Right,2.0,1.0,4.038,IDC,109.8333333,Deceased,Positive,Yes,106.81,Recurred,Female,ER+/HER2- Low Prolif,19.0,2.0,Died of Other Causes
MB-0528,53,Mastectomy,Breast Cancer,Breast Invasive Ductal Carcinoma,Moderate,Yes,LumA,1.0,Positve,Positive,3,Neutral,Negative,Ductal/NST,Yes,Post,2,Left,1.0,3.0,5.052,IDC,193.9666667,Living,Negative,Yes,175.03,Recurred,Female,ER+/HER2- Low Prolif,26.0,2.0,Living
MB-0529,67,Mastectomy,Breast Cancer,Breast Invasive Ductal Carcinoma,High,Yes,LumA,1.0,Positve,Positive,2,Neutral,Negative,Ductal/NST,Yes,Post,8,Right,7.0,7.0,5.05,IDC,48.53333333,Deceased,Positive,No,47.89,Recurred,Female,ER+/HER2- High Prolif,25.0,4.0,Died of Disease
MB-0531,60,Mastectomy,Breast Cancer,Breast Invasive Ductal Carcinoma,High,Yes,Normal,1.0,Negative,Positive,3,Loss,Negative,Ductal/NST,Yes,Post,8,Left,0.0,6.0,4.032,IDC,163.8666667,Living,Positive,Yes,39.31,Recurred,Female,ER+/HER2- High Prolif,16.0,1.0,Living
MB-0532,59,Mastectomy,Breast Cancer,Breast Invasive Ductal Carcinoma,High,Yes,LumB,1.0,Negative,Positive,3,Neutral,Negative,Ductal/NST,Yes,Post,9,Right,3.0,5.0,5.07,IDC,143.1333333,Deceased,Positive,Yes,64.21,Recurred,Female,ER+/HER2- High Prolif,35.0,2.0,Died of Disease
MB-0534,51,Mastectomy,Breast Cancer,Breast Invasive Ductal Carcinoma,Low,Yes,claudin-low,1.0,Positve,Positive,3,Neutral,Negative,Ductal/NST,Yes,Post,9,Right,2.0,12.0,5.034,IDC,124.1,Living,Positive,Yes,122.47,Not Recurred,Female,ER+/HER2- High Prolif,17.0,2.0,Living
MB-0535,46,Breast Conserving,Breast Cancer,Breast Invasive Ductal Carcinoma,Low,No,LumA,1.0,Positve,Positive,2,Neutral,Negative,Ductal/NST,Yes,Pre,8,Left,0.0,3.0,3.024,IDC,199.1333333,Living,Positive,Yes,159.77,Recurred,Female,ER+/HER2- Low Prolif,12.0,1.0,Living
MB-0536,67,Breast Conserving,Breast Cancer,Breast Invasive Ductal Carcinoma,High,No,LumB,1.0,Positve,Positive,3,Neutral,Negative,Ductal/NST,Yes,Post,1,Right,0.0,2.0,4.04,IDC,147.3666667,Deceased,Negative,Yes,145.43,Not Recurred,Female,ER+/HER2- High Prolif,20.0,1.0,Died of Other Causes
MB-0537,59,Breast Conserving,Breast Cancer,Breast Invasive Ductal Carcinoma,High,Yes,claudin-low,1.0,Positve,Positive,1,Neutral,Negative,Ductal/NST,Yes,Post,1,Left,1.0,1.0,3.028,IDC,113.5666667,Living,Negative,Yes,112.07,Not Recurred,Female,ER+/HER2- Low Prolif,14.0,2.0,Living
MB-0538,61,Mastectomy,Breast Cancer,Breast Invasive Ductal Carcinoma,High,Yes,LumA,1.0,Positve,Positive,3,Neutral,Negative,Ductal/NST,Yes,Post,9,Right,26.0,1.0,6.074,IDC,24.1,Deceased,Positive,Yes,23.65,Recurred,Female,ER+/HER2- High Prolif,37.0,2.0,Died of Disease
MB-0539,64,Mastectomy,Breast Cancer,Invasive Breast Carcinoma,Low,No,Basal,1.0,Positve,Negative,3,Gain,Positive,Ductal/NST,No,Post,5,Right,26.0,1.0,1.04,BRCA,85.5,Deceased,Negative,No,84.38,Not Recurred,Female,ER+/HER2- High Prolif,20.0,0.0,Died of Other Causes
MB-0540,66,Breast Conserving,Breast Cancer,Breast Mixed Ductal and Lobular Carcinoma,High,No,claudin-low,1.0,Positve,Negative,1,Neutral,Negative,Mixed,Yes,Post,5,Left,0.0,1.0,2.024,MDLC,194.5333333,Living,Negative,Yes,191.97,Not Recurred,Female,ER+/HER2- High Prolif,12.0,1.0,Living
MB-0541,38,Mastectomy,Breast Cancer,Breast Invasive Ductal Carcinoma,High,Yes,LumA,1.0,Positve,Positive,3,Neutral,Negative,Ductal/NST,Yes,Pre,9,Right,0.0,2.0,4.038,IDC,174.2666667,Living,Negative,Yes,171.97,Not Recurred,Female,ER+/HER2- High Prolif,19.0,1.0,Living
MB-0542,39,Mastectomy,Breast Cancer,Breast Invasive Ductal Carcinoma,Moderate,Yes,Normal,1.0,Positve,Positive,3,Neutral,Negative,Ductal/NST,Yes,Pre,1,Left,5.0,4.0,6.046,IDC,48.6,Deceased,Positive,Yes,47.96,Recurred,Female,ER+/HER2- High Prolif,23.0,2.0,Died of Disease
MB-0543,45,Breast Conserving,Breast Cancer,Breast Invasive Ductal Carcinoma,High,No,Basal,1.0,Positve,Positive,3,Gain,Negative,Ductal/NST,Yes,Pre,1,Right,5.0,4.0,5.054,IDC,154.7666667,Living,Negative,Yes,152.73,Not Recurred,Female,ER+/HER2- High Prolif,27.0,2.0,Living
MB-0544,74,Mastectomy,Breast Cancer,Breast Invasive Ductal Carcinoma,Low,Yes,LumB,1.0,Positve,Positive,3,Neutral,Negative,Ductal/NST,Yes,Post,8,Left,1.0,3.0,5.104,IDC,79.33333333,Deceased,Positive,Yes,78.29,Not Recurred,Female,ER+/HER2- Low Prolif,52.0,3.0,Died of Other Causes
MB-0545,83,Mastectomy,Breast Cancer,Breast Invasive Ductal Carcinoma,Moderate,No,Normal,1.0,Positve,Positive,3,Neutral,Negative,Ductal/NST,Yes,Post,6,Left,6.0,5.0,6.052,IDC,41.16666667,Deceased,Negative,Yes,40.63,Not Recurred,Female,ER+/HER2- High Prolif,26.0,2.0,Died of Other Causes
MB-0546,51,Breast Conserving,Breast Cancer,Breast Invasive Ductal Carcinoma,High,Yes,Normal,1.0,Positve,Positive,2,Neutral,Negative,Ductal/NST,Yes,Post,3,Left,6.0,5.0,4.024,IDC,193.8,Living,Negative,Yes,191.25,Not Recurred,Female,ER+/HER2- Low Prolif,12.0,2.0,Living
MB-0547,66,Mastectomy,Breast Cancer,Invasive Breast Carcinoma,High,Yes,Normal,1.0,Positve,Positive,2,Neutral,Negative,Ductal/NST,Yes,Post,3,Left,0.0,2.0,4.48,BRCA,193.8,Living,Negative,Yes,185.46,Not Recurred,Female,ER+/HER2- Low Prolif,25.0,2.0,Living
MB-0549,76,Mastectomy,Breast Cancer,Breast Invasive Ductal Carcinoma,High,No,LumB,1.0,Positve,Positive,3,Gain,Positive,Ductal/NST,Yes,Post,5,Right,0.0,2.0,5.06,IDC,25.96666667,Living,Negative,No,25.63,Not Recurred,Female,ER+/HER2- Low Prolif,30.0,2.0,Living
MB-0550,60,Mastectomy,Breast Cancer,Breast Invasive Ductal Carcinoma,High,No,LumB,1.0,Positve,Positive,2,Neutral,Negative,Ductal/NST,No,Post,8,Left,1.0,4.0,4.03,IDC,132.3333333,Deceased,Negative,No,91.02,Recurred,Female,ER+/HER2- High Prolif,15.0,2.0,Died of Disease
MB-0551,76,Mastectomy,Breast Cancer,Breast Invasive Ductal Carcinoma,High,No,Normal,1.0,Positve,Positive,2,Neutral,Negative,Ductal/NST,Yes,Post,8,Left,0.0,2.0,3.064,IDC,51.96666667,Deceased,Positive,Yes,51.28,Recurred,Female,ER+/HER2- Low Prolif,32.0,2.0,Died of Disease
MB-0552,61,Mastectomy,Breast Cancer,Breast Invasive Ductal Carcinoma,High,Yes,Her2,1.0,Positve,Positive,3,Gain,Positive,Ductal/NST,Yes,Post,5,Right,8.0,4.0,6.058,IDC,68.06666667,Deceased,Negative,Yes,55.53,Recurred,Female,ER+/HER2- Low Prolif,29.0,2.0,Died of Disease
MB-0553,86,Mastectomy,Breast Cancer,Breast Invasive Ductal Carcinoma,Moderate,No,LumA,1.0,Positve,Positive,2,Gain,Positive,Ductal/NST,Yes,Post,5,Left,14.0,2.0,5.04,IDC,85.73333333,Deceased,Negative,Yes,84.61,Not Recurred,Female,ER+/HER2- Low Prolif,20.0,2.0,Died of Other Causes
MB-0554,82,Breast Conserving,Breast Cancer,Breast Invasive Ductal Carcinoma,Moderate,No,LumA,1.0,Positve,Positive,2,Neutral,Negative,Ductal/NST,Yes,Post,8,Right,0.0,10.0,2.032,IDC,111.1666667,Deceased,Positive,No,109.7,Not Recurred,Female,ER+/HER2- Low Prolif,16.0,1.0,Died of Other Causes
MB-0558,69,Mastectomy,Breast Cancer,Breast Invasive Ductal Carcinoma,High,No,claudin-low,1.0,Negative,Negative,3,Gain,Negative,Ductal/NST,No,Post,10,Right,0.0,8.0,4.056,IDC,97.83333333,Deceased,Negative,No,96.55,Not Recurred,Female,ER+/HER2- Low Prolif,28.0,2.0,Died of Other Causes
MB-0559,47,Mastectomy,Breast Cancer,Breast Invasive Ductal Carcinoma,High,Yes,LumA,1.0,Positve,Positive,3,Neutral,Negative,Ductal/NST,Yes,Pre,7,Left,0.0,3.0,4.05,IDC,161.7666667,Living,Positive,No,159.64,Not Recurred,Female,ER+/HER2- High Prolif,25.0,2.0,Living
MB-0564,48,Mastectomy,Breast Cancer,Breast Invasive Ductal Carcinoma,Moderate,Yes,Normal,1.0,Negative,Negative,3,Gain,Positive,Ductal/NST,No,Pre,7,Right,0.0,3.0,4.044,IDC,37.93333333,Deceased,Negative,No,37.43,Recurred,Female,ER+/HER2- High Prolif,22.0,1.0,Died of Disease
MB-0568,61,Mastectomy,Breast Cancer,Breast Invasive Ductal Carcinoma,Moderate,No,LumA,1.0,Positve,Positive,2,Neutral,Negative,Ductal/NST,Yes,Post,7,Right,1.0,4.0,4.034,IDC,181.4666667,Living,Positive,No,179.08,Not Recurred,Female,ER+/HER2- Low Prolif,17.0,2.0,Living
MB-0569,74,Mastectomy,Breast Cancer,Breast Invasive Ductal Carcinoma,High,Yes,LumB,1.0,Positve,Positive,3,Neutral,Negative,Ductal/NST,Yes,Post,7,Left,14.0,3.0,6.046,IDC,59.5,Deceased,Positive,Yes,55.76,Recurred,Female,ER+/HER2- High Prolif,23.0,2.0,Died of Disease
MB-0570,68,Breast Conserving,Breast Cancer,Breast Invasive Ductal Carcinoma,High,No,LumB,1.0,Positve,Positive,3,Gain,Negative,Ductal/NST,Yes,Post,6,Left,0.0,9.0,4.04,IDC,272.2,Living,Positive,Yes,102.89,Recurred,Female,ER+/HER2- High Prolif,20.0,2.0,Living
MB-0571,61,Mastectomy,Breast Cancer,Breast Invasive Ductal Carcinoma,Moderate,No,LumA,1.0,Positve,Positive,1,Neutral,Negative,Ductal/NST,Yes,Post,7,Right,0.0,9.0,2.04,IDC,149.8666667,Living,Positive,Yes,147.89,Not Recurred,Female,ER+/HER2- High Prolif,20.0,1.0,Living
MB-0573,76,Breast Conserving,Breast Cancer,Breast Invasive Ductal Carcinoma,Moderate,No,claudin-low,1.0,Positve,Positive,2,Loss,Negative,Ductal/NST,Yes,Post,7,Right,0.0,9.0,3.13,IDC,163.2,Deceased,Positive,Yes,161.05,Not Recurred,Female,ER+/HER2- Low Prolif,65.0,0.0,Died of Other Causes
MB-0574,71,Breast Conserving,Breast Cancer,Breast Invasive Ductal Carcinoma,High,No,LumA,1.0,Positve,Positive,3,Neutral,Negative,Ductal/NST,Yes,Post,2,Right,1.0,5.0,5.042,IDC,119.8,Living,Positive,Yes,9.84,Recurred,Female,ER+/HER2- High Prolif,21.0,2.0,Living
MB-0575,48,Mastectomy,Breast Cancer,Breast Invasive Ductal Carcinoma,High,Yes,LumA,1.0,Positve,Positive,2,Gain,Negative,Ductal/NST,Yes,Pre,2,Left,4.0,3.0,5.11,IDC,128.5666667,Living,Positive,Yes,77.83,Recurred,Female,ER+/HER2- Low Prolif,55.0,3.0,Living
MB-0576,68,Breast Conserving,Breast Cancer,Breast Invasive Ductal Carcinoma,Moderate,No,LumB,1.0,Positve,Positive,3,Neutral,Negative,Ductal/NST,Yes,Post,2,Right,5.0,5.0,6.042,IDC,31.0,Deceased,Positive,Yes,19.8,Recurred,Female,ER+/HER2- High Prolif,21.0,2.0,Died of Disease
MB-0577,51,Breast Conserving,Breast Cancer,Breast Invasive Mixed Mucinous Carcinoma,Low,No,LumB,1.0,Positve,Positive,2,Neutral,Negative,Mucinous,Yes,Post,7,Left,0.0,3.0,3.02,IMMC,65.4,Living,Negative,Yes,64.54,Not Recurred,Female,ER+/HER2- High Prolif,10.0,1.0,Living
MB-0578,59,Mastectomy,Breast Cancer,Breast Invasive Lobular Carcinoma,Low,Yes,Normal,1.0,Positve,Positive,2,Neutral,Negative,Lobular,Yes,Post,7,Left,6.0,2.0,5.084,ILC,110.1,Living,Positive,Yes,108.65,Recurred,Female,ER+/HER2- Low Prolif,42.0,2.0,Living
MB-0579,70,Breast Conserving,Breast Cancer,Breast Invasive Ductal Carcinoma,Moderate,No,LumB,1.0,Positve,Positive,2,Gain,Negative,Ductal/NST,Yes,Post,7,Left,1.0,3.0,4.058,IDC,92.76666667,Deceased,Negative,Yes,91.55,Not Recurred,Female,ER+/HER2- Low Prolif,29.0,2.0,Died of Other Causes
MB-0580,33,Mastectomy,Breast Cancer,Breast Invasive Ductal Carcinoma,Moderate,Yes,LumA,1.0,Positve,Positive,3,Gain,Negative,Ductal/NST,Yes,Pre,7,Left,2.0,2.0,5.08,IDC,79.36666667,Deceased,Positive,Yes,58.72,Recurred,Female,ER+/HER2- High Prolif,40.0,2.0,Died of Disease
MB-0581,96,Mastectomy,Breast Cancer,Breast Invasive Ductal Carcinoma,Moderate,No,Basal,1.0,Negative,Negative,3,Neutral,Negative,Ductal/NST,No,Post,7,Right,14.0,5.0,6.052,IDC,7.866666667,Deceased,Negative,Yes,7.5,Recurred,Female,ER+/HER2- High Prolif,26.0,2.0,Died of Disease
MB-0582,84,Mastectomy,Breast Cancer,Breast Invasive Lobular Carcinoma,High,No,Basal,1.0,Negative,Negative,3,Neutral,Negative,Lobular,No,Post,10,Right,0.0,6.0,4.06,ILC,15.53333333,Deceased,Negative,No,15.33,Not Recurred,Female,ER+/HER2- High Prolif,30.0,2.0,Died of Other Causes
MB-0583,75,Mastectomy,Breast Cancer,Breast Mixed Ductal and Lobular Carcinoma,High,No,LumA,1.0,Positve,Positive,2,Neutral,Negative,Mixed,Yes,Post,3,Left,0.0,3.0,3.044,MDLC,62.63333333,Living,Positive,No,61.81,Not Recurred,Female,ER+/HER2- Low Prolif,22.0,2.0,Living
MB-0584,41,Mastectomy,Breast Cancer,Breast Invasive Ductal Carcinoma,High,No,LumB,1.0,Positve,Positive,3,Neutral,Negative,Ductal/NST,Yes,Pre,7,Right,0.0,1.0,4.04,IDC,118.2,Living,Positive,No,116.64,Not Recurred,Female,ER+/HER2- High Prolif,20.0,1.0,Living
MB-0585,76,Mastectomy,Breast Cancer,Breast Invasive Ductal Carcinoma,High,No,LumB,1.0,Positve,Positive,3,Neutral,Negative,Ductal/NST,Yes,Post,6,Right,1.0,3.0,5.056,IDC,115.7,Deceased,Negative,Yes,96.91,Recurred,Female,ER+/HER2- High Prolif,28.0,2.0,Died of Disease
MB-0586,77,Mastectomy,Breast Cancer,Breast Invasive Lobular Carcinoma,Low,No,LumA,1.0,Positve,Positive,2,Neutral,Negative,Lobular,Yes,Post,6,Left,1.0,4.0,4.13,ILC,77.23333333,Deceased,Negative,Yes,76.22,Not Recurred,Female,ER+/HER2- Low Prolif,65.0,3.0,Died of Other Causes
MB-0587,50,Mastectomy,Breast Cancer,Breast Mixed Ductal and Lobular Carcinoma,Low,Yes,LumA,1.0,Positve,Positive,2,Gain,Negative,Mixed,Yes,Post,9,Left,1.0,5.0,4.048,MDLC,91.26666667,Living,Positive,Yes,90.07,Not Recurred,Female,ER+/HER2- High Prolif,24.0,2.0,Living
MB-0588,76,Mastectomy,Breast Cancer,Breast Invasive Ductal Carcinoma,High,No,Normal,1.0,Negative,Negative,2,Neutral,Negative,Ductal/NST,No,Post,9,Right,0.0,2.0,3.044,IDC,119.7333333,Living,Negative,No,118.16,Not Recurred,Female,ER+/HER2- Low Prolif,22.0,2.0,Living
MB-0589,59,Mastectomy,Breast Cancer,Breast Mixed Ductal and Lobular Carcinoma,Moderate,No,LumB,1.0,Positve,Positive,2,Gain,Positive,Mixed,Yes,Post,5,Right,25.0,4.0,5.07,MDLC,125.8,Living,Negative,Yes,2.04,Recurred,Female,ER+/HER2- High Prolif,35.0,4.0,Living
MB-0590,60,Mastectomy,Breast Cancer,Breast Invasive Ductal Carcinoma,High,Yes,LumB,1.0,Positve,Positive,3,Gain,Negative,Ductal/NST,Yes,Post,9,Right,15.0,1.0,6.06,IDC,72.46666667,Deceased,Positive,Yes,71.51,Not Recurred,Female,ER+/HER2- High Prolif,30.0,2.0,Died of Other Causes
MB-0591,84,Mastectomy,Breast Cancer,Breast Invasive Ductal Carcinoma,High,No,LumB,1.0,Positve,Positive,3,Neutral,Negative,Ductal/NST,Yes,Post,8,Left,0.0,2.0,4.034,IDC,119.4666667,Deceased,Negative,No,116.22,Recurred,Female,ER+/HER2- High Prolif,17.0,1.0,Died of Disease
MB-0592,74,Mastectomy,Breast Cancer,Invasive Breast Carcinoma,Low,No,LumB,1.0,Positve,Positive,3,Neutral,Negative,Ductal/NST,No,Post,8,Left,0.0,2.0,1.11,BRCA,74.56666667,Living,Positive,No,73.59,Not Recurred,Female,ER+/HER2- High Prolif,55.0,0.0,Living
MB-0593,62,Mastectomy,Breast Cancer,Breast Invasive Lobular Carcinoma,High,Yes,Her2,1.0,Negative,Negative,2,Gain,Positive,Lobular,No,Post,5,Left,13.0,2.0,5.18,ILC,34.66666667,Deceased,Negative,Yes,25.3,Recurred,Female,ER+/HER2- High Prolif,90.0,3.0,Died of Disease
MB-0594,77,Mastectomy,Breast Cancer,Breast Invasive Ductal Carcinoma,High,No,LumB,1.0,Positve,Positive,3,Loss,Negative,Ductal/NST,Yes,Post,5,Right,1.0,6.0,5.09,IDC,44.23333333,Living,Negative,Yes,43.65,Not Recurred,Female,ER+/HER2- High Prolif,45.0,3.0,Living
MB-0596,77,Breast Conserving,Breast Cancer,Breast Mixed Ductal and Lobular Carcinoma,High,No,LumA,1.0,Positve,Positive,2,Loss,Negative,Mixed,Yes,Post,3,Left,0.0,5.0,3.032,MDLC,107.1,Deceased,Positive,Yes,105.69,Not Recurred,Female,ER+/HER2- Low Prolif,16.0,1.0,Died of Other Causes
MB-0597,64,Mastectomy,Breast Cancer,Breast Invasive Ductal Carcinoma,High,Yes,Normal,1.0,Positve,Positive,2,Neutral,Negative,Ductal/NST,Yes,Post,3,Left,2.0,3.0,4.034,IDC,113.2,Deceased,Positive,Yes,111.71,Not Recurred,Female,ER+/HER2- Low Prolif,17.0,2.0,Died of Other Causes
MB-0598,77,Mastectomy,Breast Cancer,Breast Invasive Ductal Carcinoma,High,No,LumB,1.0,Positve,Positive,2,Neutral,Negative,Ductal/NST,Yes,Post,3,Right,9.0,4.0,5.048,IDC,89.36666667,Deceased,Positive,Yes,71.12,Recurred,Female,ER+/HER2- High Prolif,24.0,2.0,Died of Disease
MB-0599,46,Breast Conserving,Breast Cancer,Breast Invasive Ductal Carcinoma,Moderate,Yes,LumA,1.0,Positve,Positive,2,Neutral,Negative,Ductal/NST,Yes,Pre,3,Right,1.0,3.0,4.048,IDC,123.2666667,Living,Negative,Yes,52.07,Recurred,Female,ER+/HER2- Low Prolif,24.0,2.0,Living
MB-0600,70,Mastectomy,Breast Cancer,Breast Mixed Ductal and Lobular Carcinoma,Moderate,No,LumA,1.0,Positve,Positive,3,Neutral,Negative,Mixed,Yes,Post,6,Left,9.0,2.0,6.054,MDLC,111.0,Living,Negative,Yes,109.54,Not Recurred,Female,ER+/HER2- High Prolif,27.0,2.0,Living
MB-0601,32,Mastectomy,Breast Cancer,Breast Invasive Ductal Carcinoma,Moderate,Yes,LumB,1.0,Positve,Positive,3,Neutral,Negative,Ductal/NST,Yes,Pre,10,Right,8.0,2.0,6.05,IDC,29.66666667,Deceased,Negative,Yes,14.18,Recurred,Female,ER+/HER2- High Prolif,25.0,2.0,Died of Disease
MB-0603,79,Mastectomy,Breast Cancer,Breast Invasive Ductal Carcinoma,High,No,LumA,1.0,Positve,Positive,2,Neutral,Negative,Ductal/NST,Yes,Post,7,Right,1.0,7.0,4.042,IDC,121.9666667,Living,Positive,No,120.36,Not Recurred,Female,ER+/HER2- Low Prolif,21.0,2.0,Living
MB-0605,58,Mastectomy,Breast Cancer,Breast Invasive Lobular Carcinoma,High,No,LumA,1.0,Positve,Positive,2,Gain,Negative,Lobular,Yes,Post,8,Right,0.0,3.0,3.036,ILC,114.6,Living,Positive,No,113.09,Not Recurred,Female,ER+/HER2- Low Prolif,18.0,1.0,Living
MB-0607,53,Mastectomy,Breast Cancer,Breast Invasive Ductal Carcinoma,Moderate,Yes,LumA,1.0,Positve,Positive,3,Gain,Negative,Ductal/NST,Yes,Post,3,Left,2.0,5.0,5.06,IDC,87.83333333,Living,Positive,Yes,86.68,Not Recurred,Female,ER+/HER2- High Prolif,30.0,2.0,Living
MB-0608,76,Mastectomy,Breast Cancer,Breast Invasive Ductal Carcinoma,High,No,claudin-low,1.0,Negative,Negative,3,Neutral,Negative,Medullary,No,Post,10,Right,5.0,10.0,6.05,IDC,63.96666667,Deceased,Negative,Yes,63.13,Not Recurred,Female,ER+/HER2- High Prolif,25.0,2.0,Died of Other Causes
MB-0609,51,Mastectomy,Breast Cancer,Breast Invasive Ductal Carcinoma,High,Yes,LumA,1.0,Positve,Positive,2,Neutral,Negative,Ductal/NST,Yes,Post,8,Left,2.0,2.0,4.028,IDC,98.7,Deceased,Negative,No,72.01,Recurred,Female,ER+/HER2- High Prolif,14.0,2.0,Died of Disease
MB-0610,71,Mastectomy,Breast Cancer,Breast Invasive Ductal Carcinoma,High,No,claudin-low,1.0,Positve,Positive,2,Neutral,Negative,Ductal/NST,Yes,Post,8,Right,2.0,2.0,4.036,IDC,76.7,Living,Negative,Yes,75.69,Not Recurred,Female,ER+/HER2- Low Prolif,18.0,2.0,Living
MB-0611,75,Mastectomy,Breast Cancer,Breast Invasive Ductal Carcinoma,Low,No,LumB,1.0,Positve,Positive,3,Gain,Negative,Ductal/NST,Yes,Post,9,Right,0.0,3.0,4.048,IDC,104.5333333,Living,Positive,No,103.16,Not Recurred,Female,ER+/HER2- High Prolif,24.0,2.0,Living
MB-0613,60,Mastectomy,Breast Cancer,Breast Invasive Ductal Carcinoma,Moderate,Yes,claudin-low,1.0,Negative,Negative,2,Neutral,Negative,Other,No,Post,9,Right,0.0,3.0,3.12,BREAST,48.8,Living,Negative,Yes,48.16,Not Recurred,Female,ER+/HER2- High Prolif,60.0,3.0,Living
MB-0614,48,Mastectomy,Breast Cancer,Breast Invasive Ductal Carcinoma,Moderate,Yes,LumA,1.0,Positve,Positive,3,Neutral,Negative,Ductal/NST,Yes,Pre,6,Left,1.0,4.0,5.038,IDC,119.3333333,Living,Positive,No,117.76,Not Recurred,Female,ER+/HER2- High Prolif,19.0,2.0,Living
MB-0615,38,Mastectomy,Breast Cancer,Breast Invasive Ductal Carcinoma,High,No,Normal,1.0,Negative,Negative,2,Gain,Positive,Ductal/NST,No,Pre,5,Left,3.0,1.0,4.006,IDC,34.76666667,Living,Negative,No,34.31,Not Recurred,Female,ER+/HER2- High Prolif,3.0,2.0,Living
MB-0616,75,Mastectomy,Breast Cancer,Breast Invasive Ductal Carcinoma,High,No,LumB,1.0,Positve,Positive,3,Neutral,Negative,Ductal/NST,Yes,Post,7,Left,3.0,5.0,5.076,IDC,29.03333333,Deceased,Negative,Yes,28.65,Not Recurred,Female,ER+/HER2- High Prolif,38.0,2.0,Died of Other Causes
MB-0617,72,Mastectomy,Breast Cancer,Breast Invasive Mixed Mucinous Carcinoma,Low,No,claudin-low,1.0,Positve,Negative,1,Neutral,Negative,Mucinous,Yes,Post,7,Right,0.0,5.0,2.08,IMMC,92.96666667,Deceased,Negative,No,91.74,Not Recurred,Female,ER+/HER2- High Prolif,40.0,2.0,Died of Other Causes
MB-0618,63,Mastectomy,Breast Cancer,Breast Invasive Ductal Carcinoma,Moderate,No,LumB,1.0,Positve,Positive,2,Neutral,Negative,Ductal/NST,Yes,Post,3,Right,0.0,3.0,3.034,IDC,101.9,Living,Positive,No,100.56,Not Recurred,Female,ER+/HER2- Low Prolif,17.0,1.0,Living
MB-0619,38,Mastectomy,Breast Cancer,Breast Invasive Ductal Carcinoma,Moderate,Yes,Normal,1.0,Positve,Positive,3,Neutral,Negative,Ductal/NST,Yes,Pre,3,Left,1.0,1.0,5.05,IDC,94.23333333,Living,Negative,Yes,92.99,Not Recurred,Female,ER+/HER2- High Prolif,25.0,2.0,Living
MB-0620,62,Breast Conserving,Breast Cancer,Breast Invasive Ductal Carcinoma,High,Yes,claudin-low,1.0,Positve,Positive,3,Neutral,Negative,Other,Yes,Post,3,Right,1.0,1.0,5.028,BREAST,112.8,Living,Negative,Yes,111.32,Not Recurred,Female,ER+/HER2- High Prolif,14.0,2.0,Living
MB-0621,70,Mastectomy,Breast Cancer,Breast Invasive Lobular Carcinoma,High,No,LumA,1.0,Positve,Positive,2,Neutral,Negative,Lobular,Yes,Post,3,Right,1.0,2.0,4.06,ILC,33.56666667,Living,Positive,Yes,33.13,Not Recurred,Female,ER+/HER2- Low Prolif,30.0,2.0,Living
MB-0623,66,Breast Conserving,Breast Cancer,Breast Invasive Ductal Carcinoma,Low,No,Normal,1.0,Positve,Positive,2,Neutral,Negative,Ductal/NST,Yes,Post,3,Right,0.0,2.0,3.024,IDC,111.0666667,Living,Positive,Yes,109.61,Not Recurred,Female,ER+/HER2- Low Prolif,12.0,1.0,Living
MB-0624,64,Mastectomy,Breast Cancer,Breast Invasive Ductal Carcinoma,High,No,LumA,1.0,Positve,Positive,2,Loss,Negative,Ductal/NST,Yes,Post,3,Left,1.0,2.0,4.032,IDC,64.03333333,Living,Negative,No,63.19,Not Recurred,Female,ER+/HER2- Low Prolif,16.0,2.0,Living
MB-0626,61,Breast Conserving,Breast Cancer,Breast Invasive Ductal Carcinoma,High,No,LumB,1.0,Positve,Positive,3,Neutral,Negative,Ductal/NST,Yes,Post,1,Right,0.0,6.0,4.04,IDC,35.53333333,Deceased,Negative,Yes,35.07,Recurred,Female,ER+/HER2- Low Prolif,20.0,2.0,Died of Disease
MB-0627,54,Mastectomy,Breast Cancer,Breast Invasive Ductal Carcinoma,Moderate,No,claudin-low,1.0,Negative,Negative,3,Neutral,Negative,Ductal/NST,No,Post,1,Right,0.0,3.0,5.04,IDC,0.766666667,Living,Negative,No,0.76,Not Recurred,Female,ER+/HER2- Low Prolif,20.0,2.0,Living
MB-0628,63,Breast Conserving,Breast Cancer,Breast Invasive Ductal Carcinoma,Moderate,No,Normal,1.0,Positve,Positive,2,Neutral,Negative,Ductal/NST,Yes,Post,7,Left,0.0,3.0,3.02,IDC,105.9666667,Living,Negative,Yes,104.57,Not Recurred,Female,ER+/HER2- High Prolif,10.0,1.0,Living
MB-0630,38,Breast Conserving,Breast Cancer,Breast Invasive Ductal Carcinoma,High,Yes,LumB,1.0,Positve,Positive,3,Gain,Positive,Ductal/NST,Yes,Pre,1,Right,0.0,2.0,4.04,IDC,86.8,Living,Positive,Yes,85.66,Not Recurred,Female,ER+/HER2- High Prolif,20.0,1.0,Living
MB-0631,84,Mastectomy,Breast Cancer,Breast Invasive Ductal Carcinoma,Moderate,Yes,LumA,1.0,Positve,Positive,2,Neutral,Negative,Ductal/NST,Yes,Post,8,Left,1.0,3.0,4.05,IDC,47.43333333,Deceased,Positive,Yes,25.33,Recurred,Female,ER+/HER2- Low Prolif,25.0,2.0,Died of Disease
MB-0632,51,Breast Conserving,Breast Cancer,Breast Invasive Ductal Carcinoma,Moderate,No,LumA,1.0,Positve,Positive,2,Neutral,Negative,Ductal/NST,Yes,Post,8,Left,0.0,4.0,3.04,IDC,56.5,Living,Negative,Yes,55.76,Not Recurred,Female,ER+/HER2- Low Prolif,20.0,1.0,Living
MB-0634,55,Mastectomy,Breast Cancer,Breast Invasive Lobular Carcinoma,Moderate,No,claudin-low,1.0,Positve,Negative,2,Neutral,Negative,Lobular,No,Post,8,Right,0.0,4.0,4.01,ILC,17.76666667,Living,Negative,No,17.53,Not Recurred,Female,ER+/HER2- Low Prolif,5.0,1.0,Living
MB-0635,76,Breast Conserving,Breast Cancer,Breast Invasive Ductal Carcinoma,Moderate,No,claudin-low,1.0,Positve,Negative,3,Neutral,Negative,Ductal/NST,Yes,Post,8,Right,0.0,4.0,4.028,IDC,88.0,Living,Negative,No,86.84,Not Recurred,Female,ER+/HER2- Low Prolif,14.0,1.0,Living
MB-0636,26,Breast Conserving,Breast Cancer,Breast Invasive Ductal Carcinoma,High,No,LumA,1.0,Positve,Positive,3,Neutral,Negative,Ductal/NST,Yes,Pre,6,Right,0.0,1.0,4.024,IDC,32.63333333,Deceased,Positive,Yes,32.2,Recurred,Female,ER+/HER2- High Prolif,12.0,1.0,Died of Disease
MB-0637,75,Mastectomy,Breast Cancer,Breast Invasive Ductal Carcinoma,High,No,LumB,1.0,Positve,Positive,3,Neutral,Negative,Ductal/NST,Yes,Post,10,Right,0.0,4.0,4.062,IDC,80.66666667,Living,Positive,Yes,79.61,Not Recurred,Female,ER+/HER2- High Prolif,31.0,2.0,Living
MB-0638,66,Mastectomy,Breast Cancer,Breast Mixed Ductal and Lobular Carcinoma,Low,No,Normal,1.0,Positve,Positive,2,Neutral,Negative,Mixed,Yes,Post,10,Left,1.0,2.0,4.064,MDLC,103.7666667,Deceased,Negative,Yes,102.4,Not Recurred,Female,ER+/HER2- High Prolif,32.0,2.0,Died of Other Causes
MB-0639,50,Breast Conserving,Breast Cancer,Breast Invasive Ductal Carcinoma,High,Yes,Basal,1.0,Negative,Negative,3,Neutral,Negative,Ductal/NST,No,Post,10,Left,0.0,3.0,4.036,IDC,75.4,Living,Negative,Yes,74.41,Not Recurred,Female,ER+/HER2- High Prolif,18.0,1.0,Living
MB-0640,66,Breast Conserving,Breast Cancer,Breast Invasive Ductal Carcinoma,High,No,Normal,1.0,Positve,Positive,2,Neutral,Negative,Ductal/NST,Yes,Post,7,Right,0.0,3.0,3.026,IDC,61.33333333,Living,Positive,Yes,60.53,Not Recurred,Female,ER+/HER2- Low Prolif,13.0,1.0,Living
MB-0641,56,Breast Conserving,Breast Cancer,Breast Invasive Ductal Carcinoma,Moderate,No,claudin-low,1.0,Positve,Positive,2,Neutral,Negative,Ductal/NST,Yes,Post,7,Right,1.0,3.0,4.028,IDC,102.5666667,Living,Negative,Yes,101.22,Not Recurred,Female,ER+/HER2- Low Prolif,14.0,2.0,Living
MB-0642,79,Breast Conserving,Breast Cancer,Breast Invasive Ductal Carcinoma,High,No,LumA,1.0,Positve,Positive,1,Neutral,Negative,Ductal/NST,No,Post,8,Left,0.0,2.0,2.04,IDC,84.2,Deceased,Positive,Yes,83.09,Not Recurred,Female,ER+/HER2- Low Prolif,20.0,1.0,Died of Other Causes
MB-0643,73,Mastectomy,Breast Cancer,Breast Invasive Ductal Carcinoma,High,No,Her2,1.0,Positve,Negative,3,Gain,Positive,Ductal/NST,Yes,Post,5,Left,12.0,3.0,6.12,IDC,19.73333333,Deceased,Negative,Yes,19.47,Not Recurred,Female,ER+/HER2- Low Prolif,60.0,3.0,Died of Other Causes
MB-0644,71,Mastectomy,Breast Cancer,Breast Invasive Ductal Carcinoma,High,No,claudin-low,1.0,Positve,Positive,2,Neutral,Negative,Ductal/NST,Yes,Post,5,Left,5.0,2.0,5.06,IDC,93.3,Living,Positive,Yes,92.07,Not Recurred,Female,ER+/HER2- Low Prolif,30.0,3.0,Living
MB-0646,67,Mastectomy,Breast Cancer,Breast Mixed Ductal and Lobular Carcinoma,High,No,LumB,1.0,Positve,Positive,2,Neutral,Negative,Mixed,Yes,Post,8,Left,6.0,2.0,5.066,MDLC,15.16666667,Deceased,Negative,Yes,14.97,Recurred,Female,ER+/HER2- Low Prolif,33.0,2.0,Died of Disease
MB-0649,60,Breast Conserving,Breast Cancer,Breast Invasive Ductal Carcinoma,Moderate,No,LumA,1.0,Positve,Positive,1,Neutral,Negative,Ductal/NST,Yes,Post,7,Right,4.0,3.0,4.016,IDC,61.43333333,Living,Positive,Yes,60.63,Not Recurred,Female,ER+/HER2- Low Prolif,8.0,2.0,Living
MB-0650,79,Mastectomy,Breast Cancer,Breast Invasive Ductal Carcinoma,High,No,LumA,1.0,Positve,Positive,2,Neutral,Negative,Ductal/NST,Yes,Post,2,Left,2.0,3.0,4.042,IDC,25.53333333,Living,Negative,Yes,25.2,Not Recurred,Female,ER+/HER2- Low Prolif,21.0,2.0,Living
MB-0652,85,Mastectomy,Breast Cancer,Breast Invasive Ductal Carcinoma,Moderate,No,Her2,1.0,Positve,Positive,3,Gain,Positive,Ductal/NST,Yes,Post,5,Right,1.0,3.0,5.042,IDC,96.63333333,Deceased,Positive,No,95.36,Recurred,Female,ER+/HER2- Low Prolif,21.0,2.0,Died of Disease
MB-0653,69,Breast Conserving,Breast Cancer,Breast Invasive Lobular Carcinoma,Moderate,No,Her2,1.0,Positve,Negative,3,Neutral,Negative,Lobular,Yes,Post,9,Left,2.0,22.0,5.056,ILC,24.8,Deceased,Negative,Yes,24.47,Recurred,Female,ER+/HER2- High Prolif,28.0,2.0,Died of Disease
MB-0654,82,Breast Conserving,Breast Cancer,Breast Invasive Ductal Carcinoma,Moderate,No,LumA,1.0,Positve,Positive,1,Neutral,Negative,Ductal/NST,Yes,Post,8,Right,0.0,2.0,2.048,IDC,69.4,Living,Positive,Yes,68.49,Not Recurred,Female,ER+/HER2- Low Prolif,24.0,2.0,Living
MB-0655,69,Mastectomy,Breast Cancer,Breast Invasive Ductal Carcinoma,Moderate,No,Normal,1.0,Positve,Positive,1,Neutral,Negative,Other,No,Post,8,Left,0.0,4.0,1.12,BREAST,111.0666667,Living,Positive,No,109.61,Not Recurred,Female,ER+/HER2- Low Prolif,60.0,1.0,Living
MB-0656,35,Mastectomy,Breast Cancer,Breast Invasive Ductal Carcinoma,High,Yes,claudin-low,1.0,Negative,Negative,3,Gain,Positive,Ductal/NST,No,Pre,5,Right,0.0,4.0,4.2,IDC,19.03333333,Deceased,Negative,Yes,5.16,Recurred,Female,ER+/HER2- Low Prolif,100.0,3.0,Died of Disease
MB-0657,58,Mastectomy,Breast Cancer,Breast Invasive Lobular Carcinoma,Moderate,No,claudin-low,1.0,Positve,Positive,2,Neutral,Negative,Lobular,Yes,Post,5,Left,0.0,5.0,3.2,ILC,30.43333333,Living,Negative,Yes,30.03,Not Recurred,Female,ER+/HER2- Low Prolif,100.0,2.0,Living
MB-0658,60,Breast Conserving,Breast Cancer,Breast Invasive Ductal Carcinoma,High,Yes,claudin-low,1.0,Negative,Negative,3,Loss,Negative,Ductal/NST,Yes,Post,10,Left,2.0,3.0,5.05,IDC,97.26666667,Living,Negative,Yes,95.99,Not Recurred,Female,ER+/HER2- Low Prolif,25.0,2.0,Living
MB-0659,82,Breast Conserving,Breast Cancer,Breast Invasive Ductal Carcinoma,Moderate,No,Normal,1.0,Negative,Negative,2,Neutral,Negative,Other,No,Post,10,Left,0.0,2.0,3.09,BREAST,23.33333333,Deceased,Negative,Yes,23.03,Recurred,Female,ER+/HER2- Low Prolif,45.0,2.0,Died of Disease
MB-0660,52,Mastectomy,Breast Cancer,Breast Invasive Ductal Carcinoma,High,Yes,Her2,1.0,Positve,Negative,3,Gain,Negative,Ductal/NST,Yes,Post,10,Right,22.0,5.0,6.32,IDC,18.93333333,Deceased,Negative,Yes,13.26,Recurred,Female,ER+/HER2- High Prolif,160.0,1.0,Died of Disease
MB-0661,78,Mastectomy,Breast Cancer,Breast Invasive Ductal Carcinoma,High,No,LumA,1.0,Positve,Positive,2,Gain,Negative,Ductal/NST,Yes,Post,7,Left,0.0,5.0,3.016,IDC,20.0,Deceased,Positive,No,15.89,Recurred,Female,ER+/HER2- Low Prolif,8.0,1.0,Died of Disease
MB-0662,50,Breast Conserving,Breast Cancer,Breast Invasive Ductal Carcinoma,High,No,Normal,1.0,Positve,Positive,3,Gain,Positive,Ductal/NST,Yes,Post,5,Left,0.0,4.0,4.028,IDC,69.8,Deceased,Positive,Yes,51.25,Recurred,Female,ER+/HER2- Low Prolif,14.0,1.0,Died of Disease
MB-0663,57,Breast Conserving,Breast Cancer,Breast Invasive Ductal Carcinoma,High,Yes,Her2,1.0,Negative,Negative,3,Gain,Positive,Ductal/NST,No,Post,5,Left,0.0,1.0,4.032,IDC,55.36666667,Living,Negative,No,54.64,Not Recurred,Female,ER+/HER2- Low Prolif,16.0,1.0,Living
MB-0664,78,Mastectomy,Breast Cancer,Breast Invasive Ductal Carcinoma,High,Yes,Basal,1.0,Negative,Negative,3,Neutral,Negative,Ductal/NST,No,Post,10,Left,10.0,7.0,6.168,IDC,11.06666667,Deceased,Negative,Yes,10.92,Recurred,Female,ER+/HER2- Low Prolif,84.0,3.0,Died of Disease
MB-0666,61,Breast Conserving,Breast Cancer,Breast Invasive Ductal Carcinoma,High,Yes,LumA,1.0,Positve,Positive,3,Neutral,Negative,Ductal/NST,Yes,Post,9,Right,9.0,1.0,6.05,IDC,24.33333333,Deceased,Positive,Yes,21.12,Recurred,Female,ER+/HER2- High Prolif,25.0,2.0,Died of Disease
MB-0667,76,Breast Conserving,Breast Cancer,Breast Invasive Ductal Carcinoma,High,No,LumB,1.0,Positve,Positive,3,Gain,Positive,Ductal/NST,Yes,Post,1,Left,9.0,1.0,6.068,IDC,128.0,Deceased,Positive,Yes,126.32,Recurred,Female,ER+/HER2- High Prolif,34.0,2.0,Died of Disease
MB-0869,58,Breast Conserving,Breast Cancer,Breast Invasive Ductal Carcinoma,High,Yes,Basal,1.0,Negative,Negative,3,Neutral,Negative,Ductal/NST,Yes,Post,10,Right,0.0,2.0,4.058,IDC,112.4,Deceased,Negative,Yes,110.92,Not Recurred,Female,ER+/HER2- High Prolif,29.0,2.0,Died of Other Causes
MB-0872,82,Mastectomy,Breast Cancer,Breast Invasive Ductal Carcinoma,High,No,Normal,1.0,Positve,Positive,2,Neutral,Negative,Ductal/NST,Yes,Post,7,Right,1.0,7.0,4.028,IDC,152.0666667,Deceased,Positive,Yes,150.07,Not Recurred,Female,ER+/HER2- Low Prolif,14.0,2.0,Died of Other Causes
MB-0874,59,Mastectomy,Breast Cancer,Breast Invasive Ductal Carcinoma,High,Yes,Basal,1.0,Negative,Negative,3,Neutral,Negative,Ductal/NST,No,Post,10,Left,0.0,2.0,4.078,IDC,16.6,Deceased,Negative,Yes,13.75,Recurred,Female,ER+/HER2- Low Prolif,39.0,2.0,Died of Disease
MB-0876,54,Mastectomy,Breast Cancer,Invasive Breast Carcinoma,Moderate,No,claudin-low,1.0,Negative,Negative,3,Neutral,Negative,Ductal/NST,No,Post,10,Right,0.0,2.0,1.0,BRCA,176.4333333,Living,Negative,No,174.11,Not Recurred,Female,ER+/HER2- Low Prolif,39.0,0.0,Living
MB-0877,79,Mastectomy,Breast Cancer,Breast Invasive Ductal Carcinoma,High,No,LumB,1.0,Positve,Positive,3,Neutral,Negative,Ductal/NST,No,Post,6,Left,4.0,4.0,6.07,IDC,14.43333333,Deceased,Positive,No,14.24,Recurred,Female,ER+/HER2- High Prolif,35.0,2.0,Died of Disease
MB-0880,73,Mastectomy,Breast Cancer,Breast Invasive Ductal Carcinoma,Moderate,No,LumA,1.0,Positve,Positive,1,Neutral,Negative,Ductal/NST,No,Post,7,Right,0.0,1.0,2.06,IDC,1.233333333,Living,Positive,No,1.22,Not Recurred,Female,ER+/HER2- Low Prolif,30.0,2.0,Living
MB-0882,73,Breast Conserving,Breast Cancer,Breast Invasive Ductal Carcinoma,Moderate,No,LumB,1.0,Positve,Positive,3,Neutral,Negative,Ductal/NST,Yes,Post,7,Left,0.0,1.0,4.094,IDC,42.36666667,Deceased,Positive,No,41.81,Recurred,Female,ER+/HER2- High Prolif,47.0,2.0,Died of Disease
MB-0884,56,Breast Conserving,Breast Cancer,Breast Invasive Ductal Carcinoma,Moderate,Yes,LumB,1.0,Positve,Positive,3,Neutral,Negative,Ductal/NST,Yes,Post,9,Left,15.0,5.0,6.046,IDC,93.66666667,Deceased,Negative,Yes,67.3,Recurred,Female,ER+/HER2- High Prolif,23.0,2.0,Died of Disease
MB-0885,52,Breast Conserving,Breast Cancer,Invasive Breast Carcinoma,Moderate,No,claudin-low,1.0,Positve,Negative,3,Neutral,Negative,Ductal/NST,Yes,Post,9,Right,15.0,5.0,2.0,BRCA,69.93333333,Deceased,Negative,No,69.01,Recurred,Female,ER+/HER2- High Prolif,23.0,2.0,Died of Disease
MB-0891,83,Mastectomy,Breast Cancer,Breast Invasive Ductal Carcinoma,Moderate,No,LumA,1.0,Positve,Positive,1,Neutral,Negative,Ductal/NST,Yes,Post,3,Right,2.0,6.0,3.074,IDC,149.4,Living,Negative,No,147.43,Not Recurred,Female,ER+/HER2- Low Prolif,37.0,2.0,Living
MB-0893,57,Mastectomy,Breast Cancer,Breast Invasive Ductal Carcinoma,Moderate,Yes,claudin-low,1.0,Positve,Negative,3,Neutral,Negative,Ductal/NST,Yes,Post,3,Left,3.0,6.0,5.056,IDC,175.6333333,Living,Negative,Yes,173.32,Not Recurred,Female,ER+/HER2- Low Prolif,28.0,2.0,Living
MB-0895,79,Mastectomy,Breast Cancer,Breast Invasive Ductal Carcinoma,High,No,LumB,1.0,Positve,Positive,3,Gain,Positive,Ductal/NST,Yes,Post,3,Left,1.0,1.0,5.038,IDC,43.1,Deceased,Positive,Yes,42.53,Not Recurred,Female,ER+/HER2- Low Prolif,19.0,2.0,Died of Other Causes
MB-0897,41,Mastectomy,Breast Cancer,Breast Invasive Ductal Carcinoma,Moderate,No,Normal,1.0,Positve,Positive,2,Neutral,Negative,Ductal/NST,No,Pre,3,Left,1.0,28.0,4.092,IDC,30.96666667,Deceased,Positive,No,30.56,Not Recurred,Female,ER+/HER2- Low Prolif,46.0,2.0,Died of Other Causes
MB-0899,50,Mastectomy,Breast Cancer,Breast Invasive Ductal Carcinoma,Moderate,Yes,LumA,1.0,Positve,Positive,2,Neutral,Negative,Ductal/NST,Yes,Post,8,Right,3.0,4.0,4.05,IDC,175.8,Living,Positive,No,142.01,Recurred,Female,ER+/HER2- High Prolif,25.0,2.0,Living
MB-0901,68,Breast Conserving,Breast Cancer,Breast Invasive Ductal Carcinoma,High,Yes,Basal,1.0,Negative,Negative,3,Neutral,Negative,Ductal/NST,No,Post,10,Left,3.0,3.0,5.066,IDC,136.1666667,Living,Negative,Yes,134.38,Not Recurred,Female,ER+/HER2- High Prolif,33.0,2.0,Living
MB-0904,83,Mastectomy,Breast Cancer,Breast Invasive Ductal Carcinoma,Moderate,No,LumA,1.0,Positve,Positive,2,Neutral,Negative,Ductal/NST,Yes,Post,3,Left,1.0,3.0,4.044,IDC,144.7,Deceased,Positive,No,142.8,Not Recurred,Female,ER+/HER2- Low Prolif,22.0,2.0,Died of Other Causes
MB-0906,70,Mastectomy,Breast Cancer,Breast Mixed Ductal and Lobular Carcinoma,High,No,claudin-low,1.0,Negative,Negative,3,Neutral,Negative,Mixed,Yes,Post,3,Right,0.0,5.0,4.056,MDLC,63.86666667,Deceased,Negative,Yes,47.63,Recurred,Female,ER+/HER2- Low Prolif,28.0,2.0,Died of Other Causes
MB-0907,72,Mastectomy,Breast Cancer,Invasive Breast Carcinoma,Low,No,claudin-low,1.0,Negative,Negative,3,Gain,Positive,Mixed,No,Post,3,Left,0.0,5.0,2.074,BRCA,119.9666667,Deceased,Negative,No,118.39,Not Recurred,Female,ER+/HER2- Low Prolif,37.0,1.0,Died of Other Causes
MB-2513,57,Breast Conserving,Breast Cancer,Breast Invasive Ductal Carcinoma,High,No,LumA,2.0,Negative,Negative,2,Gain,Positive,Ductal/NST,No,Post,5,Left,0.0,3.0,3.04,IDC,59.7,Deceased,Negative,Yes,37.43,Recurred,Female,ER+/HER2- Low Prolif,20.0,1.0,Died of Disease
MB-2517,60,Mastectomy,Breast Cancer,Breast Invasive Ductal Carcinoma,Moderate,No,Her2,2.0,Negative,Negative,3,Gain,Positive,Ductal/NST,Yes,Post,5,Right,0.0,7.0,4.03,IDC,268.4333333,Deceased,Negative,No,264.9,Not Recurred,Female,ER+/HER2- Low Prolif,15.0,1.0,Died of Other Causes
MB-2536,54,Breast Conserving,Breast Cancer,Breast Mixed Ductal and Lobular Carcinoma,Moderate,No,LumA,2.0,Positve,Positive,1,Gain,Negative,Mixed,No,Post,3,Left,0.0,6.0,2.03,MDLC,47.9,Deceased,Negative,No,47.27,Not Recurred,Female,ER+/HER2- Low Prolif,15.0,1.0,Died of Other Causes
MB-2556,62,Mastectomy,Breast Cancer,Breast Invasive Lobular Carcinoma,Moderate,No,claudin-low,2.0,Positve,Negative,2,Neutral,Negative,Lobular,Yes,Post,3,Left,1.0,1.0,4.04,ILC,220.9,Deceased,Negative,No,217.99,Not Recurred,Female,ER+/HER2- Low Prolif,20.0,2.0,Died of Other Causes
MB-2564,52,Breast Conserving,Breast Cancer,Breast Invasive Ductal Carcinoma,High,No,LumA,2.0,Positve,Positive,1,Neutral,Negative,Tubular/ cribriform,No,Post,8,Left,0.0,10.0,2.02,IDC,285.4333333,Living,Positive,Yes,161.22,Recurred,Female,ER+/HER2- Low Prolif,10.0,1.0,Living
MB-2610,58,Mastectomy,Breast Cancer,Breast Mixed Ductal and Lobular Carcinoma,Low,No,LumA,2.0,Positve,Positive,1,Neutral,Negative,Mixed,Yes,Post,8,Left,1.0,6.0,3.05,MDLC,280.7,Living,Positive,No,277.01,Not Recurred,Female,ER+/HER2- Low Prolif,25.0,2.0,Living
MB-2613,59,Mastectomy,Breast Cancer,Breast Invasive Ductal Carcinoma,High,No,LumB,2.0,Positve,Positive,3,Neutral,Negative,Ductal/NST,Yes,Post,1,Left,0.0,6.0,4.04,IDC,163.4,Living,Positive,No,161.25,Not Recurred,Female,ER+/HER2- High Prolif,20.0,1.0,Living
MB-2614,43,Mastectomy,Breast Cancer,Breast Mixed Ductal and Lobular Carcinoma,High,Yes,LumA,2.0,Negative,Positive,1,Neutral,Negative,Mixed,No,Pre,7,Left,10.0,4.0,4.03,MDLC,64.93333333,Deceased,Positive,No,29.05,Recurred,Female,ER+/HER2- Low Prolif,15.0,3.0,Died of Disease
MB-2616,65,Breast Conserving,Breast Cancer,Breast Mixed Ductal and Lobular Carcinoma,Moderate,No,claudin-low,2.0,Positve,Positive,2,Neutral,Negative,Mixed,No,Post,7,Left,0.0,3.0,3.036,MDLC,219.1666667,Deceased,Positive,Yes,162.76,Recurred,Female,ER+/HER2- Low Prolif,18.0,1.0,Died of Disease
MB-2617,63,Breast Conserving,Breast Cancer,Breast Invasive Ductal Carcinoma,High,No,LumB,2.0,Positve,Positive,3,Neutral,Negative,Ductal/NST,Yes,Post,7,Left,0.0,11.0,4.036,IDC,89.1,Deceased,Negative,Yes,42.2,Recurred,Female,ER+/HER2- High Prolif,18.0,1.0,Died of Disease
MB-2618,66,Breast Conserving,Breast Cancer,Breast Invasive Ductal Carcinoma,High,No,LumB,2.0,Positve,Positive,2,Gain,Negative,Ductal/NST,No,Post,1,Right,0.0,8.0,3.032,IDC,89.1,Deceased,Positive,Yes,46.61,Recurred,Female,ER+/HER2- High Prolif,16.0,1.0,Died of Disease
MB-2624,53,Breast Conserving,Breast Cancer,Breast Invasive Ductal Carcinoma,Moderate,No,LumA,2.0,Positve,Positive,1,Neutral,Negative,Tubular/ cribriform,Yes,Post,3,Right,2.0,6.0,3.028,IDC,128.5333333,Living,Positive,Yes,121.51,Recurred,Female,ER+/HER2- High Prolif,14.0,2.0,Living
MB-2626,62,Breast Conserving,Breast Cancer,Breast Invasive Ductal Carcinoma,High,No,LumB,2.0,Positve,Positive,3,Gain,Positive,Ductal/NST,Yes,Post,5,Right,0.0,3.0,4.032,IDC,193.7,Living,Positive,Yes,165.07,Recurred,Female,ER+/HER2- High Prolif,16.0,1.0,Living
MB-2629,61,Mastectomy,Breast Cancer,Breast Invasive Ductal Carcinoma,Moderate,No,LumB,2.0,Positve,Positive,3,Neutral,Negative,Ductal/NST,Yes,Post,3,Left,1.0,2.0,5.03,IDC,279.1,Living,Negative,Yes,275.43,Not Recurred,Female,ER+/HER2- High Prolif,15.0,2.0,Living
MB-2632,36,Mastectomy,Breast Cancer,Breast Invasive Ductal Carcinoma,High,Yes,Her2,2.0,Negative,Negative,3,Gain,Positive,Ductal/NST,No,Pre,5,Left,3.0,7.0,5.03,IDC,19.1,Deceased,Negative,Yes,12.01,Recurred,Female,ER+/HER2- High Prolif,15.0,2.0,Died of Disease
MB-2634,70,Breast Conserving,Breast Cancer,Breast Invasive Ductal Carcinoma,High,No,LumB,2.0,Positve,Positive,3,Gain,Negative,Ductal/NST,Yes,Post,2,Left,0.0,7.0,4.02,IDC,274.0333333,Living,Positive,Yes,270.43,Not Recurred,Female,ER+/HER2- High Prolif,10.0,1.0,Living
MB-2642,30,Mastectomy,Breast Cancer,Breast Invasive Ductal Carcinoma,Moderate,Yes,LumB,2.0,Negative,Positive,3,Loss,Negative,Ductal/NST,No,Pre,1,Right,3.0,5.0,5.07,IDC,45.16666667,Deceased,Positive,Yes,17.11,Recurred,Female,ER+/HER2- High Prolif,35.0,2.0,Died of Disease
MB-2643,34,Breast Conserving,Breast Cancer,Breast Invasive Ductal Carcinoma,Low,No,claudin-low,2.0,Negative,Negative,2,Neutral,Negative,Ductal/NST,No,Pre,1,Right,0.0,2.0,3.006,IDC,52.96666667,Deceased,Negative,Yes,33.98,Recurred,Female,ER+/HER2- High Prolif,3.0,1.0,Died of Disease
MB-2645,69,Mastectomy,Breast Cancer,Breast Invasive Ductal Carcinoma,Moderate,No,Basal,2.0,Positve,Positive,3,Neutral,Negative,Ductal/NST,Yes,Post,1,Left,6.0,5.0,6.054,IDC,44.76666667,Deceased,Negative,Yes,25.92,Recurred,Female,ER+/HER2- High Prolif,27.0,3.0,Died of Disease
MB-2669,62,Mastectomy,Breast Cancer,Breast Invasive Ductal Carcinoma,Moderate,No,LumA,2.0,Positve,Positive,2,Neutral,Negative,Ductal/NST,Yes,Post,6,Left,0.0,6.0,3.048,IDC,73.7,Deceased,Negative,No,47.8,Recurred,Female,ER+/HER2- Low Prolif,24.0,1.0,Died of Disease
MB-2686,68,Breast Conserving,Breast Cancer,Breast Invasive Ductal Carcinoma,High,No,LumB,2.0,Positve,Positive,3,Neutral,Negative,Ductal/NST,Yes,Post,1,Left,1.0,5.0,5.034,IDC,177.2666667,Living,Negative,Yes,174.93,Not Recurred,Female,ER+/HER2- High Prolif,17.0,2.0,Living
MB-2705,61,Breast Conserving,Breast Cancer,Breast Invasive Ductal Carcinoma,High,No,LumB,2.0,Positve,Positive,2,Neutral,Negative,Ductal/NST,No,Post,3,Left,0.0,6.0,3.03,IDC,163.7333333,Living,Negative,Yes,161.58,Not Recurred,Female,ER+/HER2- High Prolif,15.0,1.0,Living
MB-2708,66,Mastectomy,Breast Cancer,Breast Mixed Ductal and Lobular Carcinoma,Moderate,No,LumB,2.0,Positve,Positive,2,Neutral,Negative,Mixed,Yes,Post,7,Left,0.0,8.0,3.03,MDLC,133.2333333,Deceased,Positive,No,72.11,Recurred,Female,ER+/HER2- High Prolif,15.0,1.0,Died of Disease
MB-2711,48,Mastectomy,Breast Cancer,Breast Invasive Ductal Carcinoma,Moderate,No,LumA,2.0,Positve,Positive,2,Neutral,Negative,Ductal/NST,No,Pre,7,Left,0.0,2.0,3.03,IDC,201.4666667,Living,Positive,No,27.53,Recurred,Female,ER+/HER2- Low Prolif,15.0,1.0,Living
MB-2712,54,Breast Conserving,Breast Cancer,Breast Mixed Ductal and Lobular Carcinoma,High,No,LumA,2.0,Positve,Positive,1,Neutral,Negative,Mixed,Yes,Post,7,Right,1.0,6.0,3.022,MDLC,234.4333333,Deceased,Positive,Yes,105.79,Recurred,Female,ER+/HER2- Low Prolif,11.0,2.0,Died of Other Causes
MB-2718,47,Mastectomy,Breast Cancer,Breast Mixed Ductal and Lobular Carcinoma,High,Yes,Basal,2.0,Negative,Negative,2,Neutral,Negative,Mixed,No,Pre,10,Left,1.0,3.0,4.04,MDLC,278.2666667,Living,Negative,No,274.61,Not Recurred,Female,ER+/HER2- Low Prolif,20.0,2.0,Living
MB-2721,44,Breast Conserving,Breast Cancer,Breast Invasive Ductal Carcinoma,High,No,LumA,2.0,Negative,Positive,1,Loss,Negative,Tubular/ cribriform,No,Pre,7,Left,0.0,4.0,2.018,IDC,251.6333333,Living,Positive,Yes,248.32,Not Recurred,Female,ER+/HER2- Low Prolif,9.0,1.0,Living
MB-2724,60,Breast Conserving,Breast Cancer,Breast Invasive Ductal Carcinoma,High,No,claudin-low,2.0,Negative,Negative,3,Neutral,Negative,Ductal/NST,No,Post,7,Left,0.0,3.0,4.016,IDC,108.0666667,Deceased,Negative,No,102.76,Recurred,Female,ER+/HER2- Low Prolif,8.0,1.0,Died of Disease
MB-2725,44,Breast Conserving,Breast Cancer,Breast Invasive Ductal Carcinoma,Moderate,No,LumA,2.0,Positve,Positive,1,Neutral,Negative,Ductal/NST,Yes,Pre,7,Right,3.0,3.0,3.03,IDC,236.9333333,Living,Positive,Yes,233.82,Not Recurred,Female,ER+/HER2- Low Prolif,15.0,2.0,Living
MB-2728,28,Mastectomy,Breast Cancer,Breast Invasive Ductal Carcinoma,High,Yes,LumB,2.0,Negative,Positive,3,Neutral,Negative,Ductal/NST,No,Pre,9,Left,11.0,7.0,6.08,IDC,51.4,Deceased,Positive,Yes,15.95,Recurred,Female,ER+/HER2- High Prolif,40.0,3.0,Died of Disease
MB-2730,61,Mastectomy,Breast Cancer,Breast Invasive Ductal Carcinoma,High,No,LumB,2.0,Positve,Positive,3,Neutral,Negative,Ductal/NST,Yes,Post,1,Left,4.0,10.0,6.07,IDC,133.7333333,Living,Negative,Yes,131.97,Not Recurred,Female,ER+/HER2- High Prolif,35.0,3.0,Living
MB-2735,49,Breast Conserving,Breast Cancer,Breast Invasive Ductal Carcinoma,High,Yes,LumB,2.0,Negative,Positive,3,Gain,Negative,Ductal/NST,No,Pre,6,Left,1.0,6.0,5.024,IDC,274.5,Living,Negative,Yes,270.89,Not Recurred,Female,ER+/HER2- High Prolif,12.0,2.0,Living
MB-2742,48,Mastectomy,Breast Cancer,Breast Invasive Ductal Carcinoma,High,Yes,Her2,2.0,Negative,Negative,3,Gain,Positive,Ductal/NST,No,Pre,5,Left,3.0,7.0,5.03,IDC,24.9,Deceased,Negative,Yes,15.3,Recurred,Female,ER+/HER2- High Prolif,15.0,2.0,Died of Disease
MB-2744,45,Mastectomy,Breast Cancer,Breast Invasive Lobular Carcinoma,High,No,Normal,2.0,Positve,Positive,2,Neutral,Negative,Lobular,Yes,Pre,5,Right,0.0,5.0,3.06,ILC,275.6333333,Living,Positive,Yes,53.75,Recurred,Female,ER+/HER2- Low Prolif,30.0,1.0,Living
MB-2745,46,Mastectomy,Breast Cancer,Breast Mixed Ductal and Lobular Carcinoma,High,No,LumA,2.0,Positve,Positive,2,Neutral,Negative,Mixed,Yes,Pre,8,Right,1.0,4.0,4.06,MDLC,168.9666667,Deceased,Positive,Yes,154.41,Recurred,Female,ER+/HER2- High Prolif,30.0,2.0,Died of Disease
MB-2747,68,Mastectomy,Breast Cancer,Breast Invasive Ductal Carcinoma,High,No,LumA,2.0,Positve,Positive,1,Neutral,Negative,Ductal/NST,No,Post,8,Right,0.0,4.0,2.038,IDC,234.3333333,Deceased,Positive,No,231.25,Not Recurred,Female,ER+/HER2- Low Prolif,19.0,1.0,Died of Other Causes
MB-2749,60,Mastectomy,Breast Cancer,Breast Invasive Ductal Carcinoma,Moderate,No,LumA,2.0,Positve,Positive,1,Neutral,Negative,Ductal/NST,No,Post,3,Right,0.0,5.0,2.026,IDC,97.76666667,Deceased,Positive,No,96.48,Not Recurred,Female,ER+/HER2- Low Prolif,13.0,1.0,Died of Other Causes
MB-2750,47,Mastectomy,Breast Cancer,Breast Mixed Ductal and Lobular Carcinoma,Moderate,No,LumA,2.0,Positve,Positive,1,Gain,Negative,Mixed,No,Pre,8,Right,0.0,6.0,2.06,MDLC,145.4333333,Deceased,Negative,No,55.26,Recurred,Female,ER+/HER2- Low Prolif,30.0,1.0,Died of Other Causes
MB-2752,51,Mastectomy,Breast Cancer,Breast Mixed Ductal and Lobular Carcinoma,Moderate,No,LumA,2.0,Positve,Positive,2,Neutral,Negative,Mixed,Yes,Post,7,Right,0.0,5.0,3.07,MDLC,81.93333333,Deceased,Positive,No,80.69,Recurred,Female,ER+/HER2- Low Prolif,35.0,1.0,Died of Disease
MB-2753,30,Breast Conserving,Breast Cancer,Breast Invasive Ductal Carcinoma,High,Yes,Basal,2.0,Negative,Negative,3,Gain,Negative,Ductal/NST,No,Pre,10,Left,1.0,6.0,5.074,IDC,274.4,Living,Negative,Yes,270.79,Not Recurred,Female,ER+/HER2- Low Prolif,37.0,2.0,Living
MB-2754,66,Mastectomy,Breast Cancer,Breast Invasive Lobular Carcinoma,Moderate,No,Normal,2.0,Negative,Negative,2,Neutral,Negative,Lobular,Yes,Post,3,Left,0.0,2.0,3.07,ILC,203.5333333,Deceased,Negative,No,170.23,Recurred,Female,ER+/HER2- Low Prolif,35.0,1.0,Died of Disease
MB-2758,38,Mastectomy,Breast Cancer,Breast Invasive Ductal Carcinoma,Low,Yes,claudin-low,2.0,Negative,Negative,3,Gain,Positive,Ductal/NST,No,Pre,3,Right,4.0,4.0,6.09,IDC,35.0,Deceased,Negative,No,32.3,Recurred,Female,ER+/HER2- Low Prolif,45.0,3.0,Died of Disease
MB-2760,63,Breast Conserving,Breast Cancer,Breast Invasive Ductal Carcinoma,Moderate,No,LumB,2.0,Positve,Positive,2,Neutral,Negative,Ductal/NST,Yes,Post,7,Right,2.0,4.0,4.03,IDC,118.0333333,Deceased,Positive,Yes,86.05,Recurred,Female,ER+/HER2- Low Prolif,15.0,2.0,Died of Disease
MB-2763,70,Mastectomy,Breast Cancer,Breast Invasive Mixed Mucinous Carcinoma,Moderate,No,LumB,2.0,Positve,Positive,2,Neutral,Negative,Mucinous,Yes,Post,7,Right,0.0,7.0,3.052,IMMC,275.6,Living,Positive,No,271.97,Not Recurred,Female,ER+/HER2- High Prolif,26.0,1.0,Living
MB-2764,57,Breast Conserving,Breast Cancer,Breast Invasive Ductal Carcinoma,Low,No,claudin-low,2.0,Positve,Positive,2,Neutral,Negative,Tubular/ cribriform,Yes,Post,7,Right,1.0,2.0,4.03,IDC,270.1333333,Deceased,Negative,Yes,215.79,Recurred,Female,ER+/HER2- High Prolif,15.0,2.0,Died of Disease
MB-2765,65,Breast Conserving,Breast Cancer,Breast Invasive Ductal Carcinoma,Moderate,No,claudin-low,2.0,Positve,Positive,3,Gain,Negative,Ductal/NST,Yes,Post,3,Left,0.0,2.0,4.034,IDC,227.8666667,Deceased,Positive,Yes,224.87,Not Recurred,Female,ER+/HER2- Low Prolif,17.0,1.0,Died of Other Causes
MB-2767,53,Breast Conserving,Breast Cancer,Breast Invasive Ductal Carcinoma,High,No,LumB,2.0,Positve,Positive,3,Neutral,Negative,Ductal/NST,Yes,Post,2,Left,1.0,3.0,5.042,IDC,271.3333333,Living,Positive,Yes,267.76,Not Recurred,Female,ER+/HER2- High Prolif,21.0,2.0,Living
MB-2769,59,Breast Conserving,Breast Cancer,Breast Invasive Lobular Carcinoma,High,No,LumB,2.0,Positve,Positive,2,Neutral,Negative,Lobular,No,Post,7,Left,0.0,4.0,3.03,ILC,160.0,Living,Positive,Yes,157.89,Not Recurred,Female,ER+/HER2- High Prolif,15.0,1.0,Living
MB-2770,60,Breast Conserving,Breast Cancer,Breast Invasive Lobular Carcinoma,High,No,LumA,2.0,Positve,Positive,2,Neutral,Negative,Lobular,Yes,Post,8,Right,5.0,10.0,5.09,ILC,274.3666667,Living,Positive,No,270.76,Not Recurred,Female,ER+/HER2- Low Prolif,45.0,3.0,Living
MB-2771,56,Breast Conserving,Breast Cancer,Breast Invasive Ductal Carcinoma,Low,No,Basal,2.0,Positve,Negative,3,Loss,Negative,Ductal/NST,Yes,Post,10,Left,0.0,7.0,4.032,IDC,44.83333333,Deceased,Negative,Yes,40.49,Recurred,Female,ER+/HER2- Low Prolif,16.0,1.0,Died of Disease
MB-2772,54,Breast Conserving,Breast Cancer,Breast Mixed Ductal and Lobular Carcinoma,Moderate,No,LumB,2.0,Positve,Positive,3,Loss,Negative,Mixed,Yes,Post,6,Right,0.0,6.0,4.034,MDLC,150.7333333,Deceased,Positive,Yes,148.75,Not Recurred,Female,ER+/HER2- High Prolif,17.0,1.0,Died of Other Causes
MB-2774,66,Mastectomy,Breast Cancer,Breast Invasive Ductal Carcinoma,Moderate,No,LumB,2.0,Positve,Positive,2,Loss,Negative,Ductal/NST,Yes,Post,7,Right,7.0,3.0,5.07,IDC,131.6666667,Deceased,Positive,No,129.93,Not Recurred,Female,ER+/HER2- High Prolif,35.0,3.0,Died of Other Causes
MB-2778,62,Mastectomy,Breast Cancer,Breast Invasive Ductal Carcinoma,Low,No,NC,2.0,Positve,Positive,2,Neutral,Negative,Ductal/NST,Yes,Post,3,Left,1.0,6.0,4.034,IDC,181.2333333,Deceased,Positive,No,119.11,Recurred,Female,ER+/HER2- High Prolif,17.0,2.0,Died of Disease
MB-2779,36,Breast Conserving,Breast Cancer,Breast Invasive Ductal Carcinoma,High,No,LumA,2.0,Positve,Positive,2,Neutral,Negative,Ductal/NST,No,Pre,10,Left,0.0,6.0,3.04,IDC,275.2333333,Living,Positive,Yes,159.34,Recurred,Female,ER+/HER2- High Prolif,20.0,1.0,Living
MB-2781,64,Mastectomy,Breast Cancer,Breast Invasive Ductal Carcinoma,Moderate,No,LumB,2.0,Positve,Positive,2,Gain,Negative,Ductal/NST,Yes,Post,1,Left,1.0,2.0,4.06,IDC,40.43333333,Deceased,Positive,No,39.9,Not Recurred,Female,ER+/HER2- High Prolif,30.0,2.0,Died of Other Causes
MB-2786,62,Mastectomy,Breast Cancer,Breast Invasive Ductal Carcinoma,High,No,LumA,2.0,Positve,Positive,3,Gain,Positive,Ductal/NST,Yes,Post,5,Left,3.0,5.0,5.056,IDC,68.26666667,Deceased,Negative,Yes,42.27,Recurred,Female,ER+/HER2- High Prolif,28.0,2.0,Died of Disease
MB-2790,47,Mastectomy,Breast Cancer,Breast Mixed Ductal and Lobular Carcinoma,Moderate,No,LumA,2.0,Positve,Positive,2,Neutral,Negative,Mixed,No,Pre,8,Left,0.0,8.0,3.05,MDLC,116.9333333,Living,Positive,No,12.86,Recurred,Female,ER+/HER2- High Prolif,25.0,1.0,Living
MB-2791,40,Breast Conserving,Breast Cancer,Breast Invasive Ductal Carcinoma,High,No,LumA,2.0,Positve,Positive,2,Neutral,Negative,Ductal/NST,No,Pre,3,Left,0.0,12.0,3.034,IDC,271.9333333,Living,Positive,Yes,268.36,Not Recurred,Female,ER+/HER2- Low Prolif,17.0,1.0,Living
MB-2792,50,Mastectomy,Breast Cancer,Breast Invasive Ductal Carcinoma,Low,No,Her2,2.0,Positve,Positive,2,Gain,Negative,Ductal/NST,Yes,Post,9,Left,1.0,2.0,4.07,IDC,110.7666667,Deceased,Positive,No,86.25,Recurred,Female,ER+/HER2- High Prolif,35.0,2.0,Died of Disease
MB-2793,67,Mastectomy,Breast Cancer,Breast Invasive Ductal Carcinoma,High,No,LumB,2.0,Positve,Positive,2,Neutral,Negative,Ductal/NST,Yes,Post,8,Right,0.0,3.0,3.05,IDC,267.2333333,Living,Positive,No,263.72,Not Recurred,Female,ER+/HER2- High Prolif,25.0,1.0,Living
MB-2795,42,Breast Conserving,Breast Cancer,Breast Invasive Ductal Carcinoma,Moderate,No,claudin-low,2.0,Positve,Positive,2,Neutral,Negative,Ductal/NST,No,Pre,1,Right,0.0,3.0,3.024,IDC,272.1,Living,Negative,Yes,268.52,Not Recurred,Female,ER+/HER2- Low Prolif,12.0,1.0,Living
MB-2796,57,Mastectomy,Breast Cancer,Breast Mixed Ductal and Lobular Carcinoma,Moderate,No,claudin-low,2.0,Positve,Positive,3,Neutral,Negative,Mixed,Yes,Post,2,Right,1.0,5.0,5.04,MDLC,87.7,Deceased,Positive,Yes,18.22,Recurred,Female,ER+/HER2- High Prolif,20.0,2.0,Died of Disease
MB-2797,50,Mastectomy,Breast Cancer,Breast Mixed Ductal and Lobular Carcinoma,Moderate,No,LumA,2.0,Positve,Positive,1,Neutral,Negative,Mixed,No,Post,6,Left,0.0,4.0,2.03,MDLC,252.9666667,Living,Positive,No,249.64,Not Recurred,Female,ER+/HER2- High Prolif,15.0,1.0,Living
MB-2801,70,Breast Conserving,Breast Cancer,Breast Invasive Ductal Carcinoma,Moderate,No,LumA,2.0,Positve,Positive,2,Neutral,Negative,Ductal/NST,Yes,Post,2,Left,1.0,8.0,4.026,IDC,271.2666667,Living,Positive,Yes,267.7,Not Recurred,Female,ER+/HER2- High Prolif,13.0,2.0,Living
MB-2803,63,Breast Conserving,Breast Cancer,Breast Invasive Ductal Carcinoma,High,No,LumB,2.0,Positve,Positive,2,Neutral,Negative,Ductal/NST,No,Post,8,Right,0.0,4.0,3.036,IDC,85.86666667,Deceased,Negative,Yes,73.09,Recurred,Female,ER+/HER2- High Prolif,18.0,1.0,Died of Disease
MB-2814,65,Breast Conserving,Breast Cancer,Breast Invasive Ductal Carcinoma,Moderate,No,LumB,2.0,Positve,Positive,2,Gain,Negative,Ductal/NST,No,Post,3,Right,0.0,4.0,3.026,IDC,231.0333333,Deceased,Positive,Yes,227.99,Not Recurred,Female,ER+/HER2- High Prolif,13.0,1.0,Died of Other Causes
MB-2815,64,Breast Conserving,Breast Cancer,Breast Mixed Ductal and Lobular Carcinoma,Low,No,Normal,2.0,Positve,Positive,1,Neutral,Negative,Mixed,No,Post,3,Right,0.0,2.0,2.044,MDLC,257.5666667,Living,Positive,Yes,254.18,Not Recurred,Female,ER+/HER2- Low Prolif,22.0,1.0,Living
MB-2819,61,Mastectomy,Breast Cancer,Breast Mixed Ductal and Lobular Carcinoma,High,No,LumA,2.0,Positve,Positive,1,Neutral,Negative,Mixed,No,Post,7,Left,0.0,4.0,2.038,MDLC,270.5666667,Living,Positive,No,267.01,Not Recurred,Female,ER+/HER2- Low Prolif,19.0,1.0,Living
MB-2820,40,Breast Conserving,Breast Cancer,Breast Invasive Ductal Carcinoma,Moderate,No,LumA,2.0,Positve,Positive,3,Neutral,Negative,Ductal/NST,Yes,Pre,3,Left,0.0,6.0,4.036,IDC,254.6333333,Living,Positive,Yes,251.28,Not Recurred,Female,ER+/HER2- Low Prolif,18.0,1.0,Living
MB-2821,57,Breast Conserving,Breast Cancer,Metaplastic Breast Cancer,Moderate,No,claudin-low,2.0,Negative,Negative,3,Neutral,Negative,Metaplastic,No,Post,3,Right,0.0,6.0,1.032,MBC,136.0666667,Deceased,Positive,Yes,134.28,Not Recurred,Female,ER+/HER2- Low Prolif,16.0,1.0,Died of Other Causes
MB-2823,35,Breast Conserving,Breast Cancer,Breast Mixed Ductal and Lobular Carcinoma,High,No,claudin-low,2.0,Positve,Positive,3,Gain,Positive,Mixed,Yes,Pre,3,Right,0.0,5.0,4.022,MDLC,269.9,Living,Positive,Yes,266.35,Not Recurred,Female,ER+/HER2- Low Prolif,11.0,1.0,Living
MB-2827,36,Mastectomy,Breast Cancer,Breast Invasive Ductal Carcinoma,Moderate,Yes,Basal,2.0,Negative,Negative,3,Neutral,Negative,Ductal/NST,No,Pre,10,Right,1.0,4.0,5.022,IDC,235.6666667,Living,Negative,Yes,232.57,Not Recurred,Female,ER+/HER2- Low Prolif,11.0,2.0,Living
MB-2833,42,Mastectomy,Breast Cancer,Breast Invasive Ductal Carcinoma,High,Yes,claudin-low,2.0,Negative,Negative,3,Neutral,Negative,Medullary,No,Pre,10,Right,2.0,5.0,5.046,IDC,259.7666667,Living,Negative,Yes,256.35,Not Recurred,Female,ER+/HER2- Low Prolif,23.0,2.0,Living
MB-2834,56,Breast Conserving,Breast Cancer,Breast Invasive Ductal Carcinoma,High,No,Her2,2.0,Positve,Negative,2,Neutral,Negative,Ductal/NST,No,Post,3,Left,1.0,8.0,4.018,IDC,153.8333333,Deceased,Negative,Yes,151.81,Not Recurred,Female,ER+/HER2- Low Prolif,9.0,1.0,Died of Other Causes
MB-2835,59,Mastectomy,Breast Cancer,Breast Invasive Ductal Carcinoma,Moderate,No,LumA,2.0,Positve,Positive,3,Neutral,Negative,Ductal/NST,Yes,Post,3,Right,0.0,6.0,4.04,IDC,55.03333333,Deceased,Positive,No,54.31,Not Recurred,Female,ER+/HER2- Low Prolif,20.0,1.0,Died of Other Causes
MB-2838,67,Mastectomy,Breast Cancer,Breast Invasive Ductal Carcinoma,High,No,LumA,2.0,Positve,Positive,2,Loss,Negative,Ductal/NST,Yes,Post,8,Right,0.0,12.0,3.054,IDC,270.3,Living,Positive,No,266.74,Not Recurred,Female,ER+/HER2- High Prolif,27.0,1.0,Living
MB-2840,60,Mastectomy,Breast Cancer,Breast Invasive Lobular Carcinoma,Moderate,No,LumA,2.0,Positve,Positive,2,Neutral,Negative,Lobular,No,Post,3,Left,0.0,6.0,3.028,ILC,269.0,Living,Negative,No,265.46,Not Recurred,Female,ER+/HER2- Low Prolif,14.0,1.0,Living
MB-2842,58,Mastectomy,Breast Cancer,Breast Invasive Ductal Carcinoma,High,Yes,Basal,2.0,Negative,Negative,3,Neutral,Negative,Ductal/NST,No,Post,9,Right,1.0,11.0,5.054,IDC,19.73333333,Deceased,Negative,Yes,18.91,Recurred,Female,ER+/HER2- Low Prolif,27.0,2.0,Died of Disease
MB-2843,61,Breast Conserving,Breast Cancer,Breast Invasive Ductal Carcinoma,Moderate,No,LumA,2.0,Positve,Positive,2,Neutral,Negative,Ductal/NST,No,Post,2,Right,0.0,4.0,3.026,IDC,231.5333333,Deceased,Negative,Yes,228.49,Not Recurred,Female,ER+/HER2- Low Prolif,13.0,1.0,Died of Other Causes
MB-2844,60,Mastectomy,Breast Cancer,Breast Invasive Ductal Carcinoma,High,No,LumB,2.0,Positve,Positive,3,Gain,Negative,Ductal/NST,Yes,Post,9,Right,0.0,8.0,4.038,IDC,146.7333333,Living,Negative,No,144.8,Not Recurred,Female,ER+/HER2- Low Prolif,19.0,1.0,Living
MB-2845,55,Mastectomy,Breast Cancer,Breast Invasive Lobular Carcinoma,Moderate,No,claudin-low,2.0,Positve,Positive,2,Neutral,Negative,Lobular,No,Post,9,Right,0.0,5.0,3.028,ILC,264.7666667,Living,Negative,No,261.28,Not Recurred,Female,ER+/HER2- Low Prolif,14.0,1.0,Living
MB-2847,65,Mastectomy,Breast Cancer,Breast Invasive Ductal Carcinoma,High,No,Her2,2.0,Positve,Negative,3,Gain,Positive,Ductal/NST,Yes,Post,5,Left,18.0,9.0,6.07,IDC,39.53333333,Deceased,Negative,Yes,16.05,Recurred,Female,ER+/HER2- Low Prolif,35.0,3.0,Died of Disease
MB-2848,60,Mastectomy,Breast Cancer,Breast Invasive Ductal Carcinoma,Moderate,No,LumA,2.0,Positve,Positive,2,Neutral,Negative,Ductal/NST,Yes,Post,3,Right,1.0,6.0,4.03,IDC,227.7333333,Deceased,Positive,No,224.74,Not Recurred,Female,ER+/HER2- Low Prolif,15.0,2.0,Died of Other Causes
MB-2849,60,Mastectomy,Breast Cancer,Breast Invasive Ductal Carcinoma,Moderate,No,Basal,2.0,Negative,Negative,3,Neutral,Negative,Ductal/NST,Yes,Post,9,Right,0.0,4.0,4.052,IDC,43.2,Deceased,Negative,Yes,21.02,Recurred,Female,ER+/HER2- Low Prolif,26.0,1.0,Died of Disease
MB-2850,31,Mastectomy,Breast Cancer,Breast Invasive Ductal Carcinoma,Moderate,Yes,claudin-low,2.0,Negative,Negative,3,Neutral,Negative,Ductal/NST,No,Pre,10,Right,11.0,5.0,6.062,IDC,9.433333333,Deceased,Negative,Yes,8.32,Recurred,Female,ER+/HER2- Low Prolif,31.0,3.0,Died of Disease
MB-2851,58,Breast Conserving,Breast Cancer,Breast Mixed Ductal and Lobular Carcinoma,High,No,LumA,2.0,Positve,Positive,3,Neutral,Negative,Mixed,Yes,Post,10,Right,0.0,5.0,4.032,MDLC,159.0,Deceased,Positive,Yes,91.91,Recurred,Female,ER+/HER2- Low Prolif,16.0,1.0,Died of Disease
MB-2853,36,Breast Conserving,Breast Cancer,Breast Invasive Mixed Mucinous Carcinoma,Moderate,No,LumB,2.0,Positve,Positive,2,Neutral,Negative,Mucinous,No,Pre,6,Right,0.0,7.0,3.046,IMMC,269.6333333,Living,Negative,Yes,266.09,Not Recurred,Female,ER+/HER2- High Prolif,23.0,1.0,Living
MB-2854,61,Mastectomy,Breast Cancer,Breast Invasive Lobular Carcinoma,High,No,LumA,2.0,Positve,Positive,2,Neutral,Negative,Lobular,Yes,Post,7,Left,0.0,5.0,3.044,ILC,270.4333333,Living,Negative,No,266.88,Not Recurred,Female,ER+/HER2- Low Prolif,22.0,1.0,Living
MB-2857,45,Mastectomy,Breast Cancer,Breast Invasive Ductal Carcinoma,Moderate,Yes,claudin-low,2.0,Negative,Negative,3,Neutral,Negative,Ductal/NST,No,Pre,10,Left,1.0,5.0,5.044,IDC,250.6666667,Living,Negative,Yes,247.37,Not Recurred,Female,ER+/HER2- Low Prolif,22.0,2.0,Living
MB-2858,63,Mastectomy,Breast Cancer,Breast Mixed Ductal and Lobular Carcinoma,Moderate,No,LumB,2.0,Positve,Positive,3,Neutral,Negative,Mixed,Yes,Post,1,Right,0.0,2.0,4.052,MDLC,141.5666667,Deceased,Positive,No,139.7,Not Recurred,Female,ER+/HER2- High Prolif,26.0,1.0,Died of Other Causes
MB-2863,59,Mastectomy,Breast Cancer,Breast Invasive Mixed Mucinous Carcinoma,Moderate,No,LumA,2.0,Positve,Positive,1,Neutral,Negative,Mucinous,Yes,Post,1,Left,1.0,6.0,3.04,IMMC,258.3333333,Living,Negative,No,254.93,Not Recurred,Female,ER+/HER2- Low Prolif,20.0,2.0,Living
MB-2867,47,Mastectomy,Breast Cancer,Breast Invasive Ductal Carcinoma,High,No,LumA,2.0,Positve,Positive,1,Neutral,Negative,Ductal/NST,Yes,Pre,1,Right,2.0,4.0,3.04,IDC,269.3333333,Living,Positive,No,117.93,Recurred,Female,ER+/HER2- Low Prolif,20.0,2.0,Living
MB-2895,66,Mastectomy,Breast Cancer,Breast Invasive Ductal Carcinoma,Low,No,claudin-low,2.0,Negative,Negative,3,Gain,Positive,Ductal/NST,Yes,Post,5,Left,0.0,6.0,4.03,IDC,196.5666667,Deceased,Negative,No,184.08,Recurred,Female,ER+/HER2- Low Prolif,15.0,1.0,Died of Disease
MB-2896,68,Mastectomy,Breast Cancer,Breast Invasive Ductal Carcinoma,Moderate,No,claudin-low,2.0,Positve,Positive,2,Neutral,Negative,Ductal/NST,No,Post,5,Right,0.0,5.0,3.026,IDC,237.3666667,Deceased,Negative,No,234.24,Not Recurred,Female,ER+/HER2- Low Prolif,13.0,1.0,Died of Other Causes
MB-2900,59,Mastectomy,Breast Cancer,Breast Invasive Lobular Carcinoma,Low,No,Normal,2.0,Positve,Positive,2,Neutral,Negative,Lobular,Yes,Post,5,Left,9.0,4.0,5.05,ILC,20.66666667,Deceased,Positive,No,18.98,Recurred,Female,ER+/HER2- Low Prolif,25.0,3.0,Died of Other Causes
MB-2901,49,Breast Conserving,Breast Cancer,Breast Invasive Ductal Carcinoma,High,No,LumB,2.0,Positve,Positive,2,Neutral,Negative,Ductal/NST,Yes,Pre,8,Left,0.0,3.0,3.05,IDC,218.3,Deceased,Positive,Yes,62.76,Recurred,Female,ER+/HER2- Low Prolif,25.0,1.0,Died of Disease
MB-2904,34,Mastectomy,Breast Cancer,Breast Invasive Ductal Carcinoma,High,Yes,claudin-low,2.0,Negative,Negative,3,Neutral,Negative,Ductal/NST,No,Pre,10,Left,1.0,6.0,5.05,IDC,125.6,Deceased,Negative,Yes,102.66,Recurred,Female,ER+/HER2- Low Prolif,25.0,2.0,Died of Disease
MB-2912,59,Breast Conserving,Breast Cancer,Breast Invasive Ductal Carcinoma,High,Yes,Basal,2.0,Negative,Negative,3,Neutral,Negative,Ductal/NST,No,Post,10,Right,5.0,5.0,6.04,IDC,267.4,Living,Negative,Yes,263.88,Not Recurred,Female,ER+/HER2- Low Prolif,20.0,3.0,Living
MB-2916,48,Breast Conserving,Breast Cancer,Breast Invasive Ductal Carcinoma,High,No,LumA,2.0,Positve,Positive,1,Neutral,Negative,Tubular/ cribriform,No,Pre,3,Left,0.0,6.0,2.032,IDC,266.9333333,Living,Positive,Yes,263.42,Not Recurred,Female,ER+/HER2- Low Prolif,16.0,1.0,Living
MB-2917,33,Mastectomy,Breast Cancer,Breast Invasive Ductal Carcinoma,High,Yes,Basal,2.0,Negative,Negative,3,Neutral,Negative,Ductal/NST,No,Pre,10,Left,2.0,4.0,5.06,IDC,31.93333333,Deceased,Negative,Yes,31.51,Recurred,Female,ER+/HER2- Low Prolif,30.0,2.0,Died of Disease
MB-2919,59,Mastectomy,Breast Cancer,Breast Invasive Mixed Mucinous Carcinoma,Low,No,LumB,2.0,Positve,Positive,1,Neutral,Negative,Mucinous,No,Post,8,Left,0.0,5.0,2.04,IMMC,240.0333333,Deceased,Positive,No,236.88,Not Recurred,Female,ER+/HER2- Low Prolif,20.0,1.0,Died of Other Causes
MB-2922,45,Mastectomy,Breast Cancer,Breast Invasive Ductal Carcinoma,High,Yes,Her2,2.0,Negative,Negative,3,Gain,Negative,Ductal/NST,No,Pre,1,Right,8.0,8.0,6.05,IDC,14.4,Deceased,Negative,Yes,14.01,Recurred,Female,ER+/HER2- High Prolif,25.0,3.0,Died of Disease
MB-2923,37,Mastectomy,Breast Cancer,Breast Invasive Ductal Carcinoma,High,Yes,Her2,2.0,Negative,Negative,3,Gain,Positive,Ductal/NST,No,Pre,5,Right,5.0,6.0,6.074,IDC,14.1,Deceased,Negative,Yes,11.38,Recurred,Female,ER+/HER2- High Prolif,37.0,3.0,Died of Disease
MB-2927,58,Breast Conserving,Breast Cancer,Breast Mixed Ductal and Lobular Carcinoma,High,No,LumA,2.0,Positve,Positive,1,Loss,Negative,Mixed,No,Post,1,Left,0.0,1.0,2.026,MDLC,263.7,Deceased,Positive,No,70.89,Recurred,Female,ER+/HER2- High Prolif,13.0,1.0,Died of Disease
MB-2929,53,Mastectomy,Breast Cancer,Breast Invasive Ductal Carcinoma,High,Yes,Her2,2.0,Negative,Negative,2,Neutral,Negative,Ductal/NST,No,Post,1,Left,1.0,6.0,4.04,IDC,262.8666667,Deceased,Negative,Yes,259.41,Not Recurred,Female,ER+/HER2- High Prolif,20.0,2.0,Died of Other Causes
MB-2931,46,Mastectomy,Breast Cancer,Breast Invasive Ductal Carcinoma,High,No,LumB,2.0,Positve,Positive,2,Neutral,Negative,Ductal/NST,No,Pre,8,Left,0.0,10.0,3.034,IDC,228.1,Deceased,Positive,No,13.52,Recurred,Female,ER+/HER2- Low Prolif,17.0,1.0,Died of Other Causes
MB-2932,63,Breast Conserving,Breast Cancer,Breast Invasive Ductal Carcinoma,High,No,LumB,2.0,Positve,Positive,3,Neutral,Negative,Ductal/NST,Yes,Post,2,Right,0.0,3.0,4.036,IDC,108.4333333,Living,Positive,Yes,107.01,Not Recurred,Female,ER+/HER2- High Prolif,18.0,1.0,Living
MB-2933,44,Mastectomy,Breast Cancer,Breast Invasive Ductal Carcinoma,High,No,LumA,2.0,Positve,Positive,1,Neutral,Negative,Tubular/ cribriform,No,Pre,3,Left,0.0,4.0,2.03,IDC,161.9333333,Deceased,Positive,No,159.8,Not Recurred,Female,ER+/HER2- Low Prolif,15.0,1.0,Died of Other Causes
MB-2939,70,Mastectomy,Breast Cancer,Breast Invasive Ductal Carcinoma,High,No,LumB,2.0,Positve,Positive,3,Gain,Positive,Ductal/NST,Yes,Post,5,Right,1.0,4.0,5.034,IDC,101.2666667,Deceased,Positive,No,99.93,Not Recurred,Female,ER+/HER2- Low Prolif,17.0,2.0,Died of Other Causes
MB-2944,66,Mastectomy,Breast Cancer,Breast Mixed Ductal and Lobular Carcinoma,High,No,LumA,2.0,Negative,Positive,3,Neutral,Negative,Mixed,Yes,Post,8,Right,0.0,7.0,4.054,MDLC,27.2,Deceased,Positive,No,26.05,Recurred,Female,ER+/HER2- Low Prolif,27.0,1.0,Died of Disease
MB-2947,36,Mastectomy,Breast Cancer,Breast Invasive Ductal Carcinoma,Moderate,No,LumA,2.0,Positve,Positive,2,Neutral,Negative,Ductal/NST,No,Pre,8,Right,0.0,3.0,3.03,IDC,112.0,Living,Positive,No,110.53,Not Recurred,Female,ER+/HER2- Low Prolif,15.0,1.0,Living
MB-2951,39,Breast Conserving,Breast Cancer,Breast Invasive Ductal Carcinoma,High,No,LumA,2.0,Positve,Positive,2,Neutral,Negative,Ductal/NST,No,Pre,1,Right,0.0,6.0,3.03,IDC,263.3666667,Living,Positive,Yes,97.76,Recurred,Female,ER+/HER2- Low Prolif,15.0,1.0,Living
MB-2952,52,Breast Conserving,Breast Cancer,Breast Invasive Ductal Carcinoma,High,No,LumA,2.0,Positve,Positive,1,Neutral,Negative,Tubular/ cribriform,No,Post,8,Left,0.0,9.0,2.024,IDC,189.1,Deceased,Positive,Yes,186.61,Not Recurred,Female,ER+/HER2- Low Prolif,12.0,1.0,Died of Other Causes
MB-2953,43,Breast Conserving,Breast Cancer,Breast Invasive Ductal Carcinoma,High,No,LumB,2.0,Positve,Positive,2,Neutral,Negative,Ductal/NST,No,Pre,10,Right,0.0,4.0,3.036,IDC,30.13333333,Deceased,Positive,Yes,14.97,Recurred,Female,ER+/HER2- High Prolif,18.0,1.0,Died of Disease
MB-2954,69,Mastectomy,Breast Cancer,Breast Invasive Ductal Carcinoma,Moderate,No,LumB,2.0,Positve,Positive,2,Neutral,Negative,Ductal/NST,Yes,Post,8,Left,3.0,10.0,4.06,IDC,5.5,Deceased,Positive,Yes,5.23,Recurred,Female,ER+/HER2- High Prolif,30.0,2.0,Died of Disease
MB-2957,31,Mastectomy,Breast Cancer,Breast Invasive Ductal Carcinoma,High,Yes,claudin-low,2.0,Negative,Negative,3,Neutral,Negative,Ductal/NST,No,Pre,10,Left,2.0,4.0,5.06,IDC,262.1333333,Living,Negative,Yes,258.68,Not Recurred,Female,ER+/HER2- High Prolif,30.0,2.0,Living
MB-2960,69,Mastectomy,Breast Cancer,Breast Invasive Ductal Carcinoma,Moderate,No,LumA,2.0,Positve,Positive,3,Neutral,Negative,Ductal/NST,Yes,Post,6,Left,0.0,6.0,4.05,IDC,222.2,Deceased,Negative,No,219.28,Not Recurred,Female,ER+/HER2- Low Prolif,25.0,1.0,Died of Other Causes
MB-2963,53,Breast Conserving,Breast Cancer,Breast Mixed Ductal and Lobular Carcinoma,Moderate,No,claudin-low,2.0,Positve,Negative,2,Neutral,Negative,Mixed,Yes,Post,6,Left,4.0,5.0,5.02,MDLC,227.8333333,Deceased,Negative,Yes,184.34,Recurred,Female,ER+/HER2- Low Prolif,10.0,3.0,Died of Disease
MB-2964,69,Mastectomy,Breast Cancer,Breast Invasive Ductal Carcinoma,Moderate,No,Her2,2.0,Positve,Positive,3,Gain,Negative,Ductal/NST,Yes,Post,5,Right,7.0,8.0,6.06,IDC,9.6,Deceased,Negative,Yes,9.47,Recurred,Female,ER+/HER2- Low Prolif,30.0,3.0,Died of Disease
MB-2966,50,Mastectomy,Breast Cancer,Breast Invasive Ductal Carcinoma,Moderate,No,LumA,2.0,Positve,Positive,3,Neutral,Negative,Ductal/NST,Yes,Post,8,Left,2.0,6.0,5.036,IDC,265.0,Living,Positive,Yes,261.51,Not Recurred,Female,ER+/HER2- High Prolif,18.0,2.0,Living
MB-2969,66,Mastectomy,Breast Cancer,Breast Invasive Ductal Carcinoma,High,No,LumA,2.0,Positve,Positive,2,Loss,Negative,Ductal/NST,No,Post,3,Right,0.0,8.0,3.026,IDC,172.9,Deceased,Positive,Yes,170.63,Not Recurred,Female,ER+/HER2- Low Prolif,13.0,1.0,Died of Other Causes
MB-2970,46,Mastectomy,Breast Cancer,Breast Mixed Ductal and Lobular Carcinoma,High,No,LumA,2.0,Positve,Positive,2,Neutral,Negative,Mixed,Yes,Pre,3,Left,2.0,9.0,4.05,MDLC,252.8666667,Deceased,Positive,No,221.97,Recurred,Female,ER+/HER2- Low Prolif,25.0,2.0,Died of Disease
MB-2971,69,Breast Conserving,Breast Cancer,Breast Invasive Ductal Carcinoma,Moderate,No,LumA,2.0,Positve,Positive,2,Neutral,Negative,Ductal/NST,Yes,Post,3,Left,2.0,10.0,4.03,IDC,264.2333333,Living,Positive,Yes,189.08,Recurred,Female,ER+/HER2- Low Prolif,15.0,2.0,Living
MB-2977,40,Breast Conserving,Breast Cancer,Breast Invasive Ductal Carcinoma,High,No,LumA,2.0,Positve,Positive,1,Neutral,Negative,Ductal/NST,No,Pre,7,Right,0.0,6.0,2.03,IDC,110.6,Deceased,Positive,No,109.14,Not Recurred,Female,ER+/HER2- Low Prolif,15.0,1.0,Died of Other Causes
MB-2983,56,Breast Conserving,Breast Cancer,Breast Invasive Ductal Carcinoma,Moderate,No,LumB,2.0,Positve,Positive,2,Gain,Positive,Ductal/NST,Yes,Post,5,Left,1.0,4.0,4.03,IDC,180.8333333,Deceased,Positive,Yes,178.45,Not Recurred,Female,ER+/HER2- Low Prolif,15.0,2.0,Died of Other Causes
MB-2984,64,Breast Conserving,Breast Cancer,Breast Invasive Ductal Carcinoma,Moderate,No,LumB,2.0,Positve,Positive,3,Gain,Positive,Ductal/NST,Yes,Post,9,Left,0.0,5.0,4.04,IDC,261.2,Living,Negative,Yes,257.76,Not Recurred,Female,ER+/HER2- Low Prolif,20.0,1.0,Living
MB-2990,48,Mastectomy,Breast Cancer,Breast Mixed Ductal and Lobular Carcinoma,Low,No,LumA,2.0,Positve,Positive,1,Neutral,Negative,Mixed,No,Pre,8,Right,0.0,6.0,2.03,MDLC,260.0,Living,Positive,No,256.58,Not Recurred,Female,ER+/HER2- Low Prolif,15.0,1.0,Living
MB-2993,63,Mastectomy,Breast Cancer,Breast Invasive Ductal Carcinoma,Low,No,claudin-low,2.0,Negative,Negative,3,Neutral,Negative,Ductal/NST,Yes,Post,10,Right,0.0,4.0,4.04,IDC,187.0333333,Living,Negative,Yes,184.57,Not Recurred,Female,ER+/HER2- Low Prolif,20.0,1.0,Living
MB-2994,46,Breast Conserving,Breast Cancer,Breast Invasive Ductal Carcinoma,Moderate,No,LumA,2.0,Positve,Positive,3,Gain,Positive,Ductal/NST,Yes,Pre,5,Left,1.0,3.0,5.036,IDC,254.5,Living,Positive,Yes,251.15,Not Recurred,Female,ER+/HER2- Low Prolif,18.0,2.0,Living
MB-2996,58,Breast Conserving,Breast Cancer,Breast Invasive Ductal Carcinoma,High,No,LumA,2.0,Positve,Positive,3,Neutral,Negative,Ductal/NST,Yes,Post,7,Left,0.0,4.0,4.032,IDC,191.2333333,Living,Positive,Yes,188.72,Not Recurred,Female,ER+/HER2- Low Prolif,16.0,1.0,Living
MB-2999,61,Mastectomy,Breast Cancer,Breast Invasive Ductal Carcinoma,Moderate,No,LumA,2.0,Positve,Positive,3,Neutral,Negative,Ductal/NST,Yes,Post,7,Right,0.0,8.0,4.024,IDC,262.0,Living,Negative,No,258.55,Not Recurred,Female,ER+/HER2- High Prolif,12.0,1.0,Living
MB-3001,50,Mastectomy,Breast Cancer,Breast Invasive Ductal Carcinoma,High,Yes,claudin-low,2.0,Negative,Negative,3,Loss,Negative,Ductal/NST,No,Post,10,Left,1.0,7.0,5.024,IDC,263.2333333,Living,Negative,Yes,259.77,Not Recurred,Female,ER+/HER2- High Prolif,12.0,2.0,Living
MB-3002,62,Mastectomy,Breast Cancer,Breast Invasive Lobular Carcinoma,High,No,LumA,2.0,Positve,Positive,2,Neutral,Negative,Lobular,Yes,Post,3,Right,1.0,5.0,4.06,ILC,140.5666667,Deceased,Negative,No,138.72,Not Recurred,Female,ER+/HER2- High Prolif,30.0,2.0,Died of Other Causes
MB-3005,45,Breast Conserving,Breast Cancer,Breast Invasive Ductal Carcinoma,Moderate,No,LumA,2.0,Positve,Positive,2,Neutral,Negative,Ductal/NST,No,Pre,8,Left,0.0,6.0,3.046,IDC,253.0666667,Living,Positive,Yes,249.74,Not Recurred,Female,ER+/HER2- Low Prolif,23.0,1.0,Living
MB-3006,60,Mastectomy,Breast Cancer,Breast Invasive Ductal Carcinoma,Moderate,No,claudin-low,2.0,Positve,Positive,2,Neutral,Negative,Ductal/NST,Yes,Post,8,Left,6.0,6.0,5.04,IDC,15.7,Deceased,Negative,Yes,9.97,Recurred,Female,ER+/HER2- Low Prolif,20.0,3.0,Died of Disease
MB-3007,48,Mastectomy,Breast Cancer,Breast Invasive Ductal Carcinoma,Moderate,No,LumB,2.0,Positve,Positive,2,Gain,Negative,Ductal/NST,No,Pre,2,Left,0.0,2.0,3.024,IDC,114.9,Deceased,Positive,No,92.63,Recurred,Female,ER+/HER2- High Prolif,12.0,1.0,Died of Disease
MB-3008,51,Breast Conserving,Breast Cancer,Breast Mixed Ductal and Lobular Carcinoma,Moderate,No,LumA,2.0,Positve,Positive,1,Neutral,Negative,Mixed,No,Post,8,Left,0.0,2.0,2.024,MDLC,149.6,Living,Positive,Yes,147.63,Not Recurred,Female,ER+/HER2- Low Prolif,12.0,1.0,Living
MB-3013,50,Breast Conserving,Breast Cancer,Breast Invasive Ductal Carcinoma,Moderate,No,claudin-low,2.0,Positve,Positive,1,Neutral,Negative,Ductal/NST,Yes,Post,8,Left,1.0,3.0,3.046,IDC,238.3666667,Living,Negative,Yes,120.53,Recurred,Female,ER+/HER2- Low Prolif,23.0,2.0,Living
MB-3014,39,Breast Conserving,Breast Cancer,Breast Invasive Ductal Carcinoma,High,Yes,Basal,2.0,Negative,Negative,3,Neutral,Negative,Ductal/NST,No,Pre,1,Left,1.0,5.0,5.03,IDC,262.6333333,Living,Negative,Yes,259.18,Not Recurred,Female,ER+/HER2- Low Prolif,15.0,2.0,Living
MB-3016,56,Mastectomy,Breast Cancer,Breast Invasive Ductal Carcinoma,High,No,LumB,2.0,Positve,Positive,3,Neutral,Negative,Ductal/NST,Yes,Post,2,Right,0.0,12.0,4.02,IDC,258.8666667,Living,Positive,No,255.46,Not Recurred,Female,ER+/HER2- High Prolif,10.0,1.0,Living
MB-3021,63,Breast Conserving,Breast Cancer,Breast Invasive Lobular Carcinoma,Moderate,No,LumA,2.0,Positve,Positive,3,Neutral,Negative,Lobular,Yes,Post,8,Right,1.0,9.0,5.044,ILC,217.5666667,Deceased,Positive,Yes,214.7,Not Recurred,Female,ER+/HER2- High Prolif,22.0,1.0,Died of Other Causes
MB-3025,37,Breast Conserving,Breast Cancer,Breast Invasive Ductal Carcinoma,High,Yes,Her2,2.0,Negative,Negative,3,Gain,Positive,Ductal/NST,No,Pre,5,Left,1.0,2.0,5.026,IDC,256.0,Living,Negative,Yes,252.63,Not Recurred,Female,ER+/HER2- High Prolif,13.0,2.0,Living
MB-3026,49,Breast Conserving,Breast Cancer,Breast Invasive Ductal Carcinoma,High,No,LumA,2.0,Positve,Positive,3,Neutral,Negative,Ductal/NST,Yes,Pre,6,Right,0.0,3.0,4.044,IDC,261.2,Living,Negative,Yes,257.76,Not Recurred,Female,ER+/HER2- High Prolif,22.0,2.0,Living
MB-3031,46,Mastectomy,Breast Cancer,Breast Invasive Ductal Carcinoma,High,Yes,Her2,2.0,Negative,Positive,3,Gain,Positive,Medullary,No,Pre,5,Right,2.0,4.0,5.042,IDC,35.63333333,Deceased,Negative,Yes,34.28,Recurred,Female,ER+/HER2- High Prolif,21.0,2.0,Died of Disease
MB-3032,50,Breast Conserving,Breast Cancer,Breast Invasive Ductal Carcinoma,High,No,LumA,2.0,Positve,Positive,1,Neutral,Negative,Ductal/NST,No,Post,3,Right,0.0,9.0,2.03,IDC,250.1333333,Living,Positive,Yes,246.84,Not Recurred,Female,ER+/HER2- Low Prolif,15.0,1.0,Living
MB-3033,69,Mastectomy,Breast Cancer,Breast Invasive Ductal Carcinoma,High,No,LumA,2.0,Positve,Positive,2,Neutral,Negative,Ductal/NST,Yes,Post,3,Right,0.0,1.0,3.038,IDC,70.4,Deceased,Positive,No,65.3,Recurred,Female,ER+/HER2- Low Prolif,19.0,1.0,Died of Disease
MB-3035,54,Breast Conserving,Breast Cancer,Breast Invasive Ductal Carcinoma,High,No,LumA,2.0,Positve,Positive,2,Loss,Negative,Ductal/NST,Yes,Post,7,Right,0.0,8.0,3.044,IDC,260.7333333,Living,Negative,Yes,257.3,Not Recurred,Female,ER+/HER2- Low Prolif,22.0,1.0,Living
MB-3037,53,Breast Conserving,Breast Cancer,Breast Mixed Ductal and Lobular Carcinoma,High,No,LumA,2.0,Positve,Positive,2,Neutral,Negative,Mixed,No,Post,3,Left,0.0,5.0,3.026,MDLC,98.83333333,Living,Positive,Yes,97.53,Not Recurred,Female,ER+/HER2- Low Prolif,13.0,1.0,Living
MB-3046,67,Mastectomy,Breast Cancer,Breast Invasive Ductal Carcinoma,Moderate,No,Basal,2.0,Negative,Negative,3,Neutral,Negative,Ductal/NST,Yes,Post,10,Left,0.0,5.0,4.07,IDC,73.83333333,Deceased,Negative,No,72.86,Not Recurred,Female,ER+/HER2- Low Prolif,35.0,1.0,Died of Other Causes
MB-3049,57,Breast Conserving,Breast Cancer,Breast Invasive Lobular Carcinoma,Moderate,No,LumA,2.0,Positve,Positive,2,Neutral,Negative,Lobular,No,Post,7,Right,0.0,4.0,3.032,ILC,259.9666667,Living,Positive,Yes,256.55,Not Recurred,Female,ER+/HER2- Low Prolif,16.0,1.0,Living
MB-3050,59,Mastectomy,Breast Cancer,Breast Invasive Ductal Carcinoma,Moderate,No,LumB,2.0,Positve,Positive,3,Neutral,Negative,Ductal/NST,Yes,Post,2,Right,0.0,6.0,4.06,IDC,255.1,Deceased,Negative,No,251.74,Not Recurred,Female,ER+/HER2- High Prolif,30.0,1.0,Died of Other Causes
MB-3057,55,Mastectomy,Breast Cancer,Breast Invasive Ductal Carcinoma,High,Yes,Basal,2.0,Negative,Negative,3,Neutral,Negative,Ductal/NST,No,Post,10,Right,1.0,5.0,5.086,IDC,32.03333333,Deceased,Negative,Yes,27.11,Recurred,Female,ER+/HER2- High Prolif,43.0,2.0,Died of Disease
MB-3058,47,Mastectomy,Breast Cancer,Breast Invasive Ductal Carcinoma,Moderate,Yes,Basal,2.0,Negative,Negative,3,Neutral,Negative,Ductal/NST,No,Pre,10,Right,2.0,8.0,5.08,IDC,254.2666667,Living,Negative,Yes,250.92,Not Recurred,Female,ER+/HER2- High Prolif,40.0,2.0,Living
MB-3060,65,Mastectomy,Breast Cancer,Breast Invasive Ductal Carcinoma,Moderate,No,LumB,2.0,Positve,Positive,3,Neutral,Negative,Ductal/NST,Yes,Post,6,Right,1.0,5.0,5.072,IDC,44.6,Deceased,Negative,Yes,21.84,Recurred,Female,ER+/HER2- High Prolif,36.0,2.0,Died of Disease
MB-3063,43,Breast Conserving,Breast Cancer,Breast Invasive Ductal Carcinoma,High,Yes,Basal,2.0,Negative,Negative,3,Neutral,Negative,Ductal/NST,No,Pre,10,Right,6.0,13.0,6.04,IDC,28.56666667,Deceased,Negative,Yes,20.95,Recurred,Female,ER+/HER2- High Prolif,20.0,3.0,Died of Disease
MB-3064,46,Mastectomy,Breast Cancer,Breast Mixed Ductal and Lobular Carcinoma,High,No,LumA,2.0,Positve,Positive,1,Neutral,Negative,Mixed,No,Pre,10,Left,0.0,7.0,2.04,MDLC,165.1666667,Deceased,Positive,No,35.07,Recurred,Female,ER+/HER2- Low Prolif,20.0,1.0,Died of Disease
MB-3067,60,Mastectomy,Breast Cancer,Breast Invasive Ductal Carcinoma,High,Yes,claudin-low,2.0,Negative,Negative,3,Neutral,Negative,Medullary,No,Post,9,Right,2.0,5.0,5.036,IDC,259.5333333,Living,Negative,Yes,256.12,Not Recurred,Female,ER+/HER2- Low Prolif,18.0,2.0,Living
MB-3079,50,Mastectomy,Breast Cancer,Breast Mixed Ductal and Lobular Carcinoma,High,No,LumA,2.0,Positve,Positive,2,Neutral,Negative,Mixed,No,Post,8,Right,0.0,11.0,3.03,MDLC,149.6,Living,Positive,Yes,147.63,Not Recurred,Female,ER+/HER2- Low Prolif,15.0,1.0,Living
MB-3083,68,Mastectomy,Breast Cancer,Breast Invasive Ductal Carcinoma,High,No,LumB,2.0,Positve,Positive,3,Neutral,Negative,Ductal/NST,Yes,Post,1,Right,2.0,2.0,5.06,IDC,81.1,Deceased,Positive,Yes,44.84,Recurred,Female,ER+/HER2- High Prolif,30.0,2.0,Died of Disease
MB-3085,43,Mastectomy,Breast Cancer,Breast Invasive Lobular Carcinoma,Moderate,No,Normal,2.0,Positve,Positive,2,Neutral,Negative,Lobular,No,Pre,1,Right,0.0,4.0,3.05,ILC,210.9666667,Deceased,Positive,Yes,139.84,Recurred,Female,ER+/HER2- Low Prolif,25.0,1.0,Died of Disease
MB-3088,65,Breast Conserving,Breast Cancer,Breast Invasive Ductal Carcinoma,High,No,LumA,2.0,Positve,Positive,2,Neutral,Negative,Ductal/NST,No,Post,7,Left,0.0,3.0,3.038,IDC,256.5,Living,Positive,No,253.13,Not Recurred,Female,ER+/HER2- Low Prolif,19.0,1.0,Living
MB-3092,56,Mastectomy,Breast Cancer,Breast Mixed Ductal and Lobular Carcinoma,High,No,LumB,2.0,Positve,Positive,3,Neutral,Negative,Mixed,Yes,Post,8,Left,2.0,1.0,5.076,MDLC,152.3333333,Deceased,Positive,Yes,150.33,Not Recurred,Female,ER+/HER2- High Prolif,38.0,2.0,Died of Other Causes
MB-3102,60,Breast Conserving,Breast Cancer,Breast Invasive Ductal Carcinoma,High,No,LumA,2.0,Positve,Positive,2,Neutral,Negative,Ductal/NST,Yes,Post,9,Right,2.0,5.0,4.04,IDC,258.3333333,Living,Positive,Yes,254.93,Not Recurred,Female,ER+/HER2- High Prolif,20.0,2.0,Living
MB-3103,58,Breast Conserving,Breast Cancer,Breast Invasive Ductal Carcinoma,High,No,LumB,2.0,Positve,Positive,3,Gain,Positive,Ductal/NST,Yes,Post,5,Left,0.0,5.0,4.03,IDC,28.73333333,Deceased,Negative,Yes,25.56,Recurred,Female,ER+/HER2- High Prolif,15.0,1.0,Died of Disease
MB-3104,28,Mastectomy,Breast Cancer,Breast Invasive Ductal Carcinoma,Moderate,No,LumA,2.0,Positve,Positive,2,Gain,Positive,Ductal/NST,No,Pre,5,Right,0.0,9.0,3.04,IDC,75.36666667,Deceased,Negative,Yes,45.03,Recurred,Female,ER+/HER2- High Prolif,20.0,1.0,Died of Disease
MB-3105,48,Mastectomy,Breast Cancer,Breast Invasive Ductal Carcinoma,High,No,LumA,2.0,Positve,Positive,1,Neutral,Negative,Tubular/ cribriform,Yes,Pre,3,Left,2.0,5.0,3.054,IDC,252.3333333,Living,Positive,No,249.01,Not Recurred,Female,ER+/HER2- Low Prolif,27.0,2.0,Living
MB-3110,61,Breast Conserving,Breast Cancer,Breast Invasive Lobular Carcinoma,High,No,LumA,2.0,Positve,Positive,2,Neutral,Negative,Lobular,Yes,Post,3,Right,2.0,7.0,4.032,ILC,100.7333333,Living,Negative,Yes,8.98,Recurred,Female,ER+/HER2- Low Prolif,16.0,2.0,Living
MB-3121,63,Breast Conserving,Breast Cancer,Breast Invasive Ductal Carcinoma,High,No,LumA,2.0,Positve,Positive,1,Neutral,Negative,Ductal/NST,No,Post,3,Left,0.0,3.0,2.024,IDC,131.3333333,Deceased,Positive,No,28.95,Recurred,Female,ER+/HER2- Low Prolif,12.0,1.0,Died of Other Causes
MB-3122,62,Mastectomy,Breast Cancer,Breast Invasive Ductal Carcinoma,High,No,Her2,2.0,Positve,Positive,3,Gain,Negative,Ductal/NST,Yes,Post,9,Right,0.0,6.0,4.034,IDC,257.7666667,Living,Negative,No,254.38,Not Recurred,Female,ER+/HER2- Low Prolif,17.0,1.0,Living
MB-3123,50,Mastectomy,Breast Cancer,Breast Invasive Ductal Carcinoma,Moderate,Yes,Basal,2.0,Negative,Negative,3,Gain,Negative,Ductal/NST,No,Post,9,Right,4.0,5.0,6.044,IDC,167.4333333,Living,Negative,Yes,165.23,Not Recurred,Female,ER+/HER2- Low Prolif,22.0,3.0,Living
MB-3153,42,Mastectomy,Breast Cancer,Breast Invasive Ductal Carcinoma,High,Yes,Basal,2.0,Negative,Negative,3,Neutral,Negative,Ductal/NST,No,Pre,10,Right,1.0,4.0,5.032,IDC,227.9333333,Living,Negative,Yes,224.93,Not Recurred,Female,ER+/HER2- Low Prolif,16.0,2.0,Living
MB-3165,59,Breast Conserving,Breast Cancer,Breast Invasive Ductal Carcinoma,Moderate,Yes,Basal,2.0,Negative,Positive,3,Loss,Negative,Ductal/NST,No,Post,1,Left,1.0,4.0,5.056,IDC,221.2333333,Living,Negative,Yes,218.32,Not Recurred,Female,ER+/HER2- Low Prolif,28.0,2.0,Living
MB-3167,66,Mastectomy,Breast Cancer,Breast Invasive Ductal Carcinoma,Moderate,No,LumA,2.0,Positve,Positive,2,Gain,Negative,Ductal/NST,Yes,Post,8,Left,1.0,1.0,4.032,IDC,136.9333333,Living,Positive,Yes,135.13,Not Recurred,Female,ER+/HER2- High Prolif,16.0,1.0,Living
MB-3171,54,Mastectomy,Breast Cancer,Breast Invasive Ductal Carcinoma,Moderate,No,LumA,2.0,Positve,Positive,2,Neutral,Negative,Ductal/NST,No,Post,7,Left,0.0,9.0,3.026,IDC,219.6666667,Deceased,Positive,No,166.02,Recurred,Female,ER+/HER2- Low Prolif,13.0,1.0,Died of Disease
MB-3181,43,Mastectomy,Breast Cancer,Breast Invasive Ductal Carcinoma,High,No,LumB,2.0,Positve,Positive,3,Neutral,Negative,Ductal/NST,Yes,Pre,2,Left,0.0,12.0,4.028,IDC,178.1666667,Deceased,Positive,Yes,48.29,Recurred,Female,ER+/HER2- Low Prolif,14.0,1.0,Died of Disease
MB-3211,58,Breast Conserving,Breast Cancer,Breast Invasive Ductal Carcinoma,High,No,Basal,2.0,Negative,Negative,3,Neutral,Negative,Ductal/NST,Yes,Post,10,Right,0.0,9.0,4.026,IDC,145.5,Living,Negative,Yes,143.59,Not Recurred,Female,ER+/HER2- Low Prolif,13.0,1.0,Living
MB-3218,44,Mastectomy,Breast Cancer,Breast Invasive Ductal Carcinoma,High,Yes,Basal,2.0,Negative,Negative,3,Neutral,Negative,Ductal/NST,No,Pre,10,Left,1.0,3.0,5.034,IDC,248.7666667,Living,Negative,Yes,245.49,Not Recurred,Female,ER+/HER2- Low Prolif,17.0,2.0,Living
MB-3222,63,Mastectomy,Breast Cancer,Breast Mixed Ductal and Lobular Carcinoma,Moderate,No,LumA,2.0,Negative,Positive,1,Neutral,Negative,Mixed,No,Post,7,Right,0.0,3.0,2.034,MDLC,23.93333333,Deceased,Positive,No,23.62,Not Recurred,Female,ER+/HER2- Low Prolif,17.0,1.0,Died of Other Causes
MB-3228,58,Breast Conserving,Breast Cancer,Breast Mixed Ductal and Lobular Carcinoma,High,No,LumA,2.0,Positve,Positive,2,Neutral,Negative,Mixed,No,Post,7,Left,0.0,7.0,3.034,MDLC,252.0,Living,Positive,Yes,248.68,Not Recurred,Female,ER+/HER2- Low Prolif,17.0,1.0,Living
MB-3235,50,Breast Conserving,Breast Cancer,Breast Invasive Ductal Carcinoma,Moderate,No,LumB,2.0,Positve,Positive,3,Gain,Positive,Ductal/NST,Yes,Post,5,Right,0.0,2.0,4.034,IDC,236.1333333,Living,Positive,Yes,149.21,Recurred,Female,ER+/HER2- High Prolif,17.0,1.0,Living
MB-3252,41,Breast Conserving,Breast Cancer,Breast Invasive Mixed Mucinous Carcinoma,High,No,LumA,2.0,Positve,Positive,1,Neutral,Negative,Mucinous,No,Pre,3,Left,0.0,2.0,2.04,IMMC,99.7,Living,Positive,No,98.39,Not Recurred,Female,ER+/HER2- Low Prolif,20.0,1.0,Living
MB-3253,56,Breast Conserving,Breast Cancer,Breast Invasive Ductal Carcinoma,Moderate,No,LumB,2.0,Positve,Positive,3,Neutral,Negative,Ductal/NST,Yes,Post,9,Left,3.0,16.0,5.052,IDC,55.83333333,Deceased,Positive,Yes,35.2,Recurred,Female,ER+/HER2- High Prolif,26.0,2.0,Died of Disease
MB-3254,50,Breast Conserving,Breast Cancer,Breast Invasive Ductal Carcinoma,High,No,LumA,2.0,Positve,Positive,1,Neutral,Negative,Ductal/NST,No,Post,3,Left,0.0,9.0,2.036,IDC,123.9,Living,Positive,Yes,122.27,Not Recurred,Female,ER+/HER2- Low Prolif,18.0,1.0,Living
MB-3266,52,Mastectomy,Breast Cancer,Breast Mixed Ductal and Lobular Carcinoma,Low,No,LumB,2.0,Positve,Positive,3,Gain,Negative,Mixed,Yes,Post,1,Right,1.0,2.0,5.034,MDLC,51.2,Deceased,Positive,Yes,32.11,Recurred,Female,ER+/HER2- High Prolif,17.0,2.0,Died of Disease
MB-3271,59,Breast Conserving,Breast Cancer,Breast Invasive Ductal Carcinoma,High,No,claudin-low,2.0,Negative,Negative,3,Neutral,Negative,Ductal/NST,Yes,Post,10,Left,0.0,6.0,4.04,IDC,65.46666667,Deceased,Negative,Yes,30.95,Recurred,Female,ER+/HER2- High Prolif,20.0,1.0,Died of Other Causes
MB-3272,63,Breast Conserving,Breast Cancer,Breast Invasive Ductal Carcinoma,High,No,LumB,2.0,Positve,Positive,3,Gain,Positive,Ductal/NST,Yes,Post,5,Right,6.0,2.0,6.04,IDC,22.66666667,Deceased,Positive,Yes,14.7,Recurred,Female,ER+/HER2- High Prolif,20.0,3.0,Died of Disease
MB-3275,45,Mastectomy,Breast Cancer,Breast Invasive Ductal Carcinoma,Moderate,No,LumB,2.0,Positve,Positive,3,Neutral,Negative,Ductal/NST,Yes,Pre,1,Left,0.0,6.0,4.056,IDC,41.53333333,Deceased,Positive,No,16.78,Recurred,Female,ER+/HER2- High Prolif,28.0,1.0,Died of Disease
MB-3277,29,Mastectomy,Breast Cancer,Breast Invasive Ductal Carcinoma,High,Yes,Basal,2.0,Negative,Negative,3,Neutral,Negative,Ductal/NST,No,Pre,1,Left,3.0,6.0,5.06,IDC,32.93333333,Deceased,Negative,Yes,22.11,Recurred,Female,ER+/HER2- High Prolif,30.0,2.0,Died of Disease
MB-3292,60,Breast Conserving,Breast Cancer,Breast Invasive Ductal Carcinoma,Moderate,No,claudin-low,2.0,Negative,Negative,3,Neutral,Negative,Ductal/NST,Yes,Post,10,Left,0.0,5.0,4.036,IDC,217.7666667,Living,Negative,No,214.9,Not Recurred,Female,ER+/HER2- High Prolif,18.0,1.0,Living
MB-3295,60,Mastectomy,Breast Cancer,Breast Invasive Ductal Carcinoma,Low,No,Normal,2.0,Positve,Positive,3,Neutral,Negative,Ductal/NST,Yes,Post,10,Left,0.0,5.0,4.05,IDC,158.5333333,Deceased,Positive,No,156.45,Not Recurred,Female,ER+/HER2- Low Prolif,25.0,1.0,Died of Other Causes
MB-3297,42,Mastectomy,Breast Cancer,Breast Invasive Ductal Carcinoma,Low,Yes,Basal,2.0,Negative,Negative,3,Neutral,Negative,Ductal/NST,No,Pre,10,Left,1.0,14.0,5.05,IDC,236.0666667,Living,Negative,Yes,232.96,Not Recurred,Female,ER+/HER2- Low Prolif,25.0,2.0,Living
MB-3298,48,Mastectomy,Breast Cancer,Breast Invasive Ductal Carcinoma,High,No,LumA,2.0,Positve,Positive,2,Neutral,Negative,Ductal/NST,No,Pre,3,Right,0.0,6.0,3.03,IDC,242.5666667,Living,Positive,No,239.38,Not Recurred,Female,ER+/HER2- Low Prolif,15.0,1.0,Living
MB-3300,64,Mastectomy,Breast Cancer,Breast Invasive Ductal Carcinoma,Moderate,No,LumB,2.0,Positve,Positive,2,Neutral,Negative,Ductal/NST,No,Post,7,Left,0.0,3.0,3.038,IDC,247.0,Living,Negative,No,243.75,Not Recurred,Female,ER+/HER2- Low Prolif,19.0,1.0,Living
MB-3301,49,Mastectomy,Breast Cancer,Breast Invasive Ductal Carcinoma,Moderate,No,LumB,2.0,Positve,Positive,2,Neutral,Negative,Ductal/NST,Yes,Pre,8,Left,0.0,6.0,3.064,IDC,248.7666667,Living,Positive,No,245.49,Not Recurred,Female,ER+/HER2- Low Prolif,32.0,1.0,Living
MB-3303,63,Mastectomy,Breast Cancer,Breast Invasive Ductal Carcinoma,High,No,LumB,2.0,Positve,Positive,3,Neutral,Negative,Other,Yes,Post,8,Right,1.0,4.0,5.04,BREAST,243.9,Living,Positive,Yes,240.69,Not Recurred,Female,ER+/HER2- Low Prolif,20.0,2.0,Living
MB-3328,69,Breast Conserving,Breast Cancer,Breast Invasive Ductal Carcinoma,High,No,LumA,2.0,Positve,Positive,2,Neutral,Negative,Ductal/NST,Yes,Post,7,Right,1.0,5.0,4.07,IDC,191.1333333,Deceased,Negative,Yes,188.62,Not Recurred,Female,ER+/HER2- Low Prolif,35.0,2.0,Died of Other Causes
MB-3329,56,Mastectomy,Breast Cancer,Breast Invasive Ductal Carcinoma,Moderate,No,Her2,2.0,Negative,Negative,3,Gain,Positive,Ductal/NST,No,Post,5,Right,0.0,5.0,4.04,IDC,37.96666667,Deceased,Negative,Yes,24.01,Recurred,Female,ER+/HER2- Low Prolif,20.0,1.0,Died of Disease
MB-3341,62,Mastectomy,Breast Cancer,Breast Invasive Ductal Carcinoma,High,No,LumA,2.0,Positve,Positive,2,Neutral,Negative,Ductal/NST,Yes,Post,8,Left,0.0,4.0,3.06,IDC,148.7666667,Deceased,Positive,No,95.82,Recurred,Female,ER+/HER2- High Prolif,30.0,1.0,Died of Disease
MB-3344,33,Breast Conserving,Breast Cancer,Breast Invasive Ductal Carcinoma,Moderate,No,LumA,2.0,Positve,Positive,2,Loss,Negative,Ductal/NST,No,Pre,3,Right,0.0,8.0,3.046,IDC,241.2666667,Living,Positive,Yes,226.25,Recurred,Female,ER+/HER2- High Prolif,23.0,1.0,Living
MB-3350,62,Mastectomy,Breast Cancer,Breast Mixed Ductal and Lobular Carcinoma,Moderate,No,LumB,2.0,Positve,Positive,2,Neutral,Negative,Mixed,Yes,Post,3,Left,0.0,6.0,3.06,MDLC,227.8,Deceased,Positive,No,178.36,Recurred,Female,ER+/HER2- High Prolif,30.0,1.0,Died of Other Causes
MB-3351,39,Mastectomy,Breast Cancer,Breast Invasive Ductal Carcinoma,High,No,LumA,2.0,Positve,Positive,2,Neutral,Negative,Ductal/NST,No,Pre,3,Right,0.0,5.0,3.034,IDC,241.8666667,Living,Positive,No,238.68,Not Recurred,Female,ER+/HER2- Low Prolif,17.0,1.0,Living
MB-3355,48,Mastectomy,Breast Cancer,Breast Invasive Ductal Carcinoma,High,Yes,Her2,2.0,Negative,Negative,3,Gain,Positive,Ductal/NST,No,Pre,5,Right,4.0,5.0,6.054,IDC,109.0,Living,Negative,Yes,107.57,Not Recurred,Female,ER+/HER2- Low Prolif,27.0,3.0,Living
MB-3357,47,Breast Conserving,Breast Cancer,Breast Mixed Ductal and Lobular Carcinoma,High,No,LumB,2.0,Positve,Positive,3,Gain,Negative,Mixed,Yes,Pre,9,Left,0.0,8.0,4.05,MDLC,38.03333333,Deceased,Positive,Yes,36.97,Recurred,Female,ER+/HER2- High Prolif,25.0,1.0,Died of Disease
MB-3360,48,Breast Conserving,Breast Cancer,Breast Invasive Ductal Carcinoma,High,No,LumB,2.0,Positve,Positive,3,Gain,Positive,Ductal/NST,Yes,Pre,5,Right,0.0,8.0,4.056,IDC,26.76666667,Deceased,Positive,Yes,25.07,Recurred,Female,ER+/HER2- High Prolif,28.0,1.0,Died of Disease
MB-3361,57,Breast Conserving,Breast Cancer,Breast Invasive Ductal Carcinoma,High,No,LumB,2.0,Positve,Positive,3,Gain,Positive,Ductal/NST,Yes,Post,5,Right,0.0,8.0,4.032,IDC,68.2,Deceased,Negative,Yes,45.33,Recurred,Female,ER+/HER2- High Prolif,16.0,1.0,Died of Disease
MB-3363,56,Breast Conserving,Breast Cancer,Breast Invasive Ductal Carcinoma,High,No,Basal,2.0,Positve,Positive,3,Neutral,Negative,Ductal/NST,No,Post,10,Right,0.0,23.0,4.04,IDC,10.86666667,Deceased,Negative,Yes,5.03,Recurred,Female,ER+/HER2- High Prolif,20.0,1.0,Died of Disease
MB-3365,51,Breast Conserving,Breast Cancer,Breast Invasive Ductal Carcinoma,High,No,LumA,2.0,Positve,Positive,2,Neutral,Negative,Ductal/NST,Yes,Post,7,Right,1.0,3.0,4.054,IDC,241.6,Living,Positive,Yes,238.42,Not Recurred,Female,ER+/HER2- Low Prolif,27.0,2.0,Living
MB-3367,65,Mastectomy,Breast Cancer,Breast Invasive Ductal Carcinoma,High,No,claudin-low,2.0,Negative,Positive,3,Neutral,Negative,Ductal/NST,Yes,Post,10,Left,0.0,9.0,4.046,IDC,179.4333333,Living,Negative,No,177.07,Not Recurred,Female,ER+/HER2- Low Prolif,23.0,1.0,Living
MB-3371,66,Breast Conserving,Breast Cancer,Breast Invasive Ductal Carcinoma,High,No,LumB,2.0,Positve,Positive,2,Gain,Negative,Ductal/NST,No,Post,8,Left,0.0,3.0,3.032,IDC,241.2666667,Living,Negative,Yes,238.09,Not Recurred,Female,ER+/HER2- High Prolif,16.0,1.0,Living
MB-3378,65,Mastectomy,Breast Cancer,Breast Invasive Lobular Carcinoma,High,No,LumA,2.0,Positve,Positive,2,Neutral,Negative,Lobular,No,Post,8,Right,0.0,4.0,3.036,ILC,87.53333333,Deceased,Positive,No,86.38,Not Recurred,Female,ER+/HER2- Low Prolif,18.0,1.0,Died of Other Causes
MB-3379,60,Mastectomy,Breast Cancer,Breast Invasive Lobular Carcinoma,Moderate,No,LumA,2.0,Positve,Positive,3,Gain,Positive,Lobular,Yes,Post,5,Right,0.0,5.0,4.04,ILC,113.8333333,Deceased,Positive,Yes,112.34,Not Recurred,Female,ER+/HER2- Low Prolif,20.0,1.0,Died of Other Causes
MB-3381,53,Mastectomy,Breast Cancer,Breast Invasive Ductal Carcinoma,Low,No,LumA,2.0,Positve,Positive,3,Gain,Negative,Ductal/NST,Yes,Post,7,Right,3.0,3.0,5.04,IDC,236.6333333,Living,Positive,Yes,233.52,Not Recurred,Female,ER+/HER2- Low Prolif,20.0,2.0,Living
MB-3382,61,Mastectomy,Breast Cancer,Breast Invasive Ductal Carcinoma,High,No,LumB,2.0,Positve,Positive,3,Gain,Positive,Ductal/NST,Yes,Post,5,Right,0.0,1.0,4.08,IDC,136.2333333,Living,Negative,No,134.44,Not Recurred,Female,ER+/HER2- Low Prolif,40.0,1.0,Living
MB-3383,38,Mastectomy,Breast Cancer,Breast Invasive Ductal Carcinoma,Moderate,Yes,claudin-low,2.0,Negative,Negative,3,Neutral,Negative,Ductal/NST,No,Pre,10,Left,8.0,8.0,6.056,IDC,23.2,Deceased,Negative,Yes,18.72,Recurred,Female,ER+/HER2- Low Prolif,28.0,3.0,Died of Disease
MB-3386,40,Mastectomy,Breast Cancer,Breast Invasive Ductal Carcinoma,High,Yes,Her2,2.0,Negative,Negative,3,Gain,Positive,Ductal/NST,No,Pre,1,Left,3.0,6.0,5.07,IDC,55.63333333,Deceased,Negative,Yes,47.04,Recurred,Female,ER+/HER2- Low Prolif,35.0,2.0,Died of Disease
MB-3388,59,Mastectomy,Breast Cancer,Breast Invasive Ductal Carcinoma,High,No,LumB,2.0,Positve,Positive,3,Gain,Negative,Ductal/NST,Yes,Post,8,Left,1.0,5.0,5.04,IDC,228.6,Deceased,Positive,Yes,225.59,Not Recurred,Female,ER+/HER2- High Prolif,20.0,2.0,Died of Other Causes
MB-3389,63,Breast Conserving,Breast Cancer,Breast Invasive Lobular Carcinoma,High,No,LumB,2.0,Positve,Positive,3,Gain,Negative,Lobular,Yes,Post,6,Left,0.0,2.0,4.04,ILC,240.7,Living,Negative,Yes,237.53,Not Recurred,Female,ER+/HER2- High Prolif,20.0,1.0,Living
MB-3395,52,Mastectomy,Breast Cancer,Breast Invasive Ductal Carcinoma,High,No,claudin-low,2.0,Negative,Negative,3,Neutral,Negative,Ductal/NST,Yes,Post,10,Left,0.0,6.0,4.03,IDC,243.7666667,Living,Negative,No,240.56,Not Recurred,Female,ER+/HER2- High Prolif,15.0,1.0,Living
MB-3396,59,Mastectomy,Breast Cancer,Breast Invasive Ductal Carcinoma,High,Yes,Basal,2.0,Negative,Negative,3,Neutral,Negative,Ductal/NST,No,Post,3,Right,3.0,12.0,5.05,IDC,226.7333333,Living,Negative,Yes,223.75,Not Recurred,Female,ER+/HER2- High Prolif,25.0,2.0,Living
MB-3402,41,Mastectomy,Breast Cancer,Breast Invasive Ductal Carcinoma,High,Yes,LumB,2.0,Negative,Positive,3,Gain,Negative,Ductal/NST,No,Pre,1,Right,3.0,4.0,5.056,IDC,50.03333333,Deceased,Positive,Yes,38.06,Recurred,Female,ER+/HER2- High Prolif,28.0,2.0,Died of Disease
MB-3403,50,Breast Conserving,Breast Cancer,Breast Invasive Ductal Carcinoma,Moderate,No,LumA,2.0,Positve,Positive,2,Neutral,Negative,Ductal/NST,Yes,Post,3,Right,1.0,4.0,4.034,IDC,138.3333333,Living,Positive,Yes,136.51,Not Recurred,Female,ER+/HER2- Low Prolif,17.0,2.0,Living
MB-3412,55,Breast Conserving,Breast Cancer,Breast Invasive Ductal Carcinoma,High,No,LumA,2.0,Positve,Positive,3,Neutral,Negative,Ductal/NST,Yes,Post,8,Left,7.0,6.0,6.052,IDC,228.8,Living,Negative,Yes,225.79,Not Recurred,Female,ER+/HER2- Low Prolif,26.0,3.0,Living
MB-3417,59,Breast Conserving,Breast Cancer,Breast Mixed Ductal and Lobular Carcinoma,Moderate,No,LumB,2.0,Positve,Positive,2,Neutral,Negative,Mixed,Yes,Post,7,Left,0.0,7.0,3.04,MDLC,103.4666667,Living,Positive,Yes,102.11,Not Recurred,Female,ER+/HER2- High Prolif,20.0,1.0,Living
MB-3429,49,Mastectomy,Breast Cancer,Breast Invasive Lobular Carcinoma,Moderate,No,Normal,2.0,Positve,Positive,2,Neutral,Negative,Lobular,Yes,Pre,7,Right,1.0,3.0,4.052,ILC,243.5,Living,Negative,No,240.3,Not Recurred,Female,ER+/HER2- Low Prolif,26.0,2.0,Living
MB-3430,68,Breast Conserving,Breast Cancer,Breast Invasive Ductal Carcinoma,High,No,LumA,2.0,Positve,Positive,3,Neutral,Negative,Ductal/NST,Yes,Post,3,Left,1.0,7.0,5.05,IDC,219.7666667,Deceased,Positive,Yes,216.88,Not Recurred,Female,ER+/HER2- High Prolif,25.0,2.0,Died of Other Causes
MB-3435,37,Mastectomy,Breast Cancer,Breast Invasive Ductal Carcinoma,High,Yes,Her2,2.0,Negative,Negative,3,Gain,Positive,Ductal/NST,No,Pre,5,Left,1.0,9.0,5.06,IDC,25.43333333,Deceased,Negative,Yes,12.73,Recurred,Female,ER+/HER2- High Prolif,30.0,2.0,Died of Disease
MB-3436,38,Mastectomy,Breast Cancer,Breast Invasive Ductal Carcinoma,High,Yes,LumB,2.0,Negative,Positive,3,Loss,Negative,Ductal/NST,No,Pre,1,Left,6.0,4.0,6.26,IDC,50.76666667,Deceased,Positive,Yes,28.29,Recurred,Female,ER+/HER2- High Prolif,130.0,3.0,Died of Disease
MB-3437,70,Mastectomy,Breast Cancer,Breast Invasive Ductal Carcinoma,Moderate,No,LumB,2.0,Positve,Positive,3,Neutral,Negative,Ductal/NST,Yes,Post,1,Left,0.0,2.0,4.042,IDC,108.7666667,Living,Positive,Yes,107.34,Not Recurred,Female,ER+/HER2- High Prolif,21.0,1.0,Living
MB-3439,43,Mastectomy,Breast Cancer,Breast Mixed Ductal and Lobular Carcinoma,Moderate,No,LumA,2.0,Positve,Positive,2,Neutral,Negative,Mixed,Yes,Pre,8,Right,1.0,16.0,4.034,MDLC,188.7333333,Living,Positive,No,57.96,Recurred,Female,ER+/HER2- Low Prolif,17.0,2.0,Living
MB-3450,51,Breast Conserving,Breast Cancer,Breast Invasive Ductal Carcinoma,High,No,LumA,2.0,Positve,Positive,2,Loss,Negative,Ductal/NST,No,Post,8,Right,0.0,3.0,3.034,IDC,240.4666667,Living,Positive,Yes,146.91,Recurred,Female,ER+/HER2- Low Prolif,17.0,1.0,Living
MB-3452,64,Mastectomy,Breast Cancer,Breast Invasive Ductal Carcinoma,High,No,Normal,2.0,Positve,Positive,3,Neutral,Negative,Ductal/NST,Yes,Post,2,Left,0.0,7.0,4.06,IDC,119.8666667,Deceased,Negative,No,117.73,Recurred,Female,ER+/HER2- Low Prolif,30.0,1.0,Died of Disease
MB-3453,51,Mastectomy,Breast Cancer,Breast Invasive Ductal Carcinoma,High,Yes,Basal,2.0,Negative,Negative,3,Neutral,Negative,Ductal/NST,No,Post,10,Right,1.0,14.0,5.07,IDC,32.83333333,Deceased,Negative,Yes,19.54,Recurred,Female,ER+/HER2- Low Prolif,35.0,2.0,Died of Disease
MB-3459,57,Mastectomy,Breast Cancer,Breast Invasive Ductal Carcinoma,High,No,claudin-low,2.0,Positve,Positive,2,Gain,Negative,Ductal/NST,No,Post,7,Right,0.0,5.0,3.04,IDC,241.4,Living,Positive,No,238.22,Not Recurred,Female,ER+/HER2- High Prolif,20.0,1.0,Living
MB-3462,40,Mastectomy,Breast Cancer,Breast Invasive Ductal Carcinoma,Moderate,No,LumA,2.0,Positve,Positive,2,Neutral,Negative,Ductal/NST,Yes,Pre,3,Left,2.0,7.0,4.032,IDC,234.2333333,Living,Positive,Yes,172.3,Recurred,Female,ER+/HER2- Low Prolif,16.0,2.0,Living
MB-3466,55,Breast Conserving,Breast Cancer,Breast Invasive Ductal Carcinoma,High,No,Her2,2.0,Positve,Positive,3,Neutral,Negative,Ductal/NST,Yes,Post,2,Right,0.0,8.0,4.03,IDC,234.1333333,Deceased,Positive,Yes,231.05,Not Recurred,Female,ER+/HER2- High Prolif,15.0,1.0,Died of Other Causes
MB-3467,21,Mastectomy,Breast Cancer,Breast Mixed Ductal and Lobular Carcinoma,High,Yes,Her2,2.0,Negative,Negative,2,Gain,Positive,Mixed,No,Pre,5,Right,6.0,5.0,5.07,MDLC,38.8,Deceased,Negative,Yes,33.06,Recurred,Female,ER+/HER2- High Prolif,35.0,3.0,Died of Disease
MB-3470,56,Mastectomy,Breast Cancer,Breast Invasive Ductal Carcinoma,High,Yes,Her2,2.0,Negative,Negative,3,Gain,Positive,Ductal/NST,No,Post,5,Right,2.0,3.0,5.11,IDC,62.53333333,Deceased,Negative,Yes,40.0,Recurred,Female,ER+/HER2- High Prolif,55.0,2.0,Died of Disease
MB-3476,68,Breast Conserving,Breast Cancer,Breast Invasive Ductal Carcinoma,High,No,claudin-low,2.0,Negative,Negative,3,Neutral,Negative,Medullary,No,Post,10,Left,0.0,4.0,4.034,IDC,159.0666667,Deceased,Negative,No,156.97,Not Recurred,Female,ER+/HER2- High Prolif,17.0,1.0,Died of Other Causes
MB-3479,60,Mastectomy,Breast Cancer,Breast Invasive Ductal Carcinoma,Moderate,No,claudin-low,2.0,Positve,Positive,3,Neutral,Negative,Ductal/NST,Yes,Post,10,Left,1.0,1.0,5.044,IDC,231.6666667,Living,Positive,Yes,228.62,Not Recurred,Female,ER+/HER2- High Prolif,22.0,2.0,Living
MB-3487,43,Mastectomy,Breast Cancer,Breast Invasive Ductal Carcinoma,High,No,LumB,2.0,Positve,Positive,3,Gain,Negative,Ductal/NST,Yes,Pre,1,Left,0.0,6.0,4.054,IDC,237.1333333,Living,Negative,Yes,14.41,Recurred,Female,ER+/HER2- High Prolif,27.0,1.0,Living
MB-3488,41,Mastectomy,Breast Cancer,Breast Invasive Ductal Carcinoma,High,Yes,Her2,2.0,Negative,Positive,3,Gain,Positive,Ductal/NST,No,Pre,5,Left,0.0,2.0,4.1,IDC,27.46666667,Deceased,Negative,Yes,20.59,Recurred,Female,ER+/HER2- High Prolif,50.0,2.0,Died of Disease
MB-3490,45,Breast Conserving,Breast Cancer,Breast Invasive Ductal Carcinoma,High,No,LumB,2.0,Positve,Positive,2,Neutral,Negative,Ductal/NST,No,Pre,3,Right,0.0,18.0,3.04,IDC,102.4,Deceased,Positive,No,7.99,Recurred,Female,ER+/HER2- High Prolif,20.0,1.0,Died of Disease
MB-3492,62,Breast Conserving,Breast Cancer,Breast Invasive Ductal Carcinoma,Moderate,No,LumB,2.0,Positve,Positive,3,Neutral,Negative,Ductal/NST,Yes,Post,1,Right,1.0,8.0,5.04,IDC,118.1333333,Deceased,Positive,Yes,105.0,Recurred,Female,ER+/HER2- High Prolif,20.0,2.0,Died of Disease
MB-3497,53,Mastectomy,Breast Cancer,Breast Invasive Ductal Carcinoma,High,Yes,Her2,2.0,Negative,Negative,3,Gain,Positive,Ductal/NST,No,Post,5,Left,5.0,7.0,6.062,IDC,15.5,Deceased,Negative,Yes,15.13,Recurred,Female,ER+/HER2- High Prolif,31.0,3.0,Died of Disease
MB-3500,66,Mastectomy,Breast Cancer,Breast Invasive Ductal Carcinoma,Moderate,No,Basal,2.0,Negative,Negative,3,Neutral,Negative,Ductal/NST,No,Post,10,Right,0.0,12.0,4.06,IDC,239.3,Living,Negative,No,236.15,Not Recurred,Female,ER+/HER2- High Prolif,30.0,1.0,Living
MB-3502,50,Mastectomy,Breast Cancer,Breast Invasive Ductal Carcinoma,Moderate,Yes,Basal,2.0,Negative,Negative,3,Neutral,Negative,Ductal/NST,No,Post,10,Left,3.0,4.0,5.054,IDC,229.3333333,Living,Negative,Yes,226.32,Not Recurred,Female,ER+/HER2- High Prolif,27.0,2.0,Living
MB-3506,39,Mastectomy,Breast Cancer,Breast Invasive Ductal Carcinoma,High,No,LumB,2.0,Positve,Positive,3,Loss,Negative,Other,Yes,Pre,1,Right,1.0,6.0,5.032,BREAST,240.8333333,Living,Positive,Yes,161.61,Recurred,Female,ER+/HER2- High Prolif,16.0,2.0,Living
MB-3510,67,Breast Conserving,Breast Cancer,Breast Mixed Ductal and Lobular Carcinoma,High,No,LumA,2.0,Positve,Positive,1,Neutral,Negative,Mixed,Yes,Post,7,Left,1.0,8.0,3.04,MDLC,59.6,Deceased,Positive,Yes,58.82,Not Recurred,Female,ER+/HER2- Low Prolif,20.0,2.0,Died of Other Causes
MB-3525,65,Breast Conserving,Breast Cancer,Breast Invasive Ductal Carcinoma,High,No,LumB,2.0,Positve,Positive,3,Gain,Negative,Ductal/NST,Yes,Post,1,Left,5.0,26.0,6.054,IDC,236.7,Living,Negative,Yes,233.59,Not Recurred,Female,ER+/HER2- High Prolif,27.0,3.0,Living
MB-3526,60,Mastectomy,Breast Cancer,Breast Invasive Ductal Carcinoma,Low,No,Normal,2.0,Positve,Positive,3,Gain,Negative,Ductal/NST,Yes,Post,6,Right,3.0,3.0,5.044,IDC,86.06666667,Deceased,Negative,Yes,64.44,Recurred,Female,ER+/HER2- Low Prolif,22.0,2.0,Died of Disease
MB-3528,71,Mastectomy,Breast Cancer,Breast Invasive Ductal Carcinoma,Low,No,Her2,2.0,Negative,Negative,3,Gain,Positive,Ductal/NST,No,Post,5,Left,0.0,7.0,4.05,IDC,113.6666667,Living,Negative,No,112.17,Not Recurred,Female,ER+/HER2- Low Prolif,25.0,1.0,Living
MB-3530,70,Mastectomy,Breast Cancer,Breast Mixed Ductal and Lobular Carcinoma,Low,No,Her2,2.0,Positve,Positive,2,Neutral,Negative,Mixed,Yes,Post,8,Left,1.0,20.0,4.052,MDLC,112.9666667,Deceased,Positive,No,111.48,Not Recurred,Female,ER+/HER2- High Prolif,26.0,2.0,Died of Other Causes
MB-3536,48,Breast Conserving,Breast Cancer,Breast Invasive Ductal Carcinoma,Low,No,Normal,2.0,Positve,Positive,2,Undef,Negative,Ductal/NST,Yes,Pre,5,Left,6.0,8.0,5.03,IDC,86.23333333,Deceased,Negative,Yes,73.06,Recurred,Female,ER+/HER2- High Prolif,15.0,3.0,Died of Disease
MB-3545,49,Mastectomy,Breast Cancer,Breast Invasive Ductal Carcinoma,Moderate,No,LumA,2.0,Positve,Positive,3,Neutral,Negative,Ductal/NST,Yes,Pre,7,Left,0.0,5.0,4.042,IDC,232.7333333,Deceased,Positive,Yes,203.78,Recurred,Female,ER+/HER2- Low Prolif,21.0,1.0,Died of Disease
MB-3547,68,Mastectomy,Breast Cancer,Breast Invasive Mixed Mucinous Carcinoma,Low,No,LumA,2.0,Positve,Positive,3,Neutral,Negative,Mucinous,No,Post,7,Right,0.0,5.0,3.08,IMMC,33.0,Deceased,Positive,No,32.57,Not Recurred,Female,ER+/HER2- Low Prolif,40.0,1.0,Died of Other Causes
MB-3548,66,Mastectomy,Breast Cancer,Breast Invasive Ductal Carcinoma,High,No,LumA,2.0,Positve,Positive,2,Neutral,Negative,Ductal/NST,Yes,Post,3,Left,1.0,4.0,4.04,IDC,234.5333333,Deceased,Positive,No,231.45,Not Recurred,Female,ER+/HER2- High Prolif,20.0,2.0,Died of Other Causes
MB-3556,51,Mastectomy,Breast Cancer,Breast Invasive Ductal Carcinoma,High,Yes,Her2,2.0,Negative,Negative,3,Gain,Positive,Medullary,No,Post,1,Right,2.0,8.0,5.16,IDC,38.03333333,Deceased,Negative,Yes,32.83,Recurred,Female,ER+/HER2- High Prolif,80.0,2.0,Died of Disease
MB-3567,55,Mastectomy,Breast Cancer,Breast Mixed Ductal and Lobular Carcinoma,High,Yes,claudin-low,2.0,Negative,Negative,3,Neutral,Negative,Mixed,Yes,Post,1,Left,0.0,4.0,4.05,MDLC,236.0333333,Living,Negative,Yes,232.93,Not Recurred,Female,ER+/HER2- High Prolif,25.0,2.0,Living
MB-3576,53,Mastectomy,Breast Cancer,Breast Mixed Ductal and Lobular Carcinoma,High,No,Her2,2.0,Positve,Positive,3,Neutral,Negative,Mixed,Yes,Post,6,Left,0.0,8.0,4.074,MDLC,24.86666667,Deceased,Negative,No,10.0,Recurred,Female,ER+/HER2- High Prolif,37.0,1.0,Died of Disease
MB-3582,63,Mastectomy,Breast Cancer,Breast Invasive Ductal Carcinoma,High,No,claudin-low,2.0,Negative,Positive,3,Neutral,Negative,Ductal/NST,No,Post,6,Right,0.0,2.0,1.12,IDC,229.3666667,Deceased,Positive,No,226.35,Not Recurred,Female,ER+/HER2- High Prolif,60.0,1.0,Died of Other Causes
MB-3600,60,Breast Conserving,Breast Cancer,Breast Invasive Ductal Carcinoma,High,No,LumB,2.0,Positve,Positive,2,Neutral,Negative,Ductal/NST,Yes,Post,9,Left,1.0,9.0,4.024,IDC,214.7,Living,Positive,Yes,211.88,Not Recurred,Female,ER+/HER2- High Prolif,12.0,2.0,Living
MB-3606,68,Mastectomy,Breast Cancer,Breast Invasive Ductal Carcinoma,High,No,Her2,2.0,Negative,Negative,3,Gain,Positive,Ductal/NST,No,Post,5,Left,0.0,8.0,4.08,IDC,110.6333333,Living,Negative,Yes,109.18,Not Recurred,Female,ER+/HER2- High Prolif,40.0,1.0,Living
MB-3614,63,Mastectomy,Breast Cancer,Breast Invasive Ductal Carcinoma,Moderate,No,LumB,2.0,Positve,Positive,3,Neutral,Negative,Ductal/NST,Yes,Post,1,Left,3.0,4.0,5.068,IDC,235.4,Living,Positive,Yes,232.3,Not Recurred,Female,ER+/HER2- High Prolif,34.0,2.0,Living
MB-3702,37,Mastectomy,Breast Cancer,Breast Invasive Ductal Carcinoma,Moderate,Yes,claudin-low,2.0,Negative,Negative,3,Neutral,Negative,Ductal/NST,No,Pre,10,Right,1.0,5.0,5.011,IDC,230.4666667,Living,Negative,Yes,227.43,Not Recurred,Female,ER+/HER2- High Prolif,5.5,2.0,Living
MB-3706,55,Breast Conserving,Breast Cancer,Breast Invasive Ductal Carcinoma,High,No,Basal,2.0,Negative,Negative,3,Neutral,Negative,Ductal/NST,No,Post,10,Right,0.0,4.0,4.036,IDC,38.8,Deceased,Negative,Yes,28.52,Recurred,Female,ER+/HER2- High Prolif,18.0,1.0,Died of Disease
MB-3707,70,Mastectomy,Breast Cancer,Breast Invasive Ductal Carcinoma,High,No,claudin-low,2.0,Positve,Positive,3,Neutral,Negative,Ductal/NST,Yes,Post,10,Left,1.0,2.0,5.05,IDC,228.7666667,Deceased,Negative,No,187.47,Recurred,Female,ER+/HER2- Low Prolif,25.0,2.0,Died of Disease
MB-3711,41,Mastectomy,Breast Cancer,Breast Invasive Ductal Carcinoma,High,No,LumA,2.0,Positve,Positive,1,Gain,Negative,Ductal/NST,No,Pre,3,Left,0.0,7.0,2.04,IDC,222.1,Living,Positive,No,219.18,Not Recurred,Female,ER+/HER2- Low Prolif,20.0,1.0,Living
MB-3748,51,Mastectomy,Breast Cancer,Breast Invasive Ductal Carcinoma,Moderate,No,LumA,2.0,Positve,Positive,3,Neutral,Negative,Ductal/NST,Yes,Post,3,Left,0.0,6.0,4.03,IDC,228.0,Living,Positive,Yes,225.0,Not Recurred,Female,ER+/HER2- Low Prolif,15.0,1.0,Living
MB-3752,49,Breast Conserving,Breast Cancer,Breast Invasive Ductal Carcinoma,High,No,claudin-low,2.0,Negative,Negative,3,Loss,Negative,Medullary,No,Pre,3,Left,0.0,4.0,4.03,IDC,75.33333333,Deceased,Negative,Yes,64.05,Recurred,Female,ER+/HER2- Low Prolif,15.0,1.0,Died of Disease
MB-3754,57,Mastectomy,Breast Cancer,Breast Invasive Ductal Carcinoma,Moderate,No,LumB,2.0,Positve,Positive,3,Neutral,Negative,Ductal/NST,Yes,Post,1,Left,0.0,6.0,4.05,IDC,92.73333333,Deceased,Negative,No,42.99,Recurred,Female,ER+/HER2- High Prolif,25.0,1.0,Died of Disease
MB-3781,48,Breast Conserving,Breast Cancer,Breast Mixed Ductal and Lobular Carcinoma,High,No,LumA,2.0,Positve,Positive,2,Neutral,Negative,Mixed,No,Pre,8,Right,0.0,5.0,3.036,MDLC,224.5666667,Living,Positive,Yes,162.8,Recurred,Female,ER+/HER2- Low Prolif,18.0,1.0,Living
MB-3797,68,Breast Conserving,Breast Cancer,Breast Mixed Ductal and Lobular Carcinoma,High,No,LumA,2.0,Positve,Positive,2,Loss,Negative,Other,No,Post,8,Right,0.0,6.0,1.048,BREAST,228.3333333,Living,Positive,No,225.33,Not Recurred,Female,ER+/HER2- High Prolif,24.0,1.0,Living
MB-3823,40,Mastectomy,Breast Cancer,Breast Invasive Ductal Carcinoma,Moderate,No,LumA,2.0,Positve,Positive,2,Undef,Negative,Ductal/NST,No,Pre,3,Left,0.0,6.0,3.05,IDC,222.5,Living,Positive,No,5.03,Recurred,Female,ER+/HER2- Low Prolif,25.0,1.0,Living
MB-3824,49,Mastectomy,Breast Cancer,Breast Invasive Ductal Carcinoma,High,No,LumB,2.0,Positve,Positive,3,Neutral,Negative,Ductal/NST,Yes,Pre,2,Right,0.0,8.0,4.044,IDC,126.4666667,Deceased,Positive,Yes,99.31,Recurred,Female,ER+/HER2- High Prolif,22.0,1.0,Died of Disease
MB-3838,60,Breast Conserving,Breast Cancer,Breast Invasive Ductal Carcinoma,High,No,LumB,2.0,Positve,Positive,3,Neutral,Negative,Ductal/NST,Yes,Post,8,Left,0.0,5.0,4.046,IDC,134.4666667,Deceased,Positive,Yes,35.76,Recurred,Female,ER+/HER2- High Prolif,23.0,1.0,Died of Disease
MB-3840,53,Breast Conserving,Breast Cancer,Breast Invasive Ductal Carcinoma,High,No,LumB,2.0,Positve,Positive,2,Neutral,Negative,Ductal/NST,No,Post,6,Left,0.0,5.0,3.032,IDC,287.2333333,Living,Negative,Yes,283.45,Not Recurred,Female,ER+/HER2- High Prolif,16.0,1.0,Living
MB-3842,54,Breast Conserving,Breast Cancer,Breast Invasive Ductal Carcinoma,High,No,LumB,2.0,Positve,Positive,3,Neutral,Negative,Ductal/NST,Yes,Post,1,Left,1.0,8.0,5.048,IDC,226.0666667,Living,Negative,Yes,223.09,Not Recurred,Female,ER+/HER2- High Prolif,24.0,2.0,Living
MB-3850,65,Mastectomy,Breast Cancer,Breast Mixed Ductal and Lobular Carcinoma,Moderate,No,LumA,2.0,Positve,Positive,2,Gain,Positive,Mixed,No,Post,1,Left,0.0,8.0,3.04,MDLC,72.3,Living,Positive,No,71.35,Not Recurred,Female,ER+/HER2- Low Prolif,20.0,1.0,Living
MB-3852,43,Breast Conserving,Breast Cancer,Breast Invasive Ductal Carcinoma,High,No,LumA,2.0,Positve,Positive,3,Gain,Positive,Ductal/NST,Yes,Pre,1,Right,0.0,4.0,4.046,IDC,225.5,Living,Positive,Yes,222.53,Not Recurred,Female,ER+/HER2- High Prolif,23.0,1.0,Living
MB-3854,63,Breast Conserving,Breast Cancer,Breast Mixed Ductal and Lobular Carcinoma,High,No,LumA,2.0,Negative,Positive,1,Neutral,Negative,Mixed,No,Post,1,Right,0.0,8.0,2.024,MDLC,99.23333333,Living,Positive,No,97.93,Not Recurred,Female,ER+/HER2- Low Prolif,12.0,1.0,Living
MB-3865,49,Breast Conserving,Breast Cancer,Breast Invasive Ductal Carcinoma,Moderate,No,claudin-low,2.0,Positve,Positive,1,Neutral,Negative,Tubular/ cribriform,Yes,Pre,3,Right,0.0,4.0,2.03,IDC,199.9666667,Living,Negative,Yes,197.34,Not Recurred,Female,ER+/HER2- Low Prolif,15.0,1.0,Living
MB-3866,54,Breast Conserving,Breast Cancer,Breast Invasive Ductal Carcinoma,High,No,Her2,2.0,Negative,Negative,3,Gain,Positive,Ductal/NST,No,Post,5,Right,0.0,9.0,4.024,IDC,225.5,Living,Negative,Yes,222.53,Not Recurred,Female,ER+/HER2- Low Prolif,12.0,1.0,Living
MB-3871,62,Mastectomy,Breast Cancer,Breast Invasive Ductal Carcinoma,High,No,LumA,2.0,Positve,Positive,2,Neutral,Negative,Ductal/NST,Yes,Post,8,Left,1.0,6.0,4.052,IDC,172.8,Deceased,Positive,No,170.53,Not Recurred,Female,ER+/HER2- Low Prolif,26.0,2.0,Died of Other Causes
MB-3874,35,Breast Conserving,Breast Cancer,Breast Invasive Ductal Carcinoma,Moderate,No,LumA,2.0,Positve,Positive,2,Neutral,Negative,Ductal/NST,No,Pre,7,Right,0.0,6.0,3.03,IDC,186.4333333,Living,Positive,Yes,183.98,Not Recurred,Female,ER+/HER2- Low Prolif,15.0,1.0,Living
MB-3978,57,Breast Conserving,Breast Cancer,Breast Invasive Ductal Carcinoma,Moderate,No,Her2,2.0,Negative,Negative,3,Gain,Positive,Ductal/NST,No,Post,5,Right,0.0,9.0,4.026,IDC,100.8666667,Deceased,Negative,Yes,57.7,Recurred,Female,ER+/HER2- Low Prolif,13.0,1.0,Died of Disease
MB-4000,76,Breast Conserving,Breast Cancer,Breast Invasive Ductal Carcinoma,High,No,LumA,3.0,Positve,Positive,2,Neutral,Negative,Ductal/NST,No,Post,5,Left,0.0,3.0,3.04,IDC,28.06666667,Deceased,Negative,Yes,27.7,Not Recurred,Female,ER+/HER2- Low Prolif,20.0,1.0,Died of Other Causes
MB-4001,74,Mastectomy,Breast Cancer,Breast Invasive Ductal Carcinoma,High,No,LumA,3.0,Positve,Positive,2,Neutral,Negative,Ductal/NST,Yes,Post,7,Right,0.0,9.0,3.08,IDC,49.66666667,Deceased,Negative,Yes,28.72,Recurred,Female,ER+/HER2- High Prolif,40.0,2.0,Died of Disease
MB-4003,70,Mastectomy,Breast Cancer,Breast Invasive Ductal Carcinoma,High,No,Her2,3.0,Positve,Positive,2,Neutral,Negative,Ductal/NST,No,Post,6,Right,0.0,6.0,3.04,IDC,106.5666667,Deceased,Positive,Yes,26.45,Recurred,Female,ER+/HER2- High Prolif,20.0,1.0,Died of Disease
MB-4004,61,Breast Conserving,Breast Cancer,Breast Invasive Ductal Carcinoma,High,No,LumB,3.0,Positve,Positive,3,Neutral,Negative,Ductal/NST,Yes,Post,9,Left,0.0,8.0,4.03,IDC,256.8666667,Deceased,Positive,Yes,253.49,Recurred,Female,ER+/HER2- High Prolif,15.0,1.0,Died of Disease
MB-4005,66,Mastectomy,Breast Cancer,Breast Invasive Lobular Carcinoma,Moderate,No,claudin-low,3.0,Positve,Positive,2,Neutral,Negative,Lobular,Yes,Post,3,Right,0.0,4.0,3.036,ILC,188.3666667,Living,Positive,Yes,185.89,Not Recurred,Female,ER+/HER2- High Prolif,18.0,1.0,Living
MB-4008,64,Mastectomy,Breast Cancer,Breast Invasive Ductal Carcinoma,Moderate,No,LumB,3.0,Positve,Positive,3,Gain,Negative,Ductal/NST,Yes,Post,2,Left,3.0,4.0,5.07,IDC,44.73333333,Deceased,Positive,No,14.61,Recurred,Female,ER+/HER2- High Prolif,35.0,2.0,Died of Disease
MB-4010,73,Mastectomy,Breast Cancer,Breast Invasive Ductal Carcinoma,Low,No,Her2,3.0,Positve,Positive,3,Neutral,Negative,Ductal/NST,No,Post,6,Right,0.0,9.0,4.05,IDC,11.7,Deceased,Positive,No,11.55,Not Recurred,Female,ER+/HER2- High Prolif,25.0,2.0,Died of Other Causes
MB-4011,72,Breast Conserving,Breast Cancer,Breast Invasive Ductal Carcinoma,Moderate,No,LumA,3.0,Positve,Positive,3,Undef,Negative,Ductal/NST,Yes,Post,8,Left,0.0,4.0,4.044,IDC,193.1666667,Living,Negative,Yes,190.63,Not Recurred,Female,ER+/HER2- High Prolif,22.0,2.0,Living
MB-4012,63,Breast Conserving,Breast Cancer,Breast Invasive Ductal Carcinoma,High,No,Her2,3.0,Negative,Negative,3,Neutral,Positive,Ductal/NST,No,Post,8,Right,0.0,11.0,3.05,IDC,277.3666667,Deceased,Negative,Yes,273.72,Not Recurred,Female,ER+/HER2- Low Prolif,25.0,2.0,Died of Other Causes
MB-4015,76,Mastectomy,Breast Cancer,Breast Invasive Ductal Carcinoma,Moderate,No,Her2,3.0,Negative,Negative,2,Loss,Negative,Ductal/NST,No,Post,8,Left,0.0,10.0,3.06,IDC,11.3,Deceased,Negative,No,9.24,Recurred,Female,ER+/HER2- Low Prolif,30.0,2.0,Died of Disease
MB-4017,76,Mastectomy,Breast Cancer,Breast Mixed Ductal and Lobular Carcinoma,High,No,LumB,3.0,Positve,Positive,3,Neutral,Negative,Mixed,Yes,Post,6,Left,3.0,6.0,5.08,MDLC,139.3,Deceased,Negative,No,137.47,Not Recurred,Female,ER+/HER2- Low Prolif,40.0,2.0,Died of Other Causes
MB-4018,71,Mastectomy,Breast Cancer,Breast Mixed Ductal and Lobular Carcinoma,Moderate,No,LumA,3.0,Positve,Positive,2,Neutral,Negative,Mixed,Yes,Post,7,Left,10.0,5.0,5.04,MDLC,105.6666667,Deceased,Positive,No,34.31,Recurred,Female,ER+/HER2- Low Prolif,20.0,2.0,Died of Disease
MB-4024,56,Breast Conserving,Breast Cancer,Breast Invasive Ductal Carcinoma,High,No,Basal,3.0,Negative,Negative,3,Loss,Negative,Ductal/NST,Yes,Post,1,Left,0.0,7.0,4.05,IDC,124.1,Living,Negative,Yes,122.47,Not Recurred,Female,ER+/HER2- Low Prolif,25.0,2.0,Living
MB-4033,82,Breast Conserving,Breast Cancer,Breast Invasive Lobular Carcinoma,High,No,LumA,3.0,Positve,Positive,2,Neutral,Negative,Lobular,Yes,Post,1,Left,5.0,9.0,5.044,ILC,15.2,Deceased,Positive,Yes,12.8,Recurred,Female,ER+/HER2- Low Prolif,22.0,3.0,Died of Disease
MB-4046,59,Mastectomy,Breast Cancer,Breast Mixed Ductal and Lobular Carcinoma,Moderate,No,Her2,3.0,Positve,Positive,2,Neutral,Negative,Mixed,No,Post,8,Left,0.0,8.0,3.026,MDLC,298.0333333,Deceased,Positive,No,294.11,Not Recurred,Female,ER+/HER2- High Prolif,13.0,1.0,Died of Other Causes
MB-4059,50,Breast Conserving,Breast Cancer,Breast Invasive Ductal Carcinoma,High,No,Normal,3.0,Positve,Positive,2,Neutral,Negative,Ductal/NST,Yes,Post,3,Right,0.0,6.0,3.05,IDC,172.0,Deceased,Positive,Yes,109.34,Recurred,Female,ER+/HER2- High Prolif,25.0,2.0,Died of Other Causes
MB-4079,63,Mastectomy,Breast Cancer,Breast Invasive Ductal Carcinoma,High,No,Her2,3.0,Positve,Positive,3,Neutral,Negative,Ductal/NST,No,Post,7,Right,0.0,24.0,4.044,IDC,351.0,Deceased,Positive,Yes,346.38,Not Recurred,Female,ER+/HER2- High Prolif,22.0,2.0,Died of Other Causes
MB-4091,74,Mastectomy,Breast Cancer,Breast Invasive Ductal Carcinoma,Moderate,No,LumA,3.0,Positve,Positive,3,Neutral,Negative,Ductal/NST,No,Post,7,Left,0.0,4.0,4.06,IDC,281.3666667,Deceased,Positive,No,277.66,Not Recurred,Female,ER+/HER2- High Prolif,30.0,2.0,Died of Other Causes
MB-4098,68,Mastectomy,Breast Cancer,Breast Invasive Ductal Carcinoma,High,No,Her2,3.0,Positve,Positive,3,Neutral,Negative,Ductal/NST,No,Post,7,Right,0.0,7.0,2.1,IDC,176.3666667,Living,Negative,No,174.05,Not Recurred,Female,ER+/HER2- High Prolif,50.0,2.0,Living
MB-4119,65,Mastectomy,Breast Cancer,Breast Invasive Ductal Carcinoma,Moderate,No,Her2,3.0,Positve,Positive,2,Neutral,Negative,Ductal/NST,Yes,Post,7,Left,1.0,7.0,4.04,IDC,67.8,Deceased,Negative,Yes,48.19,Recurred,Female,ER+/HER2- High Prolif,20.0,2.0,Died of Disease
MB-4120,56,Mastectomy,Breast Cancer,Breast Invasive Ductal Carcinoma,High,No,LumA,3.0,Positve,Positive,2,Neutral,Negative,Ductal/NST,No,Post,8,Right,0.0,5.0,3.02,IDC,217.1,Deceased,Positive,No,21.48,Recurred,Female,ER+/HER2- Low Prolif,10.0,2.0,Died of Other Causes
MB-4126,73,Mastectomy,Breast Cancer,Breast Invasive Ductal Carcinoma,Moderate,No,Her2,3.0,Positve,Positive,2,Neutral,Negative,Ductal/NST,No,Post,7,Right,0.0,10.0,1.06,IDC,174.8,Deceased,Positive,Yes,172.5,Not Recurred,Female,ER+/HER2- Low Prolif,30.0,2.0,Died of Other Causes
MB-4127,54,Mastectomy,Breast Cancer,Breast Invasive Ductal Carcinoma,High,Yes,Her2,3.0,Negative,Negative,3,Gain,Positive,Ductal/NST,Yes,Post,5,Right,6.0,8.0,6.08,IDC,258.1666667,Deceased,Negative,Yes,254.77,Not Recurred,Female,ER+/HER2- Low Prolif,40.0,3.0,Died of Other Causes
MB-4139,63,Mastectomy,Breast Cancer,Breast Invasive Ductal Carcinoma,High,No,LumB,3.0,Positve,Positive,3,Neutral,Negative,Ductal/NST,No,Post,8,Right,0.0,4.0,2.04,IDC,165.4,Deceased,Positive,No,163.22,Not Recurred,Female,ER+/HER2- High Prolif,20.0,1.0,Died of Other Causes
MB-4140,71,Mastectomy,Breast Cancer,Breast Invasive Ductal Carcinoma,High,No,LumA,3.0,Positve,Positive,3,Neutral,Negative,Ductal/NST,No,Post,8,Left,0.0,13.0,4.046,IDC,114.5,Deceased,Negative,Yes,112.99,Not Recurred,Female,ER+/HER2- Low Prolif,23.0,2.0,Died of Other Causes
MB-4141,58,Mastectomy,Breast Cancer,Breast Invasive Ductal Carcinoma,Low,No,Her2,3.0,Positve,Positive,3,Neutral,Negative,Ductal/NST,No,Post,7,Left,0.0,5.0,4.03,IDC,147.8333333,Deceased,Positive,Yes,12.83,Recurred,Female,ER+/HER2- Low Prolif,15.0,2.0,Died of Disease
MB-4145,60,Breast Conserving,Breast Cancer,Breast Invasive Ductal Carcinoma,High,No,Her2,3.0,Positve,Positive,3,Neutral,Negative,Ductal/NST,No,Post,7,Right,0.0,9.0,1.04,IDC,217.6333333,Deceased,Positive,Yes,182.76,Recurred,Female,ER+/HER2- Low Prolif,20.0,1.0,Died of Other Causes
MB-4146,43,Mastectomy,Breast Cancer,Breast Invasive Ductal Carcinoma,Moderate,Yes,Basal,3.0,Negative,Negative,3,Neutral,Negative,Ductal/NST,No,Pre,7,Left,13.0,5.0,6.04,IDC,15.63333333,Deceased,Negative,Yes,8.36,Recurred,Female,ER+/HER2- Low Prolif,20.0,2.0,Died of Disease
MB-4148,57,Mastectomy,Breast Cancer,Breast Invasive Ductal Carcinoma,Moderate,No,LumB,3.0,Positve,Positive,2,Neutral,Negative,Ductal/NST,Yes,Post,9,Left,16.0,3.0,5.07,IDC,63.03333333,Deceased,Positive,No,59.14,Recurred,Female,ER+/HER2- High Prolif,35.0,2.0,Died of Disease
MB-4154,54,Mastectomy,Breast Cancer,Breast Invasive Ductal Carcinoma,Moderate,No,LumB,3.0,Positve,Positive,3,Neutral,Negative,Ductal/NST,No,Post,9,Left,0.0,6.0,4.06,IDC,49.56666667,Deceased,Positive,Yes,48.91,Not Recurred,Female,ER+/HER2- High Prolif,30.0,2.0,Died of Other Causes
MB-4171,64,Mastectomy,Breast Cancer,Breast Mixed Ductal and Lobular Carcinoma,High,No,Her2,3.0,Positve,Positive,3,Gain,Negative,Mixed,No,Post,9,Right,0.0,5.0,4.086,MDLC,184.7,Deceased,Negative,No,111.09,Recurred,Female,ER+/HER2- High Prolif,43.0,2.0,Died of Disease
MB-4173,74,Mastectomy,Breast Cancer,Breast Invasive Ductal Carcinoma,Moderate,No,LumA,3.0,Positve,Positive,2,Neutral,Negative,Ductal/NST,Yes,Post,7,Left,2.0,3.0,4.02,IDC,160.3333333,Deceased,Positive,Yes,158.22,Not Recurred,Female,ER+/HER2- Low Prolif,10.0,2.0,Died of Other Causes
MB-4189,60,Mastectomy,Breast Cancer,Breast Invasive Ductal Carcinoma,High,No,Her2,3.0,Positve,Positive,2,Neutral,Negative,Ductal/NST,Yes,Post,2,Right,1.0,7.0,2.0,IDC,355.2,Deceased,Positive,Yes,104.54,Recurred,Female,ER+/HER2- Low Prolif,10.0,2.0,Died of Other Causes
MB-4212,45,Mastectomy,Breast Cancer,Breast Invasive Ductal Carcinoma,Low,No,LumA,3.0,Positve,Positive,2,Neutral,Negative,Ductal/NST,No,Pre,2,Right,0.0,3.0,3.04,IDC,330.3666667,Living,Positive,No,326.02,Not Recurred,Female,ER+/HER2- Low Prolif,20.0,2.0,Living
MB-4213,67,Breast Conserving,Breast Cancer,Breast Invasive Ductal Carcinoma,High,No,LumB,3.0,Positve,Positive,2,Neutral,Negative,Ductal/NST,Yes,Post,2,Right,0.0,3.0,3.06,IDC,84.5,Deceased,Negative,Yes,57.2,Recurred,Female,ER+/HER2- Low Prolif,30.0,2.0,Died of Disease
MB-4222,58,Mastectomy,Breast Cancer,Breast Invasive Ductal Carcinoma,High,No,Her2,3.0,Positve,Positive,1,Loss,Negative,Ductal/NST,No,Post,8,Left,0.0,5.0,2.08,IDC,55.23333333,Deceased,Positive,No,50.59,Recurred,Female,ER+/HER2- Low Prolif,40.0,2.0,Died of Disease
MB-4224,72,Mastectomy,Breast Cancer,Breast Invasive Ductal Carcinoma,High,No,NC,3.0,Positve,Positive,2,Neutral,Negative,Ductal/NST,Yes,Post,8,Left,1.0,5.0,4.07,IDC,65.5,Deceased,Positive,Yes,58.19,Recurred,Female,ER+/HER2- Low Prolif,35.0,2.0,Died of Disease
MB-4230,75,Breast Conserving,Breast Cancer,Breast Invasive Ductal Carcinoma,Moderate,No,LumA,3.0,Positve,Positive,2,Neutral,Negative,Ductal/NST,Yes,Post,7,Right,0.0,5.0,3.1,IDC,115.6,Deceased,Negative,Yes,114.08,Not Recurred,Female,ER+/HER2- Low Prolif,50.0,2.0,Died of Other Causes
MB-4233,54,Mastectomy,Breast Cancer,Breast Invasive Ductal Carcinoma,Moderate,No,LumB,3.0,Positve,Positive,2,Neutral,Negative,Ductal/NST,Yes,Post,9,Right,5.0,11.0,5.06,IDC,36.36666667,Deceased,Negative,Yes,16.64,Recurred,Female,ER+/HER2- High Prolif,30.0,2.0,Died of Disease
MB-4234,68,Mastectomy,Breast Cancer,Breast Invasive Ductal Carcinoma,Moderate,No,LumA,3.0,Positve,Positive,3,Neutral,Negative,Ductal/NST,No,Post,9,Left,0.0,5.0,4.08,IDC,253.5333333,Deceased,Positive,No,250.2,Not Recurred,Female,ER+/HER2- High Prolif,40.0,2.0,Died of Other Causes
MB-4235,67,Mastectomy,Breast Cancer,Breast Invasive Ductal Carcinoma,Moderate,No,Basal,3.0,Positve,Positive,2,Neutral,Negative,Ductal/NST,No,Post,10,Right,0.0,5.0,3.04,IDC,335.7333333,Deceased,Negative,No,290.89,Recurred,Female,ER+/HER2- High Prolif,20.0,1.0,Died of Disease
MB-4236,73,Mastectomy,Breast Cancer,Breast Invasive Ductal Carcinoma,High,No,Her2,3.0,Positve,Positive,3,Neutral,Negative,Ductal/NST,Yes,Post,9,Right,1.0,7.0,5.036,IDC,203.7,Deceased,Negative,Yes,201.02,Not Recurred,Female,ER+/HER2- High Prolif,18.0,2.0,Died of Other Causes
MB-4250,80,Mastectomy,Breast Cancer,Breast Invasive Ductal Carcinoma,Moderate,No,LumA,3.0,Positve,Positive,2,Loss,Negative,Ductal/NST,Yes,Post,3,Right,1.0,5.0,4.11,IDC,100.1666667,Deceased,Negative,No,21.71,Recurred,Female,ER+/HER2- High Prolif,55.0,3.0,Died of Other Causes
MB-4254,68,Mastectomy,Breast Cancer,Breast Invasive Ductal Carcinoma,High,No,Basal,3.0,Negative,Negative,3,Neutral,Negative,Medullary,Yes,Post,10,Right,0.0,4.0,4.06,IDC,178.4,Living,Negative,No,176.05,Not Recurred,Female,ER+/HER2- High Prolif,30.0,3.0,Living
MB-4264,72,Mastectomy,Breast Cancer,Breast Invasive Ductal Carcinoma,Moderate,No,LumA,3.0,Positve,Positive,2,Gain,Negative,Ductal/NST,Yes,Post,7,Right,1.0,8.0,4.04,IDC,163.2,Deceased,Positive,Yes,161.05,Not Recurred,Female,ER+/HER2- High Prolif,20.0,3.0,Died of Other Causes
MB-4266,28,Mastectomy,Breast Cancer,Breast Invasive Ductal Carcinoma,High,No,LumA,3.0,Negative,Positive,3,Neutral,Negative,Ductal/NST,No,Pre,6,Right,0.0,1.0,4.09,IDC,33.9,Deceased,Negative,No,17.24,Recurred,Female,ER+/HER2- High Prolif,45.0,2.0,Died of Disease
MB-4270,37,Mastectomy,Breast Cancer,Breast Invasive Ductal Carcinoma,High,Yes,Her2,3.0,Negative,Positive,2,Gain,Positive,Ductal/NST,No,Pre,9,Right,4.0,2.0,5.036,IDC,98.7,Deceased,Positive,Yes,91.78,Recurred,Female,ER+/HER2- High Prolif,18.0,2.0,Died of Disease
MB-4274,74,Mastectomy,Breast Cancer,Breast Invasive Ductal Carcinoma,High,No,LumB,3.0,Positve,Positive,2,Neutral,Negative,Ductal/NST,Yes,Post,8,Right,3.0,7.0,4.04,IDC,59.93333333,Deceased,Positive,Yes,47.17,Recurred,Female,ER+/HER2- High Prolif,20.0,2.0,Died of Disease
MB-4276,55,Mastectomy,Breast Cancer,Breast Invasive Ductal Carcinoma,High,No,Her2,3.0,Positve,Positive,2,Gain,Positive,Ductal/NST,Yes,Post,5,Left,1.0,7.0,4.07,IDC,132.2,Deceased,Positive,Yes,130.23,Recurred,Female,ER+/HER2- High Prolif,35.0,2.0,Died of Disease
MB-4278,68,Mastectomy,Breast Cancer,Breast Invasive Ductal Carcinoma,Moderate,No,Her2,3.0,Positve,Positive,3,Neutral,Negative,Medullary,No,Post,3,Right,0.0,14.0,4.06,IDC,244.2,Deceased,Positive,No,240.99,Not Recurred,Female,ER+/HER2- High Prolif,30.0,2.0,Died of Other Causes
MB-4281,60,Mastectomy,Breast Cancer,Breast Invasive Ductal Carcinoma,Moderate,No,Her2,3.0,Positve,Positive,3,Gain,Negative,Ductal/NST,Yes,Post,9,Left,1.0,8.0,5.046,IDC,260.0333333,Deceased,Negative,Yes,256.61,Not Recurred,Female,ER+/HER2- High Prolif,23.0,2.0,Died of Other Causes
MB-4282,49,Breast Conserving,Breast Cancer,Breast Invasive Ductal Carcinoma,High,No,LumA,3.0,Positve,Positive,3,Neutral,Negative,Ductal/NST,No,Pre,9,Right,0.0,6.0,4.02,IDC,34.1,Living,Positive,Yes,33.65,Not Recurred,Female,ER+/HER2- High Prolif,10.0,1.0,Living
MB-4283,55,Mastectomy,Breast Cancer,Breast Invasive Ductal Carcinoma,Moderate,No,LumA,3.0,Positve,Positive,2,Neutral,Negative,Ductal/NST,Yes,Post,8,Left,2.0,7.0,4.08,IDC,174.8333333,Living,Positive,Yes,172.53,Not Recurred,Female,ER+/HER2- Low Prolif,40.0,2.0,Living
MB-4289,65,Mastectomy,Breast Cancer,Breast Invasive Lobular Carcinoma,Moderate,No,Her2,3.0,Positve,Positive,1,Gain,Positive,Lobular,Yes,Post,2,Left,0.0,5.0,2.04,ILC,96.83333333,Deceased,Negative,Yes,79.93,Recurred,Female,ER+/HER2- High Prolif,20.0,1.0,Died of Disease
MB-4292,58,Mastectomy,Breast Cancer,Breast Invasive Ductal Carcinoma,Moderate,No,LumA,3.0,Positve,Positive,3,Neutral,Negative,Ductal/NST,No,Post,8,Right,0.0,6.0,4.05,IDC,335.6,Deceased,Positive,Yes,331.18,Not Recurred,Female,ER+/HER2- High Prolif,25.0,1.0,Died of Other Causes
MB-4293,54,Mastectomy,Breast Cancer,Breast Mixed Ductal and Lobular Carcinoma,Moderate,No,LumA,3.0,Positve,Positive,2,Neutral,Negative,Mixed,No,Post,8,Left,0.0,6.0,3.06,MDLC,219.1666667,Deceased,Negative,Yes,216.28,Not Recurred,Female,ER+/HER2- Low Prolif,30.0,2.0,Died of Other Causes
MB-4298,70,Mastectomy,Breast Cancer,Breast Invasive Ductal Carcinoma,Moderate,No,LumB,3.0,Positve,Positive,2,Neutral,Negative,Ductal/NST,Yes,Post,9,Left,0.0,6.0,4.04,IDC,55.1,Deceased,Negative,Yes,32.11,Recurred,Female,ER+/HER2- High Prolif,20.0,2.0,Died of Disease
MB-4300,70,Mastectomy,Breast Cancer,Breast Invasive Ductal Carcinoma,Moderate,No,Her2,3.0,Positve,Positive,3,Neutral,Negative,Ductal/NST,Yes,Post,6,Left,1.0,5.0,5.06,IDC,189.0333333,Living,Negative,Yes,186.55,Not Recurred,Female,ER+/HER2- High Prolif,30.0,2.0,Living
MB-4303,66,Mastectomy,Breast Cancer,Breast Invasive Ductal Carcinoma,Moderate,No,Basal,3.0,Negative,Negative,3,Neutral,Negative,Ductal/NST,No,Post,6,Left,0.0,12.0,4.03,IDC,89.03333333,Deceased,Negative,Yes,87.86,Not Recurred,Female,ER+/HER2- High Prolif,15.0,1.0,Died of Other Causes
MB-4306,69,Mastectomy,Breast Cancer,Breast Mixed Ductal and Lobular Carcinoma,High,No,LumA,3.0,Positve,Positive,1,Neutral,Negative,Mixed,No,Post,3,Left,0.0,4.0,2.042,MDLC,234.7,Deceased,Positive,No,231.61,Not Recurred,Female,ER+/HER2- High Prolif,21.0,2.0,Died of Other Causes
MB-4310,76,Mastectomy,Breast Cancer,Breast Invasive Ductal Carcinoma,High,No,LumA,3.0,Positve,Positive,1,Neutral,Negative,Ductal/NST,No,Post,7,Left,0.0,3.0,2.1,IDC,265.5666667,Deceased,Positive,Yes,262.07,Not Recurred,Female,ER+/HER2- High Prolif,50.0,2.0,Died of Other Causes
MB-4313,58,Mastectomy,Breast Cancer,Breast Mixed Ductal and Lobular Carcinoma,Moderate,No,LumA,3.0,Positve,Positive,3,Neutral,Negative,Mixed,Yes,Post,7,Left,5.0,10.0,6.08,MDLC,300.7,Deceased,Positive,Yes,296.74,Recurred,Female,ER+/HER2- High Prolif,40.0,2.0,Died of Disease
MB-4317,51,Mastectomy,Breast Cancer,Breast Invasive Ductal Carcinoma,Moderate,No,Her2,3.0,Positve,Positive,2,Gain,Positive,Ductal/NST,Yes,Post,5,Right,0.0,4.0,3.1,IDC,177.9,Living,Positive,No,175.56,Not Recurred,Female,ER+/HER2- High Prolif,50.0,2.0,Living
MB-4318,72,Mastectomy,Breast Cancer,Breast Invasive Ductal Carcinoma,Moderate,No,LumB,3.0,Positve,Positive,3,Neutral,Negative,Ductal/NST,Yes,Post,1,Left,1.0,3.0,5.04,IDC,17.13333333,Deceased,Positive,Yes,16.91,Not Recurred,Female,ER+/HER2- High Prolif,20.0,2.0,Died of Other Causes
MB-4322,63,Mastectomy,Breast Cancer,Breast Invasive Ductal Carcinoma,High,No,LumA,3.0,Positve,Positive,2,Loss,Negative,Ductal/NST,Yes,Post,7,Left,1.0,6.0,4.06,IDC,196.4666667,Deceased,Negative,Yes,193.88,Not Recurred,Female,ER+/HER2- High Prolif,30.0,2.0,Died of Other Causes
MB-4323,80,Mastectomy,Breast Cancer,Breast Invasive Ductal Carcinoma,High,No,LumA,3.0,Positve,Positive,2,Neutral,Negative,Ductal/NST,Yes,Post,8,Right,8.0,4.0,3.06,IDC,126.6333333,Deceased,Positive,No,26.41,Recurred,Female,ER+/HER2- High Prolif,30.0,2.0,Died of Other Causes
MB-4324,61,Mastectomy,Breast Cancer,Breast Invasive Ductal Carcinoma,Moderate,No,Her2,3.0,Positve,Positive,3,Neutral,Negative,Ductal/NST,Yes,Post,6,Left,24.0,10.0,6.1,IDC,87.23333333,Deceased,Positive,Yes,66.78,Recurred,Female,ER+/HER2- High Prolif,50.0,2.0,Died of Disease
MB-4328,64,Mastectomy,Breast Cancer,Breast Invasive Ductal Carcinoma,Low,No,LumA,3.0,Positve,Positive,2,Neutral,Negative,Ductal/NST,Yes,Post,7,Right,1.0,5.0,4.06,IDC,199.2666667,Deceased,Positive,Yes,196.64,Not Recurred,Female,ER+/HER2- High Prolif,30.0,2.0,Died of Other Causes
MB-4329,70,Mastectomy,Breast Cancer,Breast Invasive Ductal Carcinoma,Moderate,No,LumA,3.0,Positve,Positive,3,Neutral,Negative,Ductal/NST,Yes,Post,7,Right,2.0,5.0,5.058,IDC,168.2666667,Deceased,Positive,No,166.05,Recurred,Female,ER+/HER2- High Prolif,29.0,2.0,Died of Disease
MB-4331,63,Mastectomy,Breast Cancer,Breast Invasive Ductal Carcinoma,Moderate,No,Her2,3.0,Positve,Positive,3,Gain,Negative,Ductal/NST,Yes,Post,1,Left,2.0,3.0,5.04,IDC,235.5666667,Deceased,Negative,Yes,232.47,Not Recurred,Female,ER+/HER2- High Prolif,20.0,2.0,Died of Other Causes
MB-4332,34,Mastectomy,Breast Cancer,Breast Invasive Ductal Carcinoma,High,No,Basal,3.0,Negative,Negative,3,Neutral,Negative,Ductal/NST,No,Pre,10,Left,0.0,4.0,4.04,IDC,307.9333333,Living,Negative,Yes,303.88,Not Recurred,Female,ER+/HER2- High Prolif,20.0,1.0,Living
MB-4333,64,Mastectomy,Breast Cancer,Breast Invasive Ductal Carcinoma,Moderate,No,LumA,3.0,Positve,Positive,1,Neutral,Negative,Ductal/NST,No,Post,3,Right,0.0,5.0,2.05,IDC,207.9666667,Deceased,Negative,No,205.23,Not Recurred,Female,ER+/HER2- High Prolif,25.0,2.0,Died of Other Causes
MB-4339,74,Mastectomy,Breast Cancer,Breast Invasive Ductal Carcinoma,High,No,LumB,3.0,Positve,Positive,2,Neutral,Negative,Ductal/NST,No,Post,8,Left,0.0,8.0,3.04,IDC,173.6,Deceased,Positive,Yes,9.28,Recurred,Female,ER+/HER2- High Prolif,20.0,1.0,Died of Disease
MB-4341,35,Mastectomy,Breast Cancer,Breast Invasive Ductal Carcinoma,Moderate,Yes,Her2,3.0,Negative,Negative,3,Gain,Positive,Ductal/NST,No,Pre,5,Right,18.0,5.0,6.08,IDC,33.7,Deceased,Negative,Yes,26.28,Recurred,Female,ER+/HER2- High Prolif,40.0,2.0,Died of Disease
MB-4342,73,Mastectomy,Breast Cancer,Breast Invasive Ductal Carcinoma,Moderate,No,LumA,3.0,Positve,Positive,3,Neutral,Negative,Ductal/NST,Yes,Post,5,Left,3.0,6.0,2.124,IDC,232.7666667,Deceased,Negative,Yes,147.83,Recurred,Female,ER+/HER2- Low Prolif,62.0,3.0,Died of Other Causes
MB-4343,68,Mastectomy,Breast Cancer,Breast Mixed Ductal and Lobular Carcinoma,Moderate,No,Her2,3.0,Positve,Positive,3,Neutral,Negative,Mixed,No,Post,5,Left,0.0,14.0,4.05,MDLC,198.6,Deceased,Negative,No,195.99,Not Recurred,Female,ER+/HER2- Low Prolif,25.0,2.0,Died of Other Causes
MB-4348,61,Mastectomy,Breast Cancer,Breast Invasive Ductal Carcinoma,Moderate,No,Her2,3.0,Positve,Positive,3,Gain,Positive,Ductal/NST,Yes,Post,5,Right,4.0,9.0,6.08,IDC,226.2,Deceased,Negative,Yes,44.9,Recurred,Female,ER+/HER2- Low Prolif,40.0,2.0,Died of Disease
MB-4350,35,Breast Conserving,Breast Cancer,Breast Invasive Ductal Carcinoma,Moderate,Yes,Her2,3.0,Negative,Negative,3,Gain,Positive,Ductal/NST,No,Pre,5,Left,3.0,2.0,5.03,IDC,31.06666667,Deceased,Negative,Yes,17.89,Recurred,Female,ER+/HER2- Low Prolif,15.0,2.0,Died of Disease
MB-4351,70,Breast Conserving,Breast Cancer,Breast Invasive Ductal Carcinoma,Moderate,No,Her2,3.0,Positve,Negative,3,Neutral,Negative,Ductal/NST,No,Post,1,Right,0.0,9.0,4.04,IDC,68.13333333,Deceased,Negative,Yes,36.18,Recurred,Female,ER+/HER2- Low Prolif,20.0,1.0,Died of Disease
MB-4353,59,Mastectomy,Breast Cancer,Breast Invasive Ductal Carcinoma,Moderate,No,LumB,3.0,Positve,Positive,3,Neutral,Negative,Ductal/NST,Yes,Post,8,Right,1.0,6.0,5.06,IDC,128.5333333,Deceased,Positive,No,63.95,Recurred,Female,ER+/HER2- Low Prolif,30.0,2.0,Died of Disease
MB-4354,55,Mastectomy,Breast Cancer,Breast Invasive Ductal Carcinoma,Moderate,No,Her2,3.0,Positve,Negative,2,Neutral,Negative,Ductal/NST,Yes,Post,1,Left,2.0,2.0,4.07,IDC,15.36666667,Deceased,Negative,Yes,8.88,Recurred,Female,ER+/HER2- Low Prolif,35.0,2.0,Died of Disease
MB-4357,77,Mastectomy,Breast Cancer,Breast Invasive Ductal Carcinoma,Moderate,No,LumA,3.0,Positve,Positive,3,Neutral,Negative,Ductal/NST,Yes,Post,1,Right,2.0,17.0,5.04,IDC,114.0333333,Deceased,Negative,Yes,112.37,Recurred,Female,ER+/HER2- Low Prolif,20.0,2.0,Died of Disease
MB-4360,59,Breast Conserving,Breast Cancer,Breast Invasive Ductal Carcinoma,Moderate,Yes,Her2,3.0,Negative,Negative,3,Gain,Positive,Ductal/NST,No,Post,5,Left,0.0,9.0,4.016,IDC,11.86666667,Deceased,Negative,Yes,11.12,Recurred,Female,ER+/HER2- Low Prolif,8.0,3.0,Died of Disease
MB-4362,50,Breast Conserving,Breast Cancer,Breast Invasive Ductal Carcinoma,Low,No,Normal,3.0,Positve,Positive,3,Loss,Negative,Ductal/NST,No,Post,5,Right,0.0,11.0,4.04,IDC,267.2666667,Living,Positive,Yes,81.51,Recurred,Female,ER+/HER2- Low Prolif,20.0,1.0,Living
MB-4368,74,Mastectomy,Breast Cancer,Breast Invasive Ductal Carcinoma,High,No,LumA,3.0,Positve,Positive,2,Neutral,Negative,Ductal/NST,Yes,Post,8,Right,3.0,6.0,4.05,IDC,119.4666667,Deceased,Positive,Yes,117.6,Recurred,Female,ER+/HER2- Low Prolif,25.0,2.0,Died of Disease
MB-4374,77,Mastectomy,Breast Cancer,Breast Invasive Ductal Carcinoma,Moderate,No,LumA,3.0,Positve,Positive,3,Neutral,Negative,Ductal/NST,Yes,Post,7,Left,0.0,6.0,4.06,IDC,42.56666667,Deceased,Positive,Yes,42.01,Not Recurred,Female,ER+/HER2- Low Prolif,30.0,2.0,Died of Other Causes
MB-4375,40,Mastectomy,Breast Cancer,Breast Invasive Ductal Carcinoma,Moderate,No,Normal,3.0,Positve,Positive,2,Neutral,Negative,Ductal/NST,No,Pre,3,Left,0.0,5.0,3.032,IDC,291.1666667,Living,Positive,No,287.34,Not Recurred,Female,ER+/HER2- Low Prolif,16.0,1.0,Living
MB-4381,59,Mastectomy,Breast Cancer,Breast Invasive Ductal Carcinoma,High,No,Normal,3.0,Positve,Positive,1,Neutral,Negative,Ductal/NST,Yes,Post,7,Right,3.0,8.0,3.04,IDC,61.46666667,Deceased,Positive,Yes,39.93,Recurred,Female,ER+/HER2- Low Prolif,20.0,2.0,Died of Disease
MB-4390,68,Mastectomy,Breast Cancer,Breast Invasive Ductal Carcinoma,High,No,LumA,3.0,Positve,Positive,2,Neutral,Negative,Ductal/NST,Yes,Post,8,Left,4.0,6.0,5.06,IDC,164.3333333,Deceased,Positive,Yes,162.17,Not Recurred,Female,ER+/HER2- Low Prolif,30.0,2.0,Died of Other Causes
MB-4395,45,Mastectomy,Breast Cancer,Breast Invasive Ductal Carcinoma,High,No,Her2,3.0,Positve,Positive,3,Neutral,Negative,Ductal/NST,Yes,Pre,1,Right,0.0,4.0,4.06,IDC,139.6,Deceased,Positive,No,9.41,Recurred,Female,ER+/HER2- Low Prolif,30.0,2.0,Died of Disease
MB-4407,44,Mastectomy,Breast Cancer,Breast Invasive Ductal Carcinoma,Moderate,No,Basal,3.0,Negative,Negative,3,Neutral,Negative,Ductal/NST,No,Pre,10,Left,0.0,6.0,4.02,IDC,83.36666667,Deceased,Negative,Yes,48.55,Recurred,Female,ER+/HER2- Low Prolif,10.0,1.0,Died of Disease
MB-4408,71,Mastectomy,Breast Cancer,Breast Invasive Ductal Carcinoma,High,No,Basal,3.0,Negative,Negative,3,Neutral,Negative,Ductal/NST,No,Post,9,Left,0.0,9.0,4.04,IDC,206.5666667,Deceased,Negative,No,203.85,Not Recurred,Female,ER+/HER2- Low Prolif,20.0,1.0,Died of Other Causes
MB-4416,44,Breast Conserving,Breast Cancer,Breast Invasive Ductal Carcinoma,Moderate,Yes,claudin-low,3.0,Negative,Negative,3,Neutral,Negative,Ductal/NST,No,Pre,9,Right,3.0,4.0,5.05,IDC,241.6,Deceased,Negative,Yes,192.3,Recurred,Female,ER+/HER2- Low Prolif,25.0,2.0,Died of Disease
MB-4417,68,Mastectomy,Breast Cancer,Breast Invasive Ductal Carcinoma,Moderate,No,Basal,3.0,Negative,Negative,3,Neutral,Negative,Ductal/NST,No,Post,10,Left,0.0,8.0,4.064,IDC,16.7,Deceased,Negative,No,8.32,Recurred,Female,ER+/HER2- Low Prolif,32.0,2.0,Died of Other Causes
MB-4418,56,Breast Conserving,Breast Cancer,Breast Invasive Ductal Carcinoma,High,No,LumA,3.0,Positve,Positive,2,Neutral,Negative,Ductal/NST,No,Post,8,Left,0.0,13.0,3.04,IDC,307.6333333,Living,Positive,Yes,303.59,Not Recurred,Female,ER+/HER2- Low Prolif,20.0,1.0,Living
MB-4421,69,Mastectomy,Breast Cancer,Breast Invasive Ductal Carcinoma,High,No,LumA,3.0,Positve,Positive,2,Gain,Negative,Ductal/NST,No,Post,7,Left,0.0,10.0,3.02,IDC,264.7666667,Deceased,Positive,Yes,261.28,Not Recurred,Female,ER+/HER2- High Prolif,10.0,1.0,Died of Other Causes
MB-4426,70,Mastectomy,Breast Cancer,Breast Invasive Ductal Carcinoma,Moderate,No,Basal,3.0,Positve,Positive,3,Neutral,Negative,Ductal/NST,Yes,Post,7,Left,1.0,9.0,5.09,IDC,170.9,Deceased,Positive,Yes,168.65,Not Recurred,Female,ER+/HER2- High Prolif,45.0,2.0,Died of Other Causes
MB-4434,74,Mastectomy,Breast Cancer,Breast Invasive Ductal Carcinoma,Moderate,No,Her2,3.0,Positve,Positive,3,Neutral,Negative,Ductal/NST,Yes,Post,9,Right,1.0,1.0,5.05,IDC,148.1,Deceased,Negative,Yes,142.96,Recurred,Female,ER+/HER2- High Prolif,25.0,2.0,Died of Disease
MB-4442,47,Mastectomy,Breast Cancer,Breast Invasive Ductal Carcinoma,High,No,LumA,3.0,Positve,Positive,2,Neutral,Negative,Ductal/NST,No,Pre,8,Right,0.0,4.0,3.03,IDC,296.8666667,Living,Positive,No,292.96,Not Recurred,Female,ER+/HER2- High Prolif,15.0,1.0,Living
MB-4484,66,Mastectomy,Breast Cancer,Breast Mixed Ductal and Lobular Carcinoma,High,No,Normal,3.0,Positve,Positive,3,Neutral,Negative,Mixed,Yes,Post,3,Left,0.0,7.0,4.11,MDLC,52.3,Deceased,Positive,Yes,34.05,Recurred,Female,ER+/HER2- High Prolif,55.0,1.0,Died of Disease
MB-4529,61,Breast Conserving,Breast Cancer,Breast Invasive Ductal Carcinoma,Low,No,LumA,3.0,Positve,Positive,1,Neutral,Negative,Ductal/NST,Yes,Post,3,Left,0.0,6.0,2.03,IDC,126.4666667,Deceased,Negative,Yes,124.8,Not Recurred,Female,ER+/HER2- Low Prolif,15.0,1.0,Died of Other Causes
MB-4548,50,Breast Conserving,Breast Cancer,Breast Invasive Ductal Carcinoma,Moderate,Yes,Her2,3.0,Negative,Negative,3,Gain,Positive,Medullary,No,Post,3,Left,1.0,2.0,5.002,IDC,322.8333333,Living,Negative,Yes,318.59,Not Recurred,Female,ER+/HER2- Low Prolif,1.0,2.0,Living
MB-4557,51,Breast Conserving,Breast Cancer,Breast Mixed Ductal and Lobular Carcinoma,High,No,LumA,3.0,Positve,Positive,1,Neutral,Negative,Mixed,Yes,Post,8,Left,0.0,7.0,2.06,MDLC,279.8,Living,Positive,Yes,203.85,Recurred,Female,ER+/HER2- Low Prolif,30.0,2.0,Living
MB-4564,74,Mastectomy,Breast Cancer,Breast Invasive Ductal Carcinoma,High,No,LumA,3.0,Positve,Positive,3,Neutral,Negative,Ductal/NST,Yes,Post,7,Right,7.0,5.0,6.036,IDC,210.4333333,Deceased,Positive,Yes,207.66,Not Recurred,Female,ER+/HER2- Low Prolif,18.0,2.0,Died of Other Causes
MB-4578,72,Breast Conserving,Breast Cancer,Breast Invasive Ductal Carcinoma,High,No,LumA,3.0,Positve,Positive,2,Neutral,Negative,Ductal/NST,Yes,Post,7,Left,1.0,6.0,4.09,IDC,197.3333333,Deceased,Positive,Yes,194.74,Not Recurred,Female,ER+/HER2- Low Prolif,45.0,2.0,Died of Other Causes
MB-4591,71,Breast Conserving,Breast Cancer,Breast Invasive Ductal Carcinoma,High,No,LumB,3.0,Positve,Positive,3,Neutral,Negative,Ductal/NST,No,Post,9,Right,0.0,5.0,4.05,IDC,41.16666667,Deceased,Positive,Yes,40.63,Not Recurred,Female,ER+/HER2- Low Prolif,25.0,2.0,Died of Other Causes
MB-4593,48,Breast Conserving,Breast Cancer,Breast Invasive Ductal Carcinoma,Moderate,No,LumA,3.0,Positve,Positive,2,Neutral,Negative,Ductal/NST,No,Pre,8,Right,0.0,3.0,3.03,IDC,140.2333333,Living,Positive,Yes,138.39,Not Recurred,Female,ER+/HER2- Low Prolif,15.0,1.0,Living
MB-4598,67,Breast Conserving,Breast Cancer,Breast Invasive Ductal Carcinoma,Moderate,No,LumB,3.0,Positve,Positive,2,Neutral,Negative,Ductal/NST,Yes,Post,8,Right,6.0,3.0,5.05,IDC,119.3666667,Deceased,Positive,Yes,62.53,Recurred,Female,ER+/HER2- Low Prolif,25.0,2.0,Died of Disease
MB-4599,63,Mastectomy,Breast Cancer,Breast Invasive Ductal Carcinoma,High,No,LumA,3.0,Positve,Positive,3,Neutral,Negative,Ductal/NST,Yes,Post,8,Right,3.0,8.0,5.08,IDC,191.1666667,Living,Positive,Yes,188.65,Not Recurred,Female,ER+/HER2- Low Prolif,40.0,2.0,Living
MB-4601,39,Mastectomy,Breast Cancer,Breast Invasive Ductal Carcinoma,Low,Yes,Basal,3.0,Negative,Negative,3,Gain,Positive,Ductal/NST,No,Pre,5,Right,2.0,8.0,5.06,IDC,56.26666667,Deceased,Negative,No,44.67,Recurred,Female,ER+/HER2- Low Prolif,30.0,2.0,Died of Disease
MB-4602,58,Breast Conserving,Breast Cancer,Breast Invasive Ductal Carcinoma,Moderate,No,LumB,3.0,Positve,Positive,3,Neutral,Negative,Ductal/NST,Yes,Post,1,Right,2.0,7.0,5.04,IDC,122.8,Deceased,Positive,Yes,54.01,Recurred,Female,ER+/HER2- Low Prolif,20.0,2.0,Died of Disease
MB-4603,42,Breast Conserving,Breast Cancer,Breast Invasive Ductal Carcinoma,Moderate,No,Normal,3.0,Positve,Positive,2,Neutral,Negative,Ductal/NST,No,Pre,8,Left,0.0,10.0,3.03,IDC,239.2333333,Living,Positive,Yes,236.09,Not Recurred,Female,ER+/HER2- Low Prolif,15.0,1.0,Living
MB-4607,55,Breast Conserving,Breast Cancer,Breast Invasive Ductal Carcinoma,Moderate,No,LumA,3.0,Positve,Positive,2,Neutral,Negative,Ductal/NST,No,Post,8,Left,0.0,9.0,3.03,IDC,121.7333333,Living,Negative,Yes,120.13,Not Recurred,Female,ER+/HER2- Low Prolif,15.0,1.0,Living
MB-4616,71,Breast Conserving,Breast Cancer,Breast Invasive Ductal Carcinoma,High,No,LumA,3.0,Positve,Positive,2,Neutral,Negative,Ductal/NST,No,Post,8,Left,0.0,5.0,3.04,IDC,90.13333333,Deceased,Positive,Yes,81.71,Recurred,Female,ER+/HER2- Low Prolif,20.0,1.0,Died of Disease
MB-4618,40,Breast Conserving,Breast Cancer,Breast Mixed Ductal and Lobular Carcinoma,High,No,LumB,3.0,Positve,Positive,2,Gain,Negative,Mixed,No,Pre,1,Right,0.0,4.0,3.024,MDLC,267.4,Living,Positive,Yes,263.88,Not Recurred,Female,ER+/HER2- High Prolif,12.0,1.0,Living
MB-4621,39,Mastectomy,Breast Cancer,Breast Invasive Ductal Carcinoma,Low,Yes,Basal,3.0,Negative,Negative,3,Neutral,Negative,Ductal/NST,No,Pre,10,Right,6.0,5.0,6.106,IDC,271.8666667,Living,Negative,No,68.42,Recurred,Female,ER+/HER2- High Prolif,53.0,3.0,Living
MB-4622,40,Mastectomy,Breast Cancer,Breast Invasive Ductal Carcinoma,High,Yes,claudin-low,3.0,Negative,Negative,3,Neutral,Negative,Ductal/NST,No,Pre,10,Right,2.0,4.0,5.1,IDC,282.8333333,Deceased,Negative,Yes,279.11,Not Recurred,Female,ER+/HER2- High Prolif,50.0,2.0,Died of Other Causes
MB-4623,61,Breast Conserving,Breast Cancer,Breast Mixed Ductal and Lobular Carcinoma,High,No,LumA,3.0,Positve,Positive,2,Neutral,Negative,Mixed,Yes,Post,3,Left,4.0,5.0,5.02,MDLC,292.0333333,Deceased,Negative,Yes,288.19,Not Recurred,Female,ER+/HER2- High Prolif,10.0,2.0,Died of Other Causes
MB-4626,64,Breast Conserving,Breast Cancer,Breast Invasive Ductal Carcinoma,High,No,Her2,3.0,Positve,Positive,3,Gain,Positive,Ductal/NST,No,Post,1,Left,0.0,5.0,4.03,IDC,143.0,Deceased,Negative,Yes,95.13,Recurred,Female,ER+/HER2- High Prolif,15.0,1.0,Died of Disease
MB-4627,55,Mastectomy,Breast Cancer,Breast Mixed Ductal and Lobular Carcinoma,Moderate,No,LumA,3.0,Positve,Positive,3,Neutral,Negative,Mixed,Yes,Post,3,Left,9.0,8.0,6.04,MDLC,186.6333333,Deceased,Positive,Yes,184.18,Not Recurred,Female,ER+/HER2- High Prolif,20.0,2.0,Died of Other Causes
MB-4630,67,Mastectomy,Breast Cancer,Breast Invasive Ductal Carcinoma,Moderate,No,LumB,3.0,Positve,Positive,3,Gain,Negative,Ductal/NST,No,Post,8,Right,0.0,7.0,3.07,IDC,95.83333333,Deceased,Positive,No,33.45,Recurred,Female,ER+/HER2- High Prolif,35.0,2.0,Died of Other Causes
MB-4633,67,Breast Conserving,Breast Cancer,Breast Mixed Ductal and Lobular Carcinoma,Moderate,No,LumA,3.0,Positve,Positive,3,Neutral,Negative,Mixed,Yes,Post,8,Right,2.0,4.0,5.05,MDLC,318.2,Living,Positive,Yes,298.88,Recurred,Female,ER+/HER2- Low Prolif,25.0,2.0,Living
MB-4634,66,Mastectomy,Breast Cancer,Breast Mixed Ductal and Lobular Carcinoma,Moderate,No,LumA,3.0,Positve,Positive,3,Neutral,Negative,Mixed,Yes,Post,3,Left,2.0,6.0,5.03,MDLC,109.6,Deceased,Positive,Yes,74.64,Recurred,Female,ER+/HER2- High Prolif,15.0,2.0,Died of Disease
MB-4639,71,Breast Conserving,Breast Cancer,Breast Invasive Ductal Carcinoma,High,No,LumB,3.0,Positve,Positive,3,Loss,Negative,Ductal/NST,No,Post,9,Left,0.0,3.0,4.06,IDC,119.0,Deceased,Positive,Yes,115.03,Recurred,Female,ER+/HER2- High Prolif,30.0,2.0,Died of Disease
MB-4640,61,Breast Conserving,Breast Cancer,Breast Invasive Ductal Carcinoma,Moderate,No,Her2,3.0,Negative,Negative,3,Gain,Negative,Ductal/NST,No,Post,7,Right,0.0,6.0,4.05,IDC,200.6,Living,Negative,Yes,197.96,Not Recurred,Female,ER+/HER2- High Prolif,25.0,2.0,Living
MB-4641,64,Mastectomy,Breast Cancer,Breast Invasive Ductal Carcinoma,Moderate,No,LumA,3.0,Positve,Positive,3,Neutral,Negative,Ductal/NST,Yes,Post,3,Left,2.0,6.0,5.03,IDC,148.5666667,Deceased,Positive,Yes,43.72,Recurred,Female,ER+/HER2- Low Prolif,15.0,2.0,Died of Other Causes
MB-4642,66,Breast Conserving,Breast Cancer,Breast Invasive Ductal Carcinoma,High,No,LumB,3.0,Positve,Positive,3,Neutral,Negative,Ductal/NST,Yes,Post,6,Left,1.0,6.0,5.07,IDC,285.7,Deceased,Positive,Yes,281.94,Recurred,Female,ER+/HER2- High Prolif,35.0,2.0,Died of Disease
MB-4643,78,Mastectomy,Breast Cancer,Breast Invasive Ductal Carcinoma,Low,No,Her2,3.0,Negative,Negative,3,Gain,Positive,Ductal/NST,No,Post,5,Left,0.0,6.0,4.03,IDC,41.46666667,Deceased,Negative,No,24.74,Recurred,Female,ER+/HER2- High Prolif,15.0,1.0,Died of Disease
MB-4644,59,Mastectomy,Breast Cancer,Breast Invasive Ductal Carcinoma,High,No,LumB,3.0,Positve,Positive,2,Gain,Positive,Ductal/NST,Yes,Post,5,Left,1.0,5.0,4.046,IDC,90.0,Deceased,Negative,No,74.44,Recurred,Female,ER+/HER2- High Prolif,23.0,1.0,Died of Disease
MB-4648,75,Mastectomy,Breast Cancer,Breast Invasive Ductal Carcinoma,High,No,LumB,3.0,Positve,Positive,3,Gain,Negative,Ductal/NST,No,Post,1,Left,0.0,1.0,4.04,IDC,168.5333333,Deceased,Positive,No,166.32,Not Recurred,Female,ER+/HER2- High Prolif,20.0,1.0,Died of Other Causes
MB-4649,61,Breast Conserving,Breast Cancer,Breast Invasive Ductal Carcinoma,High,No,LumB,3.0,Positve,Positive,2,Neutral,Negative,Ductal/NST,No,Post,3,Right,0.0,15.0,3.05,IDC,16.83333333,Deceased,Negative,Yes,16.61,Not Recurred,Female,ER+/HER2- High Prolif,25.0,2.0,Died of Other Causes
MB-4651,69,Breast Conserving,Breast Cancer,Breast Invasive Ductal Carcinoma,High,No,LumB,3.0,Positve,Positive,2,Neutral,Negative,Ductal/NST,No,Post,6,Left,0.0,4.0,3.07,IDC,30.3,Deceased,Negative,Yes,17.86,Recurred,Female,ER+/HER2- High Prolif,35.0,2.0,Died of Disease
MB-4653,44,Mastectomy,Breast Cancer,Breast Invasive Ductal Carcinoma,Low,No,Normal,3.0,Positve,Positive,3,Gain,Negative,Ductal/NST,No,Pre,3,Left,0.0,7.0,4.062,IDC,48.13333333,Deceased,Positive,No,20.0,Recurred,Female,ER+/HER2- Low Prolif,31.0,2.0,Died of Disease
MB-4654,80,Breast Conserving,Breast Cancer,Breast Invasive Ductal Carcinoma,High,No,LumB,3.0,Positve,Positive,3,Neutral,Negative,Ductal/NST,Yes,Post,8,Right,0.0,8.0,4.04,IDC,64.3,Deceased,Positive,Yes,63.45,Not Recurred,Female,ER+/HER2- High Prolif,20.0,1.0,Died of Other Causes
MB-4655,64,Mastectomy,Breast Cancer,Breast Invasive Ductal Carcinoma,Moderate,No,LumA,3.0,Positve,Positive,3,Neutral,Negative,Ductal/NST,Yes,Post,3,Right,1.0,6.0,5.032,IDC,99.0,Deceased,Positive,No,97.7,Not Recurred,Female,ER+/HER2- High Prolif,16.0,2.0,Died of Other Causes
MB-4660,37,Breast Conserving,Breast Cancer,Breast Invasive Ductal Carcinoma,High,Yes,Basal,3.0,Negative,Negative,3,Neutral,Negative,Ductal/NST,No,Pre,9,Right,14.0,9.0,6.056,IDC,39.86666667,Deceased,Negative,Yes,19.47,Recurred,Female,ER+/HER2- High Prolif,28.0,2.0,Died of Disease
MB-4661,81,Mastectomy,Breast Cancer,Breast Invasive Ductal Carcinoma,Moderate,No,LumA,3.0,Positve,Positive,2,Neutral,Negative,Ductal/NST,No,Post,7,Right,0.0,9.0,3.05,IDC,234.2333333,Living,Positive,No,231.15,Not Recurred,Female,ER+/HER2- Low Prolif,25.0,2.0,Living
MB-4663,61,Mastectomy,Breast Cancer,Breast Invasive Ductal Carcinoma,Moderate,No,Basal,3.0,Negative,Negative,3,Gain,Positive,Ductal/NST,No,Post,10,Left,0.0,5.0,4.08,IDC,239.3333333,Living,Negative,Yes,236.18,Not Recurred,Female,ER+/HER2- Low Prolif,40.0,2.0,Living
MB-4665,54,Mastectomy,Breast Cancer,Breast Invasive Ductal Carcinoma,High,No,LumA,3.0,Positve,Positive,3,Neutral,Negative,Ductal/NST,No,Post,10,Right,0.0,3.0,4.036,IDC,260.2,Living,Positive,No,256.78,Not Recurred,Female,ER+/HER2- Low Prolif,18.0,1.0,Living
MB-4666,57,Mastectomy,Breast Cancer,Breast Invasive Ductal Carcinoma,Moderate,No,LumA,3.0,Positve,Positive,3,Loss,Negative,Ductal/NST,Yes,Post,7,Right,9.0,5.0,6.03,IDC,111.5666667,Deceased,Negative,No,78.88,Recurred,Female,ER+/HER2- High Prolif,15.0,2.0,Died of Disease
MB-4667,65,Breast Conserving,Breast Cancer,Breast Invasive Lobular Carcinoma,High,No,Her2,3.0,Negative,Negative,3,Neutral,Negative,Lobular,No,Post,7,Left,0.0,40.0,4.04,ILC,295.3333333,Deceased,Negative,Yes,291.45,Not Recurred,Female,ER+/HER2- High Prolif,20.0,1.0,Died of Other Causes
MB-4669,68,Breast Conserving,Breast Cancer,Breast Invasive Ductal Carcinoma,Low,No,LumB,3.0,Positve,Positive,3,Loss,Negative,Ductal/NST,Yes,Post,6,Right,0.0,6.0,4.04,IDC,119.4666667,Deceased,Negative,Yes,117.89,Not Recurred,Female,ER+/HER2- High Prolif,20.0,1.0,Died of Other Causes
MB-4670,61,Mastectomy,Breast Cancer,Breast Invasive Ductal Carcinoma,Moderate,No,LumA,3.0,Positve,Positive,2,Neutral,Negative,Ductal/NST,No,Post,7,Right,0.0,7.0,3.04,IDC,67.8,Deceased,Positive,No,42.83,Recurred,Female,ER+/HER2- Low Prolif,20.0,1.0,Died of Disease
MB-4671,72,Breast Conserving,Breast Cancer,Breast Invasive Ductal Carcinoma,High,No,LumB,3.0,Positve,Positive,3,Neutral,Negative,Ductal/NST,No,Post,2,Left,0.0,2.0,4.06,IDC,34.7,Deceased,Positive,Yes,8.52,Recurred,Female,ER+/HER2- High Prolif,30.0,2.0,Died of Disease
MB-4672,58,Mastectomy,Breast Cancer,Breast Invasive Ductal Carcinoma,Moderate,No,LumA,3.0,Positve,Positive,3,Gain,Negative,Ductal/NST,No,Post,7,Left,0.0,7.0,4.05,IDC,220.9333333,Deceased,Positive,No,70.2,Recurred,Female,ER+/HER2- High Prolif,25.0,2.0,Died of Other Causes
MB-4673,63,Mastectomy,Breast Cancer,Breast Invasive Ductal Carcinoma,Moderate,No,LumB,3.0,Positve,Positive,2,Gain,Negative,Ductal/NST,Yes,Post,9,Right,2.0,1.0,4.04,IDC,87.0,Deceased,Negative,No,53.42,Recurred,Female,ER+/HER2- High Prolif,20.0,3.0,Died of Disease
MB-4674,75,Mastectomy,Breast Cancer,Breast Invasive Ductal Carcinoma,High,No,LumA,3.0,Positve,Positive,2,Loss,Negative,Ductal/NST,Yes,Post,7,Right,3.0,9.0,4.08,IDC,81.06666667,Deceased,Positive,No,64.97,Recurred,Female,ER+/HER2- Low Prolif,40.0,2.0,Died of Disease
MB-4675,59,Breast Conserving,Breast Cancer,Breast Invasive Ductal Carcinoma,Moderate,No,LumA,3.0,Positve,Positive,3,Neutral,Negative,Ductal/NST,No,Post,8,Left,0.0,7.0,4.036,IDC,263.0333333,Living,Positive,Yes,259.57,Not Recurred,Female,ER+/HER2- Low Prolif,18.0,1.0,Living
MB-4679,64,Mastectomy,Breast Cancer,Breast Invasive Ductal Carcinoma,Low,No,Basal,3.0,Negative,Negative,3,Neutral,Negative,Ductal/NST,No,Post,10,Left,0.0,4.0,4.03,IDC,292.6666667,Deceased,Negative,No,288.82,Not Recurred,Female,ER+/HER2- Low Prolif,15.0,1.0,Died of Other Causes
MB-4681,60,Mastectomy,Breast Cancer,Breast Invasive Ductal Carcinoma,Moderate,No,LumA,3.0,Positve,Positive,3,Loss,Negative,Ductal/NST,No,Post,3,Left,0.0,8.0,1.034,IDC,251.8,Deceased,Negative,No,140.16,Recurred,Female,ER+/HER2- Low Prolif,17.0,1.0,Died of Disease
MB-4682,65,Mastectomy,Breast Cancer,Breast Invasive Ductal Carcinoma,Moderate,No,LumA,3.0,Positve,Positive,3,Neutral,Negative,Ductal/NST,No,Post,9,Left,0.0,2.0,4.04,IDC,139.5333333,Deceased,Positive,No,135.82,Recurred,Female,ER+/HER2- High Prolif,20.0,1.0,Died of Disease
MB-4685,73,Mastectomy,Breast Cancer,Breast Invasive Ductal Carcinoma,High,No,LumB,3.0,Positve,Positive,3,Neutral,Negative,Ductal/NST,Yes,Post,6,Right,8.0,2.0,6.1,IDC,43.3,Deceased,Negative,Yes,42.73,Not Recurred,Female,ER+/HER2- High Prolif,50.0,2.0,Died of Other Causes
MB-4686,53,Mastectomy,Breast Cancer,Breast Invasive Ductal Carcinoma,Moderate,No,LumA,3.0,Positve,Positive,3,Neutral,Negative,Ductal/NST,Yes,Post,3,Left,3.0,2.0,5.07,IDC,48.43333333,Deceased,Negative,Yes,42.24,Recurred,Female,ER+/HER2- Low Prolif,35.0,2.0,Died of Disease
MB-4687,81,Mastectomy,Breast Cancer,Breast Invasive Ductal Carcinoma,Moderate,No,LumA,3.0,Positve,Positive,3,Neutral,Negative,Ductal/NST,Yes,Post,3,Right,1.0,4.0,5.04,IDC,74.1,Deceased,Negative,No,73.13,Not Recurred,Female,ER+/HER2- High Prolif,20.0,2.0,Died of Other Causes
MB-4688,71,Mastectomy,Breast Cancer,Breast Invasive Ductal Carcinoma,High,No,LumB,3.0,Positve,Positive,2,Gain,Positive,Ductal/NST,Yes,Post,5,Left,9.0,7.0,5.09,IDC,85.3,Deceased,Positive,Yes,36.97,Recurred,Female,ER+/HER2- High Prolif,45.0,3.0,Died of Disease
MB-4691,49,Mastectomy,Breast Cancer,Breast Invasive Ductal Carcinoma,Moderate,No,LumA,3.0,Positve,Positive,3,Neutral,Negative,Ductal/NST,No,Pre,7,Left,0.0,16.0,4.02,IDC,282.5666667,Deceased,Negative,No,273.29,Recurred,Female,ER+/HER2- Low Prolif,10.0,1.0,Died of Disease
MB-4692,58,Mastectomy,Breast Cancer,Breast Invasive Ductal Carcinoma,High,No,LumA,3.0,Positve,Positive,1,Neutral,Negative,Ductal/NST,No,Post,8,Left,0.0,6.0,2.05,IDC,107.2666667,Deceased,Positive,No,105.86,Not Recurred,Female,ER+/HER2- Low Prolif,25.0,1.0,Died of Other Causes
MB-4694,76,Breast Conserving,Breast Cancer,Breast Invasive Ductal Carcinoma,High,No,Basal,3.0,Positve,Positive,3,Neutral,Negative,Ductal/NST,No,Post,10,Right,0.0,5.0,4.04,IDC,198.3,Living,Negative,Yes,195.69,Not Recurred,Female,ER+/HER2- Low Prolif,20.0,1.0,Living
MB-4695,61,Mastectomy,Breast Cancer,Breast Invasive Lobular Carcinoma,Low,No,Normal,3.0,Positve,Positive,2,Neutral,Negative,Lobular,Yes,Post,10,Left,2.0,6.0,4.1,ILC,21.3,Deceased,Negative,No,21.02,Not Recurred,Female,ER+/HER2- Low Prolif,50.0,2.0,Died of Other Causes
MB-4696,49,Mastectomy,Breast Cancer,Breast Invasive Ductal Carcinoma,Low,No,claudin-low,3.0,Negative,Negative,3,Loss,Negative,Ductal/NST,No,Pre,10,Left,0.0,8.0,4.09,IDC,255.2666667,Living,Negative,No,251.91,Not Recurred,Female,ER+/HER2- Low Prolif,45.0,2.0,Living
MB-4697,79,Mastectomy,Breast Cancer,Breast Invasive Lobular Carcinoma,High,No,Normal,3.0,Positve,Positive,3,Neutral,Negative,Lobular,No,Post,3,Left,0.0,12.0,1.06,ILC,118.0,Deceased,Negative,No,116.45,Not Recurred,Female,ER+/HER2- Low Prolif,30.0,2.0,Died of Other Causes
MB-4698,59,Mastectomy,Breast Cancer,Breast Invasive Lobular Carcinoma,High,No,LumA,3.0,Positve,Positive,3,Neutral,Negative,Lobular,Yes,Post,3,Left,1.0,6.0,5.04,ILC,170.6666667,Deceased,Positive,No,127.47,Recurred,Female,ER+/HER2- Low Prolif,20.0,2.0,Died of Disease
MB-4701,47,Breast Conserving,Breast Cancer,Breast Invasive Ductal Carcinoma,High,No,LumA,3.0,Positve,Positive,3,Neutral,Negative,Ductal/NST,No,Pre,8,Left,0.0,8.0,4.05,IDC,127.5333333,Living,Positive,Yes,125.86,Not Recurred,Female,ER+/HER2- Low Prolif,25.0,2.0,Living
MB-4702,52,Mastectomy,Breast Cancer,Breast Invasive Ductal Carcinoma,High,No,LumB,3.0,Positve,Positive,3,Neutral,Negative,Ductal/NST,Yes,Post,9,Right,0.0,6.0,4.07,IDC,300.8666667,Living,Negative,No,296.91,Not Recurred,Female,ER+/HER2- High Prolif,35.0,2.0,Living
MB-4704,67,Mastectomy,Breast Cancer,Breast Mixed Ductal and Lobular Carcinoma,Moderate,No,LumA,3.0,Positve,Positive,3,Gain,Negative,Mixed,No,Post,9,Right,0.0,3.0,4.098,MDLC,64.0,Deceased,Negative,No,63.16,Recurred,Female,ER+/HER2- Low Prolif,49.0,2.0,Died of Disease
MB-4705,63,Mastectomy,Breast Cancer,Breast Invasive Ductal Carcinoma,Low,No,LumA,3.0,Positve,Positive,2,Neutral,Negative,Ductal/NST,No,Post,3,Left,0.0,4.0,3.054,IDC,213.1,Deceased,Positive,No,102.66,Recurred,Female,ER+/HER2- Low Prolif,27.0,2.0,Died of Other Causes
MB-4706,75,Breast Conserving,Breast Cancer,Breast Invasive Ductal Carcinoma,High,No,LumA,3.0,Positve,Positive,3,Neutral,Negative,Ductal/NST,No,Post,3,Left,0.0,3.0,4.03,IDC,55.66666667,Deceased,Positive,Yes,54.93,Not Recurred,Female,ER+/HER2- Low Prolif,15.0,1.0,Died of Other Causes
MB-4707,59,Breast Conserving,Breast Cancer,Breast Invasive Ductal Carcinoma,Moderate,No,Basal,3.0,Negative,Negative,3,Neutral,Negative,Ductal/NST,No,Post,10,Right,0.0,12.0,4.054,IDC,221.2,Living,Negative,Yes,218.29,Not Recurred,Female,ER+/HER2- Low Prolif,27.0,2.0,Living
MB-4708,63,Mastectomy,Breast Cancer,Breast Invasive Lobular Carcinoma,Moderate,No,LumA,3.0,Positve,Positive,3,Neutral,Negative,Lobular,No,Post,3,Right,0.0,11.0,4.036,ILC,227.9,Deceased,Negative,No,18.45,Recurred,Female,ER+/HER2- Low Prolif,18.0,1.0,Died of Other Causes
MB-4709,49,Breast Conserving,Breast Cancer,Breast Invasive Ductal Carcinoma,Moderate,No,LumA,3.0,Positve,Positive,2,Neutral,Negative,Ductal/NST,No,Pre,8,Left,0.0,4.0,3.04,IDC,146.7666667,Living,Positive,Yes,144.84,Not Recurred,Female,ER+/HER2- Low Prolif,20.0,1.0,Living
MB-4710,77,Mastectomy,Breast Cancer,Breast Invasive Ductal Carcinoma,Moderate,No,LumA,3.0,Positve,Positive,3,Neutral,Negative,Ductal/NST,Yes,Post,3,Left,0.0,12.0,4.038,IDC,57.66666667,Living,Positive,No,56.91,Not Recurred,Female,ER+/HER2- Low Prolif,19.0,1.0,Living
MB-4711,56,Mastectomy,Breast Cancer,Breast Invasive Ductal Carcinoma,Low,Yes,claudin-low,3.0,Negative,Negative,3,Gain,Positive,Ductal/NST,No,Post,5,Left,11.0,4.0,6.198,IDC,31.46666667,Deceased,Negative,Yes,13.55,Recurred,Female,ER+/HER2- Low Prolif,99.0,3.0,Died of Disease
MB-4712,46,Mastectomy,Breast Cancer,Breast Invasive Ductal Carcinoma,High,No,Normal,3.0,Negative,Positive,3,Neutral,Negative,Ductal/NST,No,Pre,9,Right,0.0,4.0,4.1,IDC,249.5333333,Deceased,Negative,No,246.25,Not Recurred,Female,ER+/HER2- High Prolif,50.0,2.0,Died of Other Causes
MB-4714,64,Mastectomy,Breast Cancer,Breast Invasive Ductal Carcinoma,High,Yes,Basal,3.0,Negative,Negative,3,Neutral,Negative,Medullary,Yes,Post,10,Right,11.0,7.0,6.002,IDC,83.66666667,Deceased,Negative,Yes,82.57,Not Recurred,Female,ER+/HER2- High Prolif,1.0,2.0,Died of Other Causes
MB-4715,67,Mastectomy,Breast Cancer,Breast Invasive Ductal Carcinoma,High,Yes,Basal,3.0,Negative,Negative,3,Neutral,Negative,Ductal/NST,No,Post,8,Right,1.0,7.0,5.09,IDC,35.23333333,Deceased,Negative,No,23.52,Recurred,Female,ER+/HER2- High Prolif,45.0,2.0,Died of Disease
MB-4716,52,Breast Conserving,Breast Cancer,Breast Invasive Lobular Carcinoma,High,No,LumA,3.0,Positve,Positive,3,Neutral,Negative,Lobular,No,Post,3,Left,0.0,7.0,4.056,ILC,76.13333333,Deceased,Positive,Yes,22.34,Recurred,Female,ER+/HER2- Low Prolif,28.0,2.0,Died of Disease
MB-4717,43,Mastectomy,Breast Cancer,Breast Invasive Ductal Carcinoma,High,No,Basal,3.0,Negative,Negative,3,Loss,Negative,Ductal/NST,No,Pre,10,Right,0.0,3.0,4.05,IDC,42.9,Deceased,Negative,No,26.02,Recurred,Female,ER+/HER2- Low Prolif,25.0,2.0,Died of Disease
MB-4718,44,Mastectomy,Breast Cancer,Breast Invasive Lobular Carcinoma,Moderate,No,Normal,3.0,Positve,Positive,1,Neutral,Negative,Lobular,Yes,Pre,10,Right,0.0,4.0,2.198,ILC,198.3333333,Deceased,Positive,Yes,49.21,Recurred,Female,ER+/HER2- Low Prolif,99.0,2.0,Died of Disease
MB-4719,67,Mastectomy,Breast Cancer,Breast Invasive Ductal Carcinoma,High,No,LumA,3.0,Positve,Positive,2,Neutral,Negative,Ductal/NST,Yes,Post,8,Right,4.0,9.0,5.044,IDC,81.56666667,Deceased,Positive,No,80.49,Not Recurred,Female,ER+/HER2- Low Prolif,22.0,2.0,Died of Other Causes
MB-4721,66,Mastectomy,Breast Cancer,Breast Invasive Lobular Carcinoma,Moderate,No,LumA,3.0,Positve,Positive,1,Neutral,Negative,Lobular,Yes,Post,8,Left,5.0,7.0,4.12,ILC,23.73333333,Deceased,Negative,Yes,20.26,Recurred,Female,ER+/HER2- Low Prolif,60.0,3.0,Died of Disease
MB-4722,64,Mastectomy,Breast Cancer,Breast Invasive Ductal Carcinoma,High,No,LumA,3.0,Positve,Positive,1,Neutral,Negative,Ductal/NST,No,Post,8,Left,0.0,6.0,3.05,IDC,86.1,Living,Positive,No,84.97,Not Recurred,Female,ER+/HER2- Low Prolif,25.0,2.0,Living
MB-4723,64,Mastectomy,Breast Cancer,Breast Invasive Ductal Carcinoma,Moderate,No,LumB,3.0,Positve,Positive,3,Gain,Negative,Ductal/NST,No,Post,1,Left,0.0,4.0,4.03,IDC,211.9666667,Living,Negative,Yes,209.18,Not Recurred,Female,ER+/HER2- High Prolif,15.0,1.0,Living
MB-4724,60,Breast Conserving,Breast Cancer,Breast Invasive Ductal Carcinoma,High,No,Her2,3.0,Negative,Negative,3,Gain,Positive,Ductal/NST,No,Post,1,Left,0.0,6.0,4.04,IDC,146.0666667,Living,Negative,Yes,144.14,Not Recurred,Female,ER+/HER2- High Prolif,20.0,1.0,Living
MB-4725,65,Mastectomy,Breast Cancer,Breast Invasive Ductal Carcinoma,Moderate,No,Her2,3.0,Positve,Positive,3,Gain,Positive,Ductal/NST,Yes,Post,5,Left,1.0,7.0,5.052,IDC,98.76666667,Deceased,Positive,No,73.06,Recurred,Female,ER+/HER2- High Prolif,26.0,2.0,Died of Disease
MB-4729,75,Breast Conserving,Breast Cancer,Breast Invasive Ductal Carcinoma,Moderate,No,LumA,3.0,Positve,Positive,3,Gain,Positive,Ductal/NST,Yes,Post,5,Right,1.0,6.0,5.05,IDC,28.0,Deceased,Negative,Yes,27.63,Not Recurred,Female,ER+/HER2- High Prolif,25.0,2.0,Died of Other Causes
MB-4730,51,Mastectomy,Breast Cancer,Breast Mixed Ductal and Lobular Carcinoma,High,No,LumA,3.0,Positve,Positive,3,Neutral,Negative,Mixed,No,Post,8,Right,0.0,10.0,4.136,MDLC,131.3,Deceased,Positive,No,129.57,Not Recurred,Female,ER+/HER2- Low Prolif,68.0,2.0,Died of Other Causes
MB-4731,49,Mastectomy,Breast Cancer,Breast Invasive Ductal Carcinoma,High,Yes,Her2,3.0,Negative,Negative,3,Gain,Positive,Ductal/NST,No,Pre,5,Left,1.0,5.0,5.12,IDC,44.86666667,Deceased,Negative,No,33.29,Recurred,Female,ER+/HER2- Low Prolif,60.0,2.0,Died of Disease
MB-4732,26,Breast Conserving,Breast Cancer,Breast Invasive Ductal Carcinoma,High,Yes,Basal,3.0,Negative,Negative,3,Neutral,Negative,Ductal/NST,No,Pre,10,Left,3.0,3.0,5.09,IDC,149.8666667,Living,Negative,Yes,147.89,Not Recurred,Female,ER+/HER2- Low Prolif,45.0,2.0,Living
MB-4733,56,Breast Conserving,Breast Cancer,Breast Invasive Ductal Carcinoma,Moderate,Yes,claudin-low,3.0,Negative,Negative,3,Neutral,Negative,Ductal/NST,Yes,Post,10,Left,4.0,6.0,6.036,IDC,19.73333333,Deceased,Negative,Yes,10.13,Recurred,Female,ER+/HER2- Low Prolif,18.0,2.0,Died of Disease
MB-4735,54,Mastectomy,Breast Cancer,Breast Invasive Ductal Carcinoma,Moderate,No,LumA,3.0,Positve,Positive,2,Neutral,Negative,Ductal/NST,No,Post,8,Left,0.0,3.0,3.08,IDC,297.8,Living,Positive,No,131.71,Recurred,Female,ER+/HER2- Low Prolif,40.0,2.0,Living
MB-4737,52,Mastectomy,Breast Cancer,Breast Invasive Ductal Carcinoma,Moderate,No,LumB,3.0,Positve,Positive,3,Loss,Negative,Ductal/NST,Yes,Post,1,Left,1.0,6.0,5.092,IDC,122.2,Living,Negative,No,120.59,Not Recurred,Female,ER+/HER2- High Prolif,46.0,2.0,Living
MB-4738,42,Mastectomy,Breast Cancer,Breast Mixed Ductal and Lobular Carcinoma,Low,No,Normal,3.0,Positve,Positive,2,Neutral,Negative,Mixed,No,Pre,3,Left,0.0,5.0,3.04,MDLC,176.0666667,Living,Positive,No,173.75,Not Recurred,Female,ER+/HER2- Low Prolif,20.0,1.0,Living
MB-4739,56,Breast Conserving,Breast Cancer,Breast Mixed Ductal and Lobular Carcinoma,High,No,LumA,3.0,Positve,Positive,2,Neutral,Negative,Mixed,No,Post,3,Right,0.0,9.0,3.03,MDLC,161.6666667,Deceased,Positive,Yes,32.11,Recurred,Female,ER+/HER2- Low Prolif,15.0,1.0,Died of Other Causes
MB-4741,53,Mastectomy,Breast Cancer,Breast Invasive Lobular Carcinoma,High,No,LumB,3.0,Positve,Positive,2,Neutral,Negative,Lobular,Yes,Post,8,Left,1.0,6.0,4.04,ILC,56.5,Deceased,Negative,No,21.91,Recurred,Female,ER+/HER2- Low Prolif,20.0,2.0,Died of Disease
MB-4742,76,Mastectomy,Breast Cancer,Breast Mixed Ductal and Lobular Carcinoma,Moderate,No,LumA,3.0,Positve,Positive,2,Neutral,Negative,Mixed,Yes,Post,8,Left,5.0,6.0,3.07,MDLC,83.13333333,Deceased,Positive,No,53.03,Recurred,Female,ER+/HER2- Low Prolif,35.0,2.0,Died of Other Causes
MB-4743,52,Mastectomy,Breast Cancer,Breast Mixed Ductal and Lobular Carcinoma,Moderate,No,Normal,3.0,Positve,Positive,2,Neutral,Negative,Mixed,No,Post,8,Left,0.0,7.0,3.03,MDLC,230.1666667,Living,Negative,No,143.68,Recurred,Female,ER+/HER2- Low Prolif,15.0,1.0,Living
MB-4744,64,Breast Conserving,Breast Cancer,Breast Invasive Ductal Carcinoma,High,No,LumB,3.0,Positve,Positive,3,Neutral,Negative,Ductal/NST,Yes,Post,8,Right,2.0,7.0,5.032,IDC,153.0,Deceased,Positive,Yes,75.3,Recurred,Female,ER+/HER2- Low Prolif,16.0,2.0,Died of Disease
MB-4745,50,Breast Conserving,Breast Cancer,Breast Invasive Ductal Carcinoma,Moderate,Yes,Her2,3.0,Negative,Negative,3,Gain,Positive,Ductal/NST,No,Post,5,Right,1.0,15.0,5.074,IDC,42.66666667,Deceased,Negative,Yes,29.67,Recurred,Female,ER+/HER2- Low Prolif,37.0,2.0,Died of Disease
MB-4746,38,Mastectomy,Breast Cancer,Breast Invasive Ductal Carcinoma,Low,Yes,Normal,3.0,Negative,Positive,3,Neutral,Negative,Ductal/NST,No,Pre,3,Right,3.0,15.0,5.09,IDC,244.4333333,Living,Positive,No,241.22,Not Recurred,Female,ER+/HER2- High Prolif,45.0,2.0,Living
MB-4749,70,Mastectomy,Breast Cancer,Breast Mixed Ductal and Lobular Carcinoma,Moderate,No,LumA,3.0,Positve,Positive,3,Neutral,Negative,Mixed,No,Post,8,Left,0.0,14.0,4.044,MDLC,51.46666667,Deceased,Positive,No,50.79,Not Recurred,Female,ER+/HER2- High Prolif,22.0,2.0,Died of Other Causes
MB-4750,73,Mastectomy,Breast Cancer,Breast Invasive Ductal Carcinoma,Low,No,LumB,3.0,Positve,Positive,2,Neutral,Negative,Ductal/NST,Yes,Post,8,Right,1.0,6.0,4.05,IDC,37.73333333,Deceased,Positive,No,36.58,Recurred,Female,ER+/HER2- High Prolif,25.0,2.0,Died of Disease
MB-4752,63,Mastectomy,Breast Cancer,Breast Invasive Ductal Carcinoma,High,No,LumA,3.0,Positve,Positive,2,Neutral,Negative,Ductal/NST,Yes,Post,6,Right,1.0,3.0,4.12,IDC,125.2666667,Deceased,Negative,No,73.68,Recurred,Female,ER+/HER2- Low Prolif,60.0,3.0,Died of Disease
MB-4757,38,Mastectomy,Breast Cancer,Breast Invasive Ductal Carcinoma,High,Yes,Basal,3.0,Negative,Negative,3,Neutral,Negative,Ductal/NST,No,Pre,10,Left,3.0,7.0,5.02,IDC,27.4,Deceased,Negative,No,10.13,Recurred,Female,ER+/HER2- Low Prolif,10.0,3.0,Died of Disease
MB-4758,45,Breast Conserving,Breast Cancer,Breast Invasive Ductal Carcinoma,Moderate,No,Basal,3.0,Negative,Negative,3,Neutral,Negative,Ductal/NST,No,Pre,10,Right,0.0,7.0,4.02,IDC,211.9333333,Living,Negative,Yes,209.14,Not Recurred,Female,ER+/HER2- Low Prolif,10.0,3.0,Living
MB-4760,48,Mastectomy,Breast Cancer,Breast Invasive Ductal Carcinoma,Moderate,No,LumA,3.0,Positve,Positive,3,Neutral,Negative,Ductal/NST,Yes,Pre,10,Right,1.0,4.0,2.03,IDC,124.8,Deceased,Positive,No,97.07,Recurred,Female,ER+/HER2- Low Prolif,15.0,3.0,Died of Disease
MB-4762,67,Breast Conserving,Breast Cancer,Breast Invasive Ductal Carcinoma,High,No,LumA,3.0,Positve,Positive,2,Neutral,Negative,Tubular/ cribriform,No,Post,7,Right,0.0,6.0,3.03,IDC,252.1,Living,Positive,Yes,248.78,Not Recurred,Female,ER+/HER2- Low Prolif,15.0,1.0,Living
MB-4763,44,Breast Conserving,Breast Cancer,Breast Invasive Ductal Carcinoma,Moderate,Yes,Her2,3.0,Negative,Negative,3,Gain,Positive,Ductal/NST,No,Pre,5,Right,1.0,4.0,5.06,IDC,102.1,Living,Negative,Yes,100.76,Not Recurred,Female,ER+/HER2- Low Prolif,30.0,2.0,Living
MB-4764,57,Mastectomy,Breast Cancer,Breast Invasive Lobular Carcinoma,Moderate,No,LumA,3.0,Positve,Positive,3,Neutral,Negative,Lobular,Yes,Post,3,Left,0.0,4.0,4.1,ILC,245.5,Living,Positive,Yes,242.27,Not Recurred,Female,ER+/HER2- Low Prolif,50.0,2.0,Living
MB-4767,74,Mastectomy,Breast Cancer,Breast Invasive Ductal Carcinoma,High,No,LumB,3.0,Positve,Positive,3,Loss,Negative,Ductal/NST,Yes,Post,9,Left,1.0,4.0,5.08,IDC,47.13333333,Deceased,Positive,No,41.22,Recurred,Female,ER+/HER2- High Prolif,40.0,2.0,Died of Disease
MB-4769,65,Breast Conserving,Breast Cancer,Breast Invasive Ductal Carcinoma,High,No,Basal,3.0,Negative,Negative,3,Neutral,Negative,Ductal/NST,No,Post,1,Left,0.0,11.0,4.07,IDC,21.7,Deceased,Negative,Yes,7.57,Recurred,Female,ER+/HER2- High Prolif,35.0,2.0,Died of Disease
MB-4770,70,Mastectomy,Breast Cancer,Breast Invasive Ductal Carcinoma,High,No,Her2,3.0,Negative,Negative,3,Gain,Positive,Ductal/NST,No,Post,10,Left,0.0,10.0,4.026,IDC,152.0666667,Deceased,Negative,No,150.07,Not Recurred,Female,ER+/HER2- High Prolif,13.0,1.0,Died of Other Causes
MB-4771,47,Breast Conserving,Breast Cancer,Breast Invasive Ductal Carcinoma,Moderate,No,LumA,3.0,Positve,Positive,2,Neutral,Negative,Ductal/NST,No,Pre,8,Left,0.0,3.0,3.06,IDC,297.2333333,Living,Positive,Yes,293.32,Not Recurred,Female,ER+/HER2- Low Prolif,30.0,2.0,Living
MB-4778,78,Mastectomy,Breast Cancer,Breast Mixed Ductal and Lobular Carcinoma,Moderate,No,LumA,3.0,Positve,Positive,2,Neutral,Negative,Mixed,No,Post,8,Left,0.0,11.0,3.05,MDLC,206.1333333,Deceased,Positive,No,203.42,Not Recurred,Female,ER+/HER2- Low Prolif,25.0,2.0,Died of Other Causes
MB-4779,53,Breast Conserving,Breast Cancer,Breast Invasive Ductal Carcinoma,Moderate,No,LumA,3.0,Positve,Positive,2,Neutral,Negative,Ductal/NST,Yes,Post,3,Right,2.0,7.0,4.026,IDC,101.5666667,Living,Positive,Yes,100.23,Not Recurred,Female,ER+/HER2- Low Prolif,13.0,2.0,Living
MB-4782,43,Mastectomy,Breast Cancer,Breast Invasive Ductal Carcinoma,Moderate,No,Normal,3.0,Positve,Positive,2,Neutral,Negative,Ductal/NST,No,Pre,3,Right,0.0,4.0,5.0,IDC,251.0666667,Living,Positive,No,247.76,Not Recurred,Female,ER+/HER2- Low Prolif,13.0,2.0,Living
MB-4784,63,Mastectomy,Breast Cancer,Breast Invasive Ductal Carcinoma,Moderate,No,Normal,3.0,Positve,Positive,3,Neutral,Negative,Ductal/NST,Yes,Post,1,Right,0.0,4.0,4.04,IDC,145.7333333,Deceased,Negative,No,143.82,Not Recurred,Female,ER+/HER2- Low Prolif,20.0,2.0,Died of Other Causes
MB-4785,75,Breast Conserving,Breast Cancer,Breast Invasive Ductal Carcinoma,High,No,LumA,3.0,Positve,Positive,2,Loss,Negative,Ductal/NST,No,Post,8,Left,0.0,5.0,3.056,IDC,121.6666667,Deceased,Positive,Yes,64.47,Recurred,Female,ER+/HER2- Low Prolif,28.0,2.0,Died of Disease
MB-4787,68,Mastectomy,Breast Cancer,Breast Invasive Ductal Carcinoma,Moderate,No,LumA,3.0,Positve,Positive,2,Gain,Negative,Ductal/NST,No,Post,6,Right,0.0,8.0,3.06,IDC,81.06666667,Deceased,Positive,No,80.0,Not Recurred,Female,ER+/HER2- High Prolif,30.0,2.0,Died of Other Causes
MB-4790,43,Mastectomy,Breast Cancer,Breast Invasive Ductal Carcinoma,Moderate,No,LumA,3.0,Positve,Positive,2,Gain,Negative,Ductal/NST,No,Pre,7,Left,0.0,6.0,3.056,IDC,70.46666667,Deceased,Negative,No,28.91,Recurred,Female,ER+/HER2- High Prolif,28.0,2.0,Died of Disease
MB-4791,83,Mastectomy,Breast Cancer,Breast Invasive Ductal Carcinoma,Moderate,No,LumB,3.0,Positve,Positive,1,Neutral,Negative,Ductal/NST,No,Post,7,Left,0.0,46.0,2.04,IDC,173.8333333,Deceased,Negative,No,171.55,Not Recurred,Female,ER+/HER2- High Prolif,20.0,1.0,Died of Other Causes
MB-4792,49,Breast Conserving,Breast Cancer,Breast Invasive Ductal Carcinoma,Low,Yes,Basal,3.0,Negative,Negative,3,Neutral,Negative,Ductal/NST,No,Pre,10,Right,2.0,6.0,5.04,IDC,40.63333333,Deceased,Negative,Yes,35.1,Recurred,Female,ER+/HER2- High Prolif,20.0,2.0,Died of Disease
MB-4793,72,Breast Conserving,Breast Cancer,Breast Invasive Ductal Carcinoma,High,No,Basal,3.0,Negative,Negative,3,Neutral,Negative,Ductal/NST,No,Post,10,Left,0.0,7.0,4.1,IDC,83.36666667,Deceased,Negative,Yes,82.27,Not Recurred,Female,ER+/HER2- High Prolif,50.0,2.0,Died of Other Causes
MB-4794,89,Mastectomy,Breast Cancer,Breast Invasive Ductal Carcinoma,High,No,LumA,3.0,Positve,Positive,3,Neutral,Negative,Ductal/NST,Yes,Post,7,Left,3.0,5.0,2.07,IDC,45.5,Deceased,Positive,No,44.9,Not Recurred,Female,ER+/HER2- High Prolif,35.0,2.0,Died of Other Causes
MB-4796,53,Mastectomy,Breast Cancer,Breast Invasive Ductal Carcinoma,High,No,LumB,3.0,Positve,Positive,2,Gain,Positive,Ductal/NST,No,Post,5,Right,0.0,4.0,3.05,IDC,128.2666667,Living,Negative,No,8.95,Recurred,Female,ER+/HER2- High Prolif,25.0,2.0,Living
MB-4797,81,Mastectomy,Breast Cancer,Breast Invasive Lobular Carcinoma,High,No,LumA,3.0,Positve,Positive,2,Gain,Negative,Lobular,Yes,Post,2,Right,0.0,2.0,3.04,ILC,99.36666667,Deceased,Negative,Yes,98.06,Not Recurred,Female,ER+/HER2- High Prolif,20.0,1.0,Died of Other Causes
MB-4798,44,Breast Conserving,Breast Cancer,Breast Invasive Lobular Carcinoma,High,No,Normal,3.0,Positve,Positive,2,Neutral,Negative,Lobular,No,Pre,3,Right,0.0,5.0,3.05,ILC,257.1666667,Living,Positive,Yes,253.78,Not Recurred,Female,ER+/HER2- High Prolif,25.0,2.0,Living
MB-4800,61,Mastectomy,Breast Cancer,Breast Invasive Ductal Carcinoma,Moderate,No,LumA,3.0,Positve,Positive,3,Gain,Negative,Ductal/NST,No,Post,6,Right,0.0,8.0,4.05,IDC,110.9333333,Deceased,Positive,No,26.84,Recurred,Female,ER+/HER2- High Prolif,25.0,2.0,Died of Disease
MB-4801,65,Mastectomy,Breast Cancer,Breast Invasive Ductal Carcinoma,Moderate,No,LumA,3.0,Positve,Positive,3,Neutral,Negative,Ductal/NST,Yes,Post,8,Left,7.0,12.0,6.07,IDC,130.3666667,Deceased,Positive,Yes,128.65,Not Recurred,Female,ER+/HER2- High Prolif,35.0,2.0,Died of Other Causes
MB-4802,71,Mastectomy,Breast Cancer,Breast Invasive Ductal Carcinoma,Moderate,No,LumB,3.0,Positve,Positive,2,Neutral,Negative,Ductal/NST,No,Post,8,Right,0.0,7.0,3.08,IDC,43.9,Deceased,Negative,No,24.05,Recurred,Female,ER+/HER2- High Prolif,40.0,2.0,Died of Disease
MB-4805,45,Mastectomy,Breast Cancer,Breast Invasive Ductal Carcinoma,Moderate,No,LumA,3.0,Positve,Positive,3,Neutral,Negative,Ductal/NST,Yes,Pre,7,Left,0.0,6.0,4.07,IDC,129.8,Deceased,Positive,No,48.36,Recurred,Female,ER+/HER2- High Prolif,35.0,2.0,Died of Disease
MB-4806,49,Mastectomy,Breast Cancer,Breast Invasive Ductal Carcinoma,Moderate,No,LumA,3.0,Positve,Positive,2,Neutral,Negative,Ductal/NST,Yes,Pre,3,Left,1.0,4.0,4.02,IDC,201.7666667,Deceased,Positive,No,199.11,Not Recurred,Female,ER+/HER2- Low Prolif,10.0,2.0,Died of Other Causes
MB-4809,43,Mastectomy,Breast Cancer,Breast Invasive Ductal Carcinoma,High,No,Basal,3.0,Negative,Positive,3,Gain,Negative,Ductal/NST,No,Pre,10,Left,0.0,4.0,4.028,IDC,286.0666667,Living,Negative,No,282.3,Not Recurred,Female,ER+/HER2- Low Prolif,14.0,1.0,Living
MB-4814,39,Mastectomy,Breast Cancer,Breast Invasive Ductal Carcinoma,Moderate,No,Normal,3.0,Positve,Positive,2,Neutral,Negative,Ductal/NST,No,Pre,10,Right,0.0,3.0,3.1,IDC,73.46666667,Deceased,Positive,No,53.06,Recurred,Female,ER+/HER2- Low Prolif,50.0,2.0,Died of Disease
MB-4818,75,Mastectomy,Breast Cancer,Breast Mixed Ductal and Lobular Carcinoma,High,No,LumB,3.0,Positve,Positive,2,Neutral,Negative,Mixed,Yes,Post,3,Left,1.0,5.0,4.114,MDLC,76.23333333,Deceased,Negative,Yes,75.23,Not Recurred,Female,ER+/HER2- Low Prolif,57.0,3.0,Died of Other Causes
MB-4820,67,Mastectomy,Breast Cancer,Breast Invasive Ductal Carcinoma,High,No,LumA,3.0,Positve,Positive,2,Neutral,Negative,Ductal/NST,Yes,Post,2,Left,2.0,5.0,2.032,IDC,57.3,Deceased,Positive,Yes,49.97,Recurred,Female,ER+/HER2- Low Prolif,16.0,3.0,Died of Disease
MB-4822,76,Mastectomy,Breast Cancer,Breast Mixed Ductal and Lobular Carcinoma,Moderate,No,LumA,3.0,Positve,Positive,2,Neutral,Negative,Mixed,No,Post,2,Left,0.0,4.0,3.02,MDLC,91.63333333,Deceased,Positive,No,89.44,Recurred,Female,ER+/HER2- Low Prolif,10.0,1.0,Died of Disease
MB-4825,65,Mastectomy,Breast Cancer,Breast Invasive Ductal Carcinoma,Moderate,No,LumA,3.0,Positve,Positive,2,Neutral,Negative,Ductal/NST,No,Post,8,Left,0.0,6.0,3.02,IDC,214.4333333,Deceased,Positive,No,211.61,Not Recurred,Female,ER+/HER2- Low Prolif,10.0,1.0,Died of Other Causes
MB-4827,78,Mastectomy,Breast Cancer,Breast Invasive Ductal Carcinoma,High,No,LumA,3.0,Positve,Positive,2,Neutral,Negative,Tubular/ cribriform,Yes,Post,3,Left,0.0,5.0,3.044,IDC,45.7,Deceased,Negative,No,45.1,Not Recurred,Female,ER+/HER2- Low Prolif,22.0,2.0,Died of Other Causes
MB-4828,78,Mastectomy,Breast Cancer,Breast Invasive Lobular Carcinoma,High,No,LumB,3.0,Positve,Positive,3,Neutral,Negative,Lobular,Yes,Post,1,Left,2.0,8.0,5.16,ILC,42.5,Deceased,Negative,Yes,22.04,Recurred,Female,ER+/HER2- Low Prolif,80.0,3.0,Died of Disease
MB-4829,83,Breast Conserving,Breast Cancer,Breast Mixed Ductal and Lobular Carcinoma,Moderate,No,LumB,3.0,Positve,Positive,3,Neutral,Negative,Mixed,Yes,Post,7,Left,1.0,6.0,2.02,MDLC,176.2666667,Deceased,Negative,Yes,173.95,Not Recurred,Female,ER+/HER2- High Prolif,10.0,2.0,Died of Other Causes
MB-4832,45,Breast Conserving,Breast Cancer,Breast Invasive Ductal Carcinoma,Moderate,No,LumA,3.0,Positve,Positive,1,Neutral,Negative,Ductal/NST,No,Pre,3,Left,0.0,4.0,2.022,IDC,141.7333333,Deceased,Positive,Yes,125.86,Recurred,Female,ER+/HER2- Low Prolif,11.0,1.0,Died of Disease
MB-4834,49,Mastectomy,Breast Cancer,Breast Invasive Ductal Carcinoma,High,No,LumB,3.0,Positve,Positive,3,Loss,Negative,Ductal/NST,Yes,Pre,1,Left,2.0,11.0,5.05,IDC,36.16666667,Deceased,Negative,Yes,27.11,Recurred,Female,ER+/HER2- High Prolif,25.0,1.0,Died of Disease
MB-4836,55,Breast Conserving,Breast Cancer,Breast Invasive Ductal Carcinoma,Moderate,No,Her2,3.0,Positve,Positive,3,Neutral,Negative,Ductal/NST,No,Post,1,Left,0.0,11.0,4.032,IDC,23.43333333,Deceased,Positive,Yes,14.14,Recurred,Female,ER+/HER2- High Prolif,16.0,1.0,Died of Disease
MB-4838,74,Breast Conserving,Breast Cancer,Breast Invasive Ductal Carcinoma,High,No,LumB,3.0,Positve,Positive,2,Gain,Negative,Ductal/NST,Yes,Post,8,Right,0.0,5.0,3.198,IDC,200.7666667,Deceased,Negative,Yes,198.13,Not Recurred,Female,ER+/HER2- High Prolif,99.0,3.0,Died of Other Causes
MB-4839,67,Mastectomy,Breast Cancer,Breast Invasive Ductal Carcinoma,Moderate,No,LumB,3.0,Positve,Positive,2,Neutral,Negative,Ductal/NST,No,Post,3,Left,0.0,3.0,1.024,IDC,299.4,Living,Positive,No,131.15,Recurred,Female,ER+/HER2- High Prolif,12.0,3.0,Living
MB-4843,54,Mastectomy,Breast Cancer,Breast Invasive Ductal Carcinoma,Moderate,No,LumA,3.0,Positve,Positive,2,Neutral,Negative,Ductal/NST,Yes,Post,8,Left,0.0,12.0,2.06,IDC,265.1333333,Living,Positive,No,261.64,Not Recurred,Female,ER+/HER2- Low Prolif,30.0,2.0,Living
MB-4845,86,Mastectomy,Breast Cancer,Breast Invasive Ductal Carcinoma,Moderate,No,LumA,3.0,Positve,Positive,2,Neutral,Negative,Ductal/NST,Yes,Post,8,Left,19.0,2.0,3.04,IDC,25.46666667,Deceased,Positive,No,4.18,Recurred,Female,ER+/HER2- Low Prolif,20.0,2.0,Died of Disease
MB-4846,63,Breast Conserving,Breast Cancer,Breast Invasive Lobular Carcinoma,Low,No,LumB,3.0,Positve,Positive,2,Gain,Positive,Lobular,Yes,Post,5,Right,0.0,6.0,3.05,ILC,101.6333333,Deceased,Positive,Yes,25.82,Recurred,Female,ER+/HER2- Low Prolif,25.0,2.0,Died of Disease
MB-4849,81,Mastectomy,Breast Cancer,Breast Invasive Ductal Carcinoma,Moderate,No,LumA,3.0,Positve,Positive,2,Neutral,Negative,Ductal/NST,Yes,Post,8,Left,0.0,5.0,4.06,IDC,45.33333333,Deceased,Negative,No,10.86,Recurred,Female,ER+/HER2- High Prolif,30.0,2.0,Died of Disease
MB-4851,73,Mastectomy,Breast Cancer,Breast Invasive Ductal Carcinoma,Moderate,No,LumA,3.0,Positve,Positive,2,Neutral,Negative,Ductal/NST,Yes,Post,2,Right,1.0,7.0,4.05,IDC,90.26666667,Deceased,Positive,No,85.43,Recurred,Female,ER+/HER2- High Prolif,25.0,2.0,Died of Disease
MB-4853,62,Breast Conserving,Breast Cancer,Breast Invasive Lobular Carcinoma,Moderate,No,LumA,3.0,Positve,Positive,2,Neutral,Negative,Lobular,No,Post,8,Left,0.0,6.0,3.032,ILC,265.9333333,Living,Positive,No,30.76,Recurred,Female,ER+/HER2- Low Prolif,16.0,1.0,Living
MB-4855,74,Mastectomy,Breast Cancer,Breast Invasive Ductal Carcinoma,High,No,LumA,3.0,Positve,Positive,3,Neutral,Negative,Ductal/NST,Yes,Post,7,Left,2.0,9.0,5.06,IDC,41.46666667,Deceased,Positive,No,31.25,Recurred,Female,ER+/HER2- Low Prolif,30.0,1.0,Died of Other Causes
MB-4858,74,Mastectomy,Breast Cancer,Breast Invasive Ductal Carcinoma,High,No,LumA,3.0,Positve,Positive,3,Gain,Positive,Ductal/NST,No,Post,5,Right,0.0,3.0,4.03,IDC,129.3333333,Deceased,Negative,No,127.63,Not Recurred,Female,ER+/HER2- Low Prolif,15.0,1.0,Died of Other Causes
MB-4859,74,Breast Conserving,Breast Cancer,Breast Invasive Ductal Carcinoma,Low,No,claudin-low,3.0,Positve,Negative,2,Neutral,Negative,Ductal/NST,No,Post,5,Right,0.0,4.0,3.034,IDC,157.8,Deceased,Negative,Yes,155.72,Not Recurred,Female,ER+/HER2- Low Prolif,17.0,1.0,Died of Other Causes
MB-4860,44,Breast Conserving,Breast Cancer,Breast Invasive Lobular Carcinoma,Low,No,LumA,3.0,Positve,Positive,2,Neutral,Negative,Lobular,No,Pre,3,Right,0.0,6.0,3.02,ILC,234.6,Living,Positive,Yes,37.07,Recurred,Female,ER+/HER2- Low Prolif,10.0,1.0,Living
MB-4862,64,Breast Conserving,Breast Cancer,Breast Invasive Ductal Carcinoma,High,No,LumB,3.0,Positve,Positive,3,Neutral,Negative,Ductal/NST,Yes,Post,1,Left,0.0,10.0,4.046,IDC,187.3,Living,Positive,Yes,184.84,Not Recurred,Female,ER+/HER2- High Prolif,23.0,2.0,Living
MB-4865,50,Mastectomy,Breast Cancer,Breast Invasive Ductal Carcinoma,Low,No,claudin-low,3.0,Negative,Negative,3,Neutral,Negative,Ductal/NST,No,Post,10,Right,0.0,8.0,4.07,IDC,229.9,Living,Negative,No,226.88,Not Recurred,Female,ER+/HER2- High Prolif,35.0,2.0,Living
MB-4866,43,Mastectomy,Breast Cancer,Breast Invasive Ductal Carcinoma,High,No,LumA,3.0,Positve,Positive,1,Gain,Negative,Ductal/NST,No,Pre,10,Right,0.0,2.0,2.04,IDC,224.3,Living,Positive,No,221.35,Not Recurred,Female,ER+/HER2- High Prolif,20.0,1.0,Living
MB-4867,47,Mastectomy,Breast Cancer,Breast Invasive Ductal Carcinoma,Moderate,No,LumA,3.0,Positve,Positive,2,Neutral,Negative,Ductal/NST,No,Pre,3,Left,0.0,5.0,3.05,IDC,221.9,Living,Positive,No,218.98,Not Recurred,Female,ER+/HER2- Low Prolif,25.0,2.0,Living
MB-4869,67,Mastectomy,Breast Cancer,Breast Invasive Ductal Carcinoma,High,No,LumA,3.0,Positve,Positive,2,Neutral,Negative,Ductal/NST,Yes,Post,8,Left,2.0,6.0,4.06,IDC,29.3,Deceased,Positive,No,27.66,Recurred,Female,ER+/HER2- Low Prolif,30.0,2.0,Died of Disease
MB-4870,57,Breast Conserving,Breast Cancer,Breast Invasive Ductal Carcinoma,Low,No,LumA,3.0,Positve,Positive,1,Neutral,Negative,Ductal/NST,No,Post,3,Right,0.0,4.0,2.05,IDC,229.0666667,Living,Positive,Yes,225.23,Recurred,Female,ER+/HER2- Low Prolif,25.0,2.0,Living
MB-4871,74,Mastectomy,Breast Cancer,Breast Invasive Ductal Carcinoma,High,No,Normal,3.0,Negative,Negative,2,Gain,Positive,Ductal/NST,No,Post,5,Left,0.0,8.0,3.08,IDC,39.8,Deceased,Negative,No,36.61,Recurred,Female,ER+/HER2- Low Prolif,40.0,2.0,Died of Disease
MB-4872,58,Mastectomy,Breast Cancer,Breast Invasive Lobular Carcinoma,Moderate,No,LumA,3.0,Positve,Positive,2,Neutral,Negative,Lobular,Yes,Post,3,Right,1.0,3.0,4.04,ILC,157.1,Living,Positive,No,108.62,Recurred,Female,ER+/HER2- Low Prolif,20.0,2.0,Living
MB-4873,64,Mastectomy,Breast Cancer,Breast Invasive Ductal Carcinoma,Moderate,No,LumB,3.0,Positve,Positive,2,Neutral,Negative,Ductal/NST,Yes,Post,8,Right,14.0,9.0,5.06,IDC,117.6666667,Deceased,Positive,Yes,88.45,Recurred,Female,ER+/HER2- Low Prolif,30.0,3.0,Died of Disease
MB-4876,42,Breast Conserving,Breast Cancer,Breast Invasive Lobular Carcinoma,Low,No,claudin-low,3.0,Positve,Positive,2,Neutral,Negative,Lobular,No,Pre,8,Left,0.0,5.0,3.056,ILC,150.6,Deceased,Negative,Yes,123.88,Recurred,Female,ER+/HER2- Low Prolif,28.0,2.0,Died of Disease
MB-4878,79,Mastectomy,Breast Cancer,Breast Invasive Ductal Carcinoma,Moderate,No,LumA,3.0,Positve,Positive,2,Gain,Positive,Ductal/NST,No,Post,5,Left,0.0,5.0,3.05,IDC,22.46666667,Deceased,Negative,No,18.13,Recurred,Female,ER+/HER2- Low Prolif,25.0,2.0,Died of Disease
MB-4879,49,Breast Conserving,Breast Cancer,Breast Invasive Ductal Carcinoma,High,No,Her2,3.0,Positve,Negative,3,Gain,Positive,Ductal/NST,No,Pre,5,Right,0.0,10.0,4.036,IDC,79.96666667,Deceased,Negative,Yes,78.91,Not Recurred,Female,ER+/HER2- Low Prolif,18.0,1.0,Died of Other Causes
MB-4880,69,Mastectomy,Breast Cancer,Breast Invasive Ductal Carcinoma,High,No,Basal,3.0,Positve,Negative,3,Neutral,Negative,Ductal/NST,No,Post,9,Right,0.0,9.0,4.054,IDC,210.9666667,Living,Negative,No,85.26,Recurred,Female,ER+/HER2- Low Prolif,27.0,2.0,Living
MB-4881,37,Breast Conserving,Breast Cancer,Breast Invasive Ductal Carcinoma,High,No,Basal,3.0,Negative,Negative,3,Neutral,Negative,Ductal/NST,No,Pre,10,Left,0.0,11.0,4.07,IDC,274.2,Living,Negative,Yes,270.59,Not Recurred,Female,ER+/HER2- Low Prolif,35.0,2.0,Living
MB-4882,76,Mastectomy,Breast Cancer,Breast Invasive Ductal Carcinoma,Low,No,LumA,3.0,Negative,Positive,1,Neutral,Negative,Ductal/NST,No,Post,3,Right,0.0,4.0,2.014,IDC,266.1,Deceased,Positive,No,262.6,Not Recurred,Female,ER+/HER2- Low Prolif,7.0,1.0,Died of Other Causes
MB-4883,57,Breast Conserving,Breast Cancer,Breast Invasive Ductal Carcinoma,Moderate,No,LumA,3.0,Negative,Positive,2,Neutral,Negative,Ductal/NST,No,Post,7,Right,0.0,8.0,3.04,IDC,268.9,Living,Positive,Yes,265.36,Not Recurred,Female,ER+/HER2- Low Prolif,20.0,1.0,Living
MB-4886,43,Mastectomy,Breast Cancer,Breast Invasive Ductal Carcinoma,Moderate,Yes,Her2,3.0,Negative,Negative,3,Gain,Positive,Ductal/NST,No,Pre,5,Right,1.0,13.0,5.09,IDC,48.16666667,Deceased,Negative,No,31.09,Recurred,Female,ER+/HER2- Low Prolif,45.0,2.0,Died of Disease
MB-4887,52,Mastectomy,Breast Cancer,Breast Invasive Ductal Carcinoma,Moderate,No,Normal,3.0,Positve,Positive,3,Gain,Negative,Ductal/NST,Yes,Post,5,Right,3.0,11.0,5.066,IDC,35.4,Deceased,Negative,No,9.05,Recurred,Female,ER+/HER2- Low Prolif,33.0,2.0,Died of Disease
MB-4888,63,Breast Conserving,Breast Cancer,Breast Invasive Ductal Carcinoma,High,No,claudin-low,3.0,Negative,Negative,3,Neutral,Negative,Ductal/NST,No,Post,5,Right,0.0,8.0,4.032,IDC,230.5,Living,Negative,Yes,227.47,Not Recurred,Female,ER+/HER2- Low Prolif,16.0,1.0,Living
MB-4893,33,Mastectomy,Breast Cancer,Breast Invasive Ductal Carcinoma,Low,Yes,claudin-low,3.0,Negative,Negative,3,Neutral,Negative,Ductal/NST,No,Pre,10,Left,3.0,6.0,5.04,IDC,176.7,Living,Negative,No,174.38,Not Recurred,Female,ER+/HER2- Low Prolif,20.0,2.0,Living
MB-4894,47,Mastectomy,Breast Cancer,Breast Invasive Ductal Carcinoma,Moderate,No,LumA,3.0,Positve,Positive,3,Neutral,Negative,Ductal/NST,No,Pre,8,Left,0.0,4.0,4.07,IDC,232.4,Living,Positive,No,229.34,Not Recurred,Female,ER+/HER2- High Prolif,35.0,2.0,Living
MB-4896,41,Mastectomy,Breast Cancer,Breast Invasive Ductal Carcinoma,Low,No,Basal,3.0,Negative,Negative,3,Gain,Positive,Ductal/NST,No,Pre,5,Left,0.0,5.0,4.06,IDC,64.86666667,Deceased,Negative,No,16.58,Recurred,Female,ER+/HER2- High Prolif,30.0,2.0,Died of Disease
MB-4897,40,Mastectomy,Breast Cancer,Breast Mixed Ductal and Lobular Carcinoma,Low,No,Normal,3.0,Positve,Positive,1,Neutral,Negative,Mixed,No,Pre,5,Left,0.0,5.0,2.002,MDLC,197.4333333,Living,Positive,No,194.84,Not Recurred,Female,ER+/HER2- Low Prolif,1.0,1.0,Living
MB-4898,63,Breast Conserving,Breast Cancer,Breast Invasive Ductal Carcinoma,Moderate,No,LumA,3.0,Positve,Positive,2,Neutral,Negative,Ductal/NST,No,Post,7,Left,0.0,5.0,3.02,IDC,117.9,Deceased,Positive,Yes,79.93,Recurred,Female,ER+/HER2- Low Prolif,10.0,1.0,Died of Disease
MB-4899,40,Breast Conserving,Breast Cancer,Breast Invasive Ductal Carcinoma,High,No,LumA,3.0,Positve,Positive,2,Neutral,Negative,Ductal/NST,No,Pre,3,Left,0.0,8.0,3.04,IDC,275.7333333,Living,Positive,Yes,123.91,Recurred,Female,ER+/HER2- Low Prolif,20.0,1.0,Living
MB-4900,47,Mastectomy,Breast Cancer,Breast Invasive Ductal Carcinoma,High,No,LumB,3.0,Positve,Positive,2,Neutral,Negative,Ductal/NST,Yes,Pre,6,Left,0.0,5.0,3.036,IDC,224.6,Living,Negative,No,221.64,Not Recurred,Female,ER+/HER2- High Prolif,18.0,1.0,Living
MB-4904,64,Mastectomy,Breast Cancer,Breast Invasive Ductal Carcinoma,Moderate,Yes,claudin-low,3.0,Negative,Negative,3,Gain,Negative,Ductal/NST,No,Post,5,Right,1.0,6.0,5.0,IDC,129.2333333,Deceased,Negative,Yes,127.53,Not Recurred,Female,ER+/HER2- High Prolif,18.0,3.0,Died of Other Causes
MB-4906,73,Mastectomy,Breast Cancer,Breast Invasive Ductal Carcinoma,Moderate,No,LumA,3.0,Positve,Positive,1,Neutral,Negative,Ductal/NST,Yes,Post,9,Right,2.0,3.0,3.052,IDC,233.8666667,Deceased,Positive,No,230.79,Not Recurred,Female,ER+/HER2- High Prolif,26.0,2.0,Died of Other Causes
MB-4908,69,Mastectomy,Breast Cancer,Breast Invasive Ductal Carcinoma,Moderate,No,LumB,3.0,Positve,Positive,3,Gain,Positive,Ductal/NST,Yes,Post,5,Left,3.0,9.0,5.08,IDC,47.9,Deceased,Positive,Yes,40.43,Recurred,Female,ER+/HER2- High Prolif,40.0,2.0,Died of Disease
MB-4911,43,Mastectomy,Breast Cancer,Breast Invasive Ductal Carcinoma,High,Yes,Basal,3.0,Negative,Negative,3,Neutral,Negative,Ductal/NST,No,Pre,10,Left,2.0,4.0,5.03,IDC,31.43333333,Deceased,Negative,Yes,23.09,Recurred,Female,ER+/HER2- High Prolif,15.0,2.0,Died of Disease
MB-4912,78,Breast Conserving,Breast Cancer,Breast Invasive Ductal Carcinoma,High,No,LumB,3.0,Positve,Positive,2,Neutral,Negative,Ductal/NST,Yes,Post,8,Right,3.0,3.0,4.056,IDC,50.0,Deceased,Positive,Yes,22.96,Recurred,Female,ER+/HER2- High Prolif,28.0,2.0,Died of Disease
MB-4925,76,Mastectomy,Breast Cancer,Breast Invasive Ductal Carcinoma,Moderate,No,LumB,3.0,Positve,Positive,2,Neutral,Negative,Ductal/NST,Yes,Post,7,Left,1.0,1.0,4.05,IDC,102.7666667,Deceased,Positive,No,101.41,Not Recurred,Female,ER+/HER2- High Prolif,25.0,2.0,Died of Other Causes
MB-4928,75,Mastectomy,Breast Cancer,Breast Invasive Ductal Carcinoma,Moderate,No,Her2,3.0,Positve,Negative,3,Gain,Negative,Ductal/NST,Yes,Post,5,Right,1.0,10.0,5.044,IDC,220.0333333,Living,Negative,No,217.14,Not Recurred,Female,ER+/HER2- High Prolif,22.0,2.0,Living
MB-4929,59,Mastectomy,Breast Cancer,Breast Invasive Ductal Carcinoma,Moderate,No,Her2,3.0,Positve,Negative,3,Gain,Positive,Ductal/NST,Yes,Post,5,Right,6.0,10.0,6.052,IDC,40.0,Deceased,Negative,Yes,12.53,Recurred,Female,ER+/HER2- High Prolif,26.0,2.0,Died of Disease
MB-4930,62,Mastectomy,Breast Cancer,Breast Invasive Ductal Carcinoma,High,No,LumB,3.0,Positve,Positive,3,Gain,Positive,Ductal/NST,Yes,Post,9,Left,2.0,6.0,5.06,IDC,58.43333333,Living,Negative,Yes,57.66,Not Recurred,Female,ER+/HER2- High Prolif,30.0,2.0,Living
MB-4931,58,Mastectomy,Breast Cancer,Breast Invasive Ductal Carcinoma,High,No,claudin-low,3.0,Negative,Negative,3,Neutral,Negative,Ductal/NST,Yes,Post,10,Left,0.0,10.0,4.06,IDC,30.36666667,Deceased,Negative,No,17.53,Recurred,Female,ER+/HER2- High Prolif,30.0,2.0,Died of Disease
MB-4933,50,Mastectomy,Breast Cancer,Breast Invasive Ductal Carcinoma,High,No,LumA,3.0,Positve,Positive,2,Neutral,Negative,Ductal/NST,No,Post,10,Right,0.0,2.0,3.06,IDC,272.9,Living,Negative,No,21.55,Recurred,Female,ER+/HER2- High Prolif,30.0,2.0,Living
MB-4934,74,Mastectomy,Breast Cancer,Breast Invasive Ductal Carcinoma,High,No,LumB,3.0,Positve,Positive,2,Neutral,Negative,Ductal/NST,Yes,Post,7,Right,4.0,10.0,5.056,IDC,70.23333333,Living,Positive,Yes,69.31,Not Recurred,Female,ER+/HER2- High Prolif,28.0,2.0,Living
MB-4935,36,Mastectomy,Breast Cancer,Breast Invasive Ductal Carcinoma,Moderate,Yes,Her2,3.0,Negative,Negative,3,Gain,Positive,Ductal/NST,Yes,Pre,5,Left,3.0,4.0,5.046,IDC,194.2,Living,Negative,No,191.64,Not Recurred,Female,ER+/HER2- High Prolif,23.0,2.0,Living
MB-4937,41,Mastectomy,Breast Cancer,Breast Invasive Ductal Carcinoma,High,No,LumB,3.0,Positve,Positive,3,Neutral,Negative,Ductal/NST,No,Pre,6,Right,0.0,5.0,4.04,IDC,77.23333333,Deceased,Positive,No,32.14,Recurred,Female,ER+/HER2- High Prolif,20.0,1.0,Died of Disease
MB-4938,33,Breast Conserving,Breast Cancer,Breast Invasive Ductal Carcinoma,High,Yes,Basal,3.0,Negative,Negative,2,Neutral,Negative,Ductal/NST,No,Pre,10,Left,1.0,30.0,4.05,IDC,70.6,Deceased,Negative,Yes,27.96,Recurred,Female,ER+/HER2- High Prolif,25.0,2.0,Died of Disease
MB-4941,57,Breast Conserving,Breast Cancer,Breast Invasive Ductal Carcinoma,Moderate,No,LumA,3.0,Positve,Positive,2,Neutral,Negative,Ductal/NST,No,Post,10,Left,0.0,3.0,3.04,IDC,58.63333333,Deceased,Positive,Yes,53.78,Recurred,Female,ER+/HER2- Low Prolif,20.0,1.0,Died of Disease
MB-4942,60,Breast Conserving,Breast Cancer,Breast Invasive Ductal Carcinoma,Low,No,claudin-low,3.0,Negative,Negative,3,Gain,Negative,Ductal/NST,No,Post,10,Right,0.0,6.0,4.054,IDC,124.1333333,Deceased,Negative,Yes,122.5,Not Recurred,Female,ER+/HER2- Low Prolif,27.0,2.0,Died of Other Causes
MB-4944,77,Breast Conserving,Breast Cancer,Breast Invasive Ductal Carcinoma,High,No,LumB,3.0,Positve,Positive,2,Neutral,Negative,Ductal/NST,No,Post,2,Left,0.0,5.0,3.036,IDC,237.2666667,Deceased,Positive,Yes,234.14,Not Recurred,Female,ER+/HER2- High Prolif,18.0,1.0,Died of Other Causes
MB-4945,65,Mastectomy,Breast Cancer,Breast Invasive Ductal Carcinoma,Moderate,Yes,Basal,3.0,Negative,Negative,3,Neutral,Negative,Ductal/NST,No,Post,9,Right,1.0,6.0,5.038,IDC,20.13333333,Deceased,Negative,No,15.26,Recurred,Female,ER+/HER2- High Prolif,19.0,1.0,Died of Disease
MB-4949,69,Mastectomy,Breast Cancer,Breast Invasive Ductal Carcinoma,Moderate,No,LumB,3.0,Positve,Positive,3,Neutral,Negative,Ductal/NST,No,Post,1,Left,0.0,16.0,4.044,IDC,216.9666667,Living,Negative,No,214.11,Not Recurred,Female,ER+/HER2- High Prolif,22.0,2.0,Living
MB-4950,69,Mastectomy,Breast Cancer,Breast Invasive Ductal Carcinoma,Moderate,No,LumA,3.0,Positve,Positive,3,Neutral,Negative,Ductal/NST,Yes,Post,3,Left,12.0,5.0,6.06,IDC,150.6,Deceased,Positive,Yes,148.62,Recurred,Female,ER+/HER2- Low Prolif,30.0,2.0,Died of Disease
MB-4952,67,Breast Conserving,Breast Cancer,Breast Invasive Ductal Carcinoma,Moderate,No,Her2,3.0,Negative,Negative,3,Gain,Positive,Ductal/NST,No,Post,3,Left,0.0,10.0,4.042,IDC,184.4,Living,Negative,Yes,181.97,Not Recurred,Female,ER+/HER2- Low Prolif,21.0,2.0,Living
MB-4956,69,Mastectomy,Breast Cancer,Breast Invasive Ductal Carcinoma,High,No,LumB,3.0,Positve,Positive,3,Neutral,Negative,Ductal/NST,Yes,Post,1,Left,4.0,2.0,6.12,IDC,69.3,Deceased,Negative,Yes,36.97,Recurred,Female,ER+/HER2- High Prolif,60.0,3.0,Died of Disease
MB-4957,70,Breast Conserving,Breast Cancer,Breast Mixed Ductal and Lobular Carcinoma,High,No,LumB,3.0,Positve,Positive,2,Neutral,Negative,Mixed,No,Post,7,Right,0.0,3.0,3.04,MDLC,197.6666667,Deceased,Negative,Yes,90.0,Recurred,Female,ER+/HER2- High Prolif,20.0,1.0,Died of Disease
MB-4959,76,Breast Conserving,Breast Cancer,Breast Invasive Ductal Carcinoma,Moderate,No,LumA,3.0,Positve,Positive,1,Neutral,Negative,Ductal/NST,Yes,Post,3,Left,0.0,8.0,2.026,IDC,117.5666667,Deceased,Positive,No,115.26,Recurred,Female,ER+/HER2- Low Prolif,13.0,1.0,Died of Disease
MB-4961,56,Breast Conserving,Breast Cancer,Breast Invasive Ductal Carcinoma,Moderate,No,LumA,3.0,Positve,Positive,2,Neutral,Negative,Ductal/NST,No,Post,8,Right,0.0,10.0,3.05,IDC,219.4666667,Living,Positive,Yes,216.58,Not Recurred,Female,ER+/HER2- Low Prolif,25.0,2.0,Living
MB-4962,72,Breast Conserving,Breast Cancer,Breast Invasive Ductal Carcinoma,Moderate,No,LumA,3.0,Positve,Positive,2,Neutral,Negative,Ductal/NST,Yes,Post,8,Left,2.0,3.0,4.028,IDC,197.8333333,Deceased,Positive,Yes,195.23,Recurred,Female,ER+/HER2- Low Prolif,14.0,2.0,Died of Disease
MB-4965,69,Mastectomy,Breast Cancer,Breast Mixed Ductal and Lobular Carcinoma,Moderate,No,LumA,3.0,Positve,Positive,2,Neutral,Negative,Mixed,Yes,Post,8,Left,0.0,7.0,3.06,MDLC,263.6,Deceased,Positive,No,260.13,Not Recurred,Female,ER+/HER2- High Prolif,30.0,2.0,Died of Other Causes
MB-4966,55,Mastectomy,Breast Cancer,Breast Mixed Ductal and Lobular Carcinoma,High,No,LumB,3.0,Positve,Positive,1,Neutral,Negative,Mixed,Yes,Post,3,Left,6.0,5.0,4.1,MDLC,49.3,Deceased,Positive,No,46.68,Recurred,Female,ER+/HER2- Low Prolif,50.0,2.0,Died of Disease
MB-4967,61,Mastectomy,Breast Cancer,Breast Invasive Ductal Carcinoma,Moderate,No,LumA,3.0,Positve,Positive,2,Neutral,Negative,Ductal/NST,Yes,Post,3,Right,1.0,6.0,4.03,IDC,130.7,Deceased,Positive,Yes,128.98,Not Recurred,Female,ER+/HER2- Low Prolif,15.0,2.0,Died of Other Causes
MB-4968,56,Mastectomy,Breast Cancer,Breast Invasive Lobular Carcinoma,High,No,LumA,3.0,Positve,Positive,2,Neutral,Negative,Lobular,Yes,Post,3,Left,5.0,7.0,5.05,ILC,78.7,Living,Positive,Yes,77.66,Not Recurred,Female,ER+/HER2- Low Prolif,25.0,2.0,Living
MB-4969,76,Breast Conserving,Breast Cancer,Breast Invasive Ductal Carcinoma,High,No,LumA,3.0,Positve,Positive,2,Neutral,Negative,Ductal/NST,No,Post,7,Right,0.0,17.0,3.05,IDC,198.1,Deceased,Positive,Yes,195.49,Not Recurred,Female,ER+/HER2- High Prolif,25.0,2.0,Died of Other Causes
MB-4970,77,Mastectomy,Breast Cancer,Breast Invasive Ductal Carcinoma,High,No,LumB,3.0,Positve,Positive,2,Neutral,Negative,Ductal/NST,No,Post,8,Left,0.0,6.0,3.06,IDC,88.8,Deceased,Positive,No,54.24,Recurred,Female,ER+/HER2- High Prolif,30.0,2.0,Died of Disease
MB-4974,65,Breast Conserving,Breast Cancer,Breast Invasive Ductal Carcinoma,Moderate,No,Basal,3.0,Negative,Negative,3,Neutral,Negative,Ductal/NST,No,Post,10,Left,0.0,5.0,4.036,IDC,176.1,Deceased,Negative,Yes,173.78,Not Recurred,Female,ER+/HER2- High Prolif,18.0,1.0,Died of Other Causes
MB-4976,73,Mastectomy,Breast Cancer,Breast Invasive Ductal Carcinoma,High,No,LumA,3.0,Positve,Positive,1,Neutral,Negative,Ductal/NST,Yes,Post,8,Right,3.0,2.0,3.04,IDC,224.1,Deceased,Positive,No,221.15,Not Recurred,Female,ER+/HER2- High Prolif,20.0,1.0,Died of Other Causes
MB-4977,72,Breast Conserving,Breast Cancer,Breast Invasive Ductal Carcinoma,Moderate,No,LumA,3.0,Positve,Positive,3,Neutral,Negative,Ductal/NST,Yes,Post,8,Right,5.0,6.0,6.044,IDC,216.7333333,Deceased,Positive,Yes,196.38,Recurred,Female,ER+/HER2- Low Prolif,22.0,1.0,Died of Disease
MB-4978,58,Mastectomy,Breast Cancer,Breast Invasive Lobular Carcinoma,Low,No,Normal,3.0,Positve,Positive,3,Neutral,Negative,Lobular,Yes,Post,3,Left,0.0,5.0,2.04,ILC,198.4333333,Living,Negative,No,195.82,Not Recurred,Female,ER+/HER2- Low Prolif,20.0,1.0,Living
MB-4981,69,Mastectomy,Breast Cancer,Breast Mixed Ductal and Lobular Carcinoma,High,No,LumA,3.0,Positve,Positive,3,Neutral,Negative,Mixed,Yes,Post,3,Left,4.0,3.0,6.06,MDLC,180.7666667,Deceased,Positive,No,174.44,Recurred,Female,ER+/HER2- Low Prolif,30.0,1.0,Died of Disease
MB-4982,62,Mastectomy,Breast Cancer,Breast Invasive Ductal Carcinoma,Moderate,No,Her2,3.0,Positve,Negative,3,Gain,Negative,Ductal/NST,Yes,Post,3,Right,5.0,5.0,6.034,IDC,19.16666667,Deceased,Negative,Yes,9.67,Recurred,Female,ER+/HER2- Low Prolif,17.0,1.0,Died of Disease
MB-4986,41,Breast Conserving,Breast Cancer,Breast Invasive Ductal Carcinoma,High,No,LumA,3.0,Positve,Positive,2,Neutral,Negative,Ductal/NST,No,Pre,9,Right,0.0,8.0,3.1,IDC,79.8,Deceased,Negative,Yes,9.11,Recurred,Female,ER+/HER2- High Prolif,50.0,2.0,Died of Disease
MB-4987,76,Mastectomy,Breast Cancer,Breast Invasive Ductal Carcinoma,Low,No,LumA,3.0,Negative,Positive,2,Neutral,Negative,Ductal/NST,No,Post,8,Right,0.0,7.0,3.04,IDC,221.7666667,Deceased,Negative,No,218.85,Not Recurred,Female,ER+/HER2- Low Prolif,20.0,1.0,Died of Other Causes
MB-4991,77,Mastectomy,Breast Cancer,Breast Invasive Ductal Carcinoma,High,No,LumB,3.0,Positve,Positive,3,Gain,Negative,Ductal/NST,Yes,Post,6,Right,1.0,4.0,5.08,IDC,126.8666667,Living,Negative,No,125.2,Not Recurred,Female,ER+/HER2- High Prolif,40.0,2.0,Living
MB-4992,66,Mastectomy,Breast Cancer,Breast Invasive Lobular Carcinoma,High,No,LumA,3.0,Negative,Negative,2,Neutral,Negative,Lobular,No,Post,3,Left,0.0,9.0,3.066,ILC,165.3666667,Living,Negative,No,163.19,Not Recurred,Female,ER+/HER2- Low Prolif,33.0,2.0,Living
MB-4993,33,Breast Conserving,Breast Cancer,Breast Invasive Ductal Carcinoma,High,Yes,Her2,3.0,Negative,Negative,3,Neutral,Negative,Ductal/NST,No,Pre,3,Left,4.0,15.0,6.1,IDC,75.23333333,Deceased,Negative,Yes,63.55,Recurred,Female,ER+/HER2- Low Prolif,50.0,2.0,Died of Disease
MB-4994,77,Breast Conserving,Breast Cancer,Breast Invasive Ductal Carcinoma,High,No,LumB,3.0,Positve,Positive,2,Neutral,Negative,Ductal/NST,No,Post,8,Left,0.0,6.0,3.044,IDC,174.1333333,Deceased,Positive,Yes,171.84,Not Recurred,Female,ER+/HER2- High Prolif,22.0,2.0,Died of Other Causes
MB-4996,69,Mastectomy,Breast Cancer,Breast Invasive Ductal Carcinoma,Low,No,LumA,3.0,Positve,Positive,1,Neutral,Negative,Ductal/NST,Yes,Post,7,Right,1.0,11.0,3.036,IDC,99.76666667,Deceased,Positive,No,98.45,Not Recurred,Female,ER+/HER2- Low Prolif,18.0,2.0,Died of Other Causes
MB-4998,75,Mastectomy,Breast Cancer,Breast Invasive Lobular Carcinoma,High,No,LumB,3.0,Positve,Positive,3,Neutral,Negative,Lobular,Yes,Post,8,Left,6.0,10.0,6.064,ILC,65.56666667,Deceased,Negative,No,17.34,Recurred,Female,ER+/HER2- High Prolif,32.0,2.0,Died of Disease
MB-4999,44,Mastectomy,Breast Cancer,Breast Invasive Ductal Carcinoma,Moderate,No,LumA,3.0,Positve,Positive,2,Neutral,Negative,Ductal/NST,No,Pre,7,Right,0.0,6.0,3.06,IDC,187.9333333,Living,Positive,Yes,185.46,Not Recurred,Female,ER+/HER2- Low Prolif,30.0,2.0,Living
MB-5001,71,Mastectomy,Breast Cancer,Breast Invasive Ductal Carcinoma,High,No,LumA,3.0,Positve,Positive,2,Neutral,Negative,Ductal/NST,Yes,Post,7,Left,1.0,9.0,4.042,IDC,81.8,Deceased,Negative,No,17.86,Recurred,Female,ER+/HER2- High Prolif,21.0,2.0,Died of Disease
MB-5004,42,Mastectomy,Breast Cancer,Breast Invasive Ductal Carcinoma,High,Yes,Her2,3.0,Negative,Positive,3,Neutral,Negative,Ductal/NST,No,Pre,7,Left,2.0,17.0,5.074,IDC,216.7333333,Living,Negative,Yes,213.88,Not Recurred,Female,ER+/HER2- Low Prolif,37.0,2.0,Living
MB-5008,65,Breast Conserving,Breast Cancer,Breast Invasive Ductal Carcinoma,High,Yes,Her2,3.0,Negative,Negative,3,Neutral,Negative,Ductal/NST,No,Post,10,Left,2.0,4.0,5.12,IDC,223.3,Living,Negative,Yes,220.36,Not Recurred,Female,ER+/HER2- Low Prolif,60.0,3.0,Living
MB-5011,67,Breast Conserving,Breast Cancer,Breast Mixed Ductal and Lobular Carcinoma,High,No,LumA,3.0,Positve,Positive,2,Neutral,Negative,Mixed,No,Post,3,Right,0.0,4.0,3.046,MDLC,80.5,Deceased,Positive,Yes,79.44,Not Recurred,Female,ER+/HER2- Low Prolif,23.0,2.0,Died of Other Causes
MB-5013,68,Breast Conserving,Breast Cancer,Breast Invasive Ductal Carcinoma,High,No,LumA,3.0,Positve,Positive,2,Neutral,Negative,Tubular/ cribriform,Yes,Post,3,Left,1.0,3.0,4.04,IDC,251.2,Deceased,Positive,Yes,247.89,Not Recurred,Female,ER+/HER2- Low Prolif,20.0,2.0,Died of Other Causes
MB-5014,69,Breast Conserving,Breast Cancer,Breast Invasive Ductal Carcinoma,Moderate,No,LumB,3.0,Positve,Positive,3,Neutral,Negative,Ductal/NST,Yes,Post,6,Left,1.0,2.0,5.04,IDC,213.3666667,Living,Positive,Yes,210.56,Not Recurred,Female,ER+/HER2- High Prolif,20.0,2.0,Living
MB-5015,44,Breast Conserving,Breast Cancer,Breast Invasive Ductal Carcinoma,High,No,LumA,3.0,Positve,Positive,3,Neutral,Negative,Ductal/NST,No,Pre,8,Right,0.0,5.0,4.044,IDC,252.3,Deceased,Positive,Yes,248.98,Not Recurred,Female,ER+/HER2- Low Prolif,22.0,2.0,Died of Other Causes
MB-5017,65,Mastectomy,Breast Cancer,Breast Invasive Ductal Carcinoma,Moderate,No,claudin-low,3.0,Positve,Positive,3,Neutral,Negative,Ductal/NST,Yes,Post,8,Left,6.0,4.0,6.028,IDC,144.9333333,Living,Negative,Yes,143.03,Not Recurred,Female,ER+/HER2- High Prolif,14.0,2.0,Living
MB-5018,72,Mastectomy,Breast Cancer,Breast Invasive Ductal Carcinoma,High,No,LumA,3.0,Positve,Positive,2,Neutral,Negative,Ductal/NST,Yes,Post,8,Left,3.0,3.0,4.06,IDC,108.6,Deceased,Positive,No,107.17,Not Recurred,Female,ER+/HER2- High Prolif,30.0,2.0,Died of Other Causes
MB-5019,49,Breast Conserving,Breast Cancer,Breast Invasive Ductal Carcinoma,Moderate,No,Normal,3.0,Negative,Negative,3,Gain,Negative,Ductal/NST,No,Pre,5,Right,0.0,4.0,4.024,IDC,37.8,Deceased,Positive,Yes,28.75,Recurred,Female,ER+/HER2- High Prolif,12.0,1.0,Died of Disease
MB-5020,62,Breast Conserving,Breast Cancer,Breast Mixed Ductal and Lobular Carcinoma,Moderate,No,LumA,3.0,Positve,Positive,3,Loss,Negative,Mixed,Yes,Post,8,Left,4.0,8.0,6.034,MDLC,84.83333333,Deceased,Positive,Yes,24.84,Recurred,Female,ER+/HER2- Low Prolif,17.0,2.0,Died of Disease
MB-5022,70,Mastectomy,Breast Cancer,Breast Mixed Ductal and Lobular Carcinoma,Moderate,No,Her2,3.0,Positve,Positive,3,Gain,Positive,Mixed,Yes,Post,5,Right,4.0,8.0,5.062,MDLC,118.6,Deceased,Negative,No,107.57,Recurred,Female,ER+/HER2- Low Prolif,31.0,2.0,Died of Disease
MB-5027,46,Breast Conserving,Breast Cancer,Breast Mixed Ductal and Lobular Carcinoma,Moderate,No,LumA,3.0,Positve,Positive,3,Neutral,Negative,Mixed,No,Pre,3,Right,0.0,5.0,4.05,MDLC,189.8666667,Living,Positive,Yes,187.37,Not Recurred,Female,ER+/HER2- Low Prolif,25.0,2.0,Living
MB-5033,63,Breast Conserving,Breast Cancer,Breast Invasive Mixed Mucinous Carcinoma,Moderate,No,LumB,3.0,Positve,Positive,1,Neutral,Negative,Mucinous,No,Post,1,Right,0.0,8.0,2.086,IMMC,52.73333333,Deceased,Negative,Yes,15.66,Recurred,Female,ER+/HER2- High Prolif,43.0,2.0,Died of Disease
MB-5035,56,Mastectomy,Breast Cancer,Breast Mixed Ductal and Lobular Carcinoma,High,No,LumA,3.0,Positve,Positive,3,Neutral,Negative,Mixed,No,Post,3,Left,0.0,19.0,4.11,MDLC,213.2,Deceased,Positive,No,210.39,Recurred,Female,ER+/HER2- High Prolif,55.0,2.0,Died of Disease
MB-5039,67,Mastectomy,Breast Cancer,Breast Invasive Ductal Carcinoma,High,No,LumB,3.0,Positve,Positive,3,Gain,Positive,Ductal/NST,Yes,Post,1,Left,1.0,2.0,5.11,IDC,62.13333333,Deceased,Negative,Yes,40.56,Recurred,Female,ER+/HER2- High Prolif,55.0,3.0,Died of Disease
MB-5040,72,Mastectomy,Breast Cancer,Breast Invasive Ductal Carcinoma,High,No,LumB,3.0,Positve,Positive,3,Neutral,Negative,Ductal/NST,Yes,Post,6,Left,0.0,4.0,4.08,IDC,79.16666667,Deceased,Negative,No,78.13,Not Recurred,Female,ER+/HER2- High Prolif,40.0,2.0,Died of Other Causes
MB-5041,45,Breast Conserving,Breast Cancer,Breast Invasive Ductal Carcinoma,Moderate,No,claudin-low,3.0,Positve,Negative,3,Neutral,Negative,Ductal/NST,No,Pre,2,Left,0.0,2.0,4.04,IDC,173.9333333,Living,Negative,Yes,171.64,Recurred,Female,ER+/HER2- High Prolif,20.0,1.0,Living
MB-5043,70,Breast Conserving,Breast Cancer,Breast Mixed Ductal and Lobular Carcinoma,Moderate,No,LumA,3.0,Positve,Positive,3,Neutral,Negative,Mixed,Yes,Post,8,Right,6.0,5.0,6.08,MDLC,128.3666667,Deceased,Positive,Yes,117.04,Recurred,Female,ER+/HER2- Low Prolif,40.0,3.0,Died of Disease
MB-5044,55,Breast Conserving,Breast Cancer,Breast Invasive Ductal Carcinoma,High,No,LumB,3.0,Positve,Positive,2,Neutral,Negative,Ductal/NST,No,Post,8,Left,0.0,2.0,3.034,IDC,139.4333333,Living,Negative,Yes,137.6,Not Recurred,Female,ER+/HER2- High Prolif,17.0,1.0,Living
MB-5045,70,Breast Conserving,Breast Cancer,Breast Invasive Ductal Carcinoma,High,No,LumA,3.0,Positve,Positive,3,Neutral,Negative,Ductal/NST,No,Post,8,Left,0.0,13.0,4.05,IDC,168.3,Deceased,Positive,Yes,166.09,Not Recurred,Female,ER+/HER2- High Prolif,25.0,2.0,Died of Other Causes
MB-5048,44,Breast Conserving,Breast Cancer,Breast Invasive Ductal Carcinoma,Moderate,No,LumA,3.0,Positve,Positive,2,Neutral,Negative,Ductal/NST,No,Pre,7,Left,0.0,8.0,3.032,IDC,86.36666667,Deceased,Positive,Yes,42.27,Recurred,Female,ER+/HER2- High Prolif,16.0,1.0,Died of Disease
MB-5049,61,Mastectomy,Breast Cancer,Breast Mixed Ductal and Lobular Carcinoma,Moderate,No,LumB,3.0,Positve,Positive,2,Neutral,Negative,Mixed,No,Post,8,Left,0.0,3.0,3.034,MDLC,255.3,Living,Positive,No,251.94,Not Recurred,Female,ER+/HER2- High Prolif,17.0,1.0,Living
MB-5050,55,Breast Conserving,Breast Cancer,Breast Mixed Ductal and Lobular Carcinoma,Moderate,No,LumA,3.0,Positve,Positive,2,Neutral,Negative,Mixed,Yes,Post,3,Right,0.0,9.0,3.03,MDLC,184.3333333,Living,Positive,Yes,181.91,Not Recurred,Female,ER+/HER2- Low Prolif,15.0,1.0,Living
MB-5052,76,Mastectomy,Breast Cancer,Breast Invasive Ductal Carcinoma,Moderate,No,claudin-low,3.0,Positve,Negative,3,Gain,Negative,Ductal/NST,Yes,Post,3,Left,2.0,3.0,5.07,IDC,34.56666667,Deceased,Negative,No,34.11,Not Recurred,Female,ER+/HER2- Low Prolif,35.0,2.0,Died of Other Causes
MB-5053,68,Mastectomy,Breast Cancer,Breast Invasive Ductal Carcinoma,Moderate,No,LumA,3.0,Positve,Positive,2,Neutral,Negative,Ductal/NST,No,Post,3,Right,0.0,5.0,3.042,IDC,150.6,Deceased,Positive,No,148.62,Not Recurred,Female,ER+/HER2- Low Prolif,21.0,2.0,Died of Other Causes
MB-5054,52,Mastectomy,Breast Cancer,Breast Invasive Ductal Carcinoma,Low,No,Basal,3.0,Negative,Negative,3,Gain,Positive,Ductal/NST,No,Post,5,Left,0.0,4.0,4.002,IDC,187.7,Living,Negative,No,185.23,Not Recurred,Female,ER+/HER2- Low Prolif,1.0,1.0,Living
MB-5057,39,Breast Conserving,Breast Cancer,Breast Invasive Ductal Carcinoma,High,No,Basal,3.0,Negative,Negative,3,Neutral,Negative,Ductal/NST,No,Pre,10,Right,0.0,12.0,4.03,IDC,56.33333333,Deceased,Negative,No,3.91,Recurred,Female,ER+/HER2- Low Prolif,15.0,1.0,Died of Disease
MB-5058,61,Mastectomy,Breast Cancer,Breast Mixed Ductal and Lobular Carcinoma,High,Yes,Normal,3.0,Negative,Negative,3,Neutral,Negative,Mixed,Yes,Post,7,Right,16.0,6.0,6.03,MDLC,178.7333333,Deceased,Negative,Yes,169.61,Recurred,Female,ER+/HER2- Low Prolif,15.0,2.0,Died of Disease
MB-5059,53,Mastectomy,Breast Cancer,Breast Mixed Ductal and Lobular Carcinoma,High,No,LumA,3.0,Positve,Positive,2,Neutral,Negative,Mixed,No,Post,8,Left,0.0,8.0,3.034,MDLC,257.6333333,Living,Positive,No,254.24,Not Recurred,Female,ER+/HER2- Low Prolif,17.0,1.0,Living
MB-5060,75,Breast Conserving,Breast Cancer,Breast Invasive Ductal Carcinoma,High,No,LumB,3.0,Positve,Positive,2,Neutral,Negative,Ductal/NST,Yes,Post,8,Right,1.0,6.0,4.05,IDC,150.1,Deceased,Negative,Yes,148.13,Not Recurred,Female,ER+/HER2- High Prolif,25.0,2.0,Died of Other Causes
MB-5061,71,Breast Conserving,Breast Cancer,Breast Invasive Ductal Carcinoma,High,No,LumB,3.0,Positve,Positive,2,Neutral,Negative,Ductal/NST,Yes,Post,7,Left,2.0,1.0,4.05,IDC,39.43333333,Living,Positive,Yes,38.91,Not Recurred,Female,ER+/HER2- High Prolif,25.0,2.0,Living
MB-5062,75,Breast Conserving,Breast Cancer,Breast Invasive Ductal Carcinoma,High,No,LumB,3.0,Positve,Positive,3,Gain,Positive,Ductal/NST,Yes,Post,1,Right,1.0,7.0,5.04,IDC,168.2666667,Living,Negative,Yes,74.18,Recurred,Female,ER+/HER2- High Prolif,20.0,2.0,Living
MB-5063,41,Mastectomy,Breast Cancer,Breast Invasive Ductal Carcinoma,High,Yes,Her2,3.0,Negative,Negative,3,Gain,Positive,Ductal/NST,No,Pre,5,Right,1.0,6.0,5.04,IDC,215.1666667,Living,Negative,Yes,212.34,Not Recurred,Female,ER+/HER2- High Prolif,20.0,2.0,Living
MB-5064,63,Mastectomy,Breast Cancer,Breast Invasive Ductal Carcinoma,High,No,LumA,3.0,Positve,Positive,2,Loss,Negative,Ductal/NST,No,Post,5,Left,0.0,11.0,3.04,IDC,91.5,Living,Positive,No,90.3,Not Recurred,Female,ER+/HER2- Low Prolif,20.0,1.0,Living
MB-5065,68,Mastectomy,Breast Cancer,Breast Mixed Ductal and Lobular Carcinoma,Moderate,No,claudin-low,3.0,Negative,Negative,3,Neutral,Negative,Mixed,No,Post,5,Right,0.0,3.0,4.032,MDLC,184.8,Living,Negative,No,182.37,Not Recurred,Female,ER+/HER2- Low Prolif,16.0,1.0,Living
MB-5066,53,Breast Conserving,Breast Cancer,Breast Invasive Ductal Carcinoma,Moderate,No,LumA,3.0,Positve,Positive,2,Neutral,Negative,Ductal/NST,Yes,Post,3,Left,1.0,5.0,4.05,IDC,94.7,Living,Positive,Yes,93.45,Not Recurred,Female,ER+/HER2- Low Prolif,25.0,2.0,Living
MB-5068,71,Breast Conserving,Breast Cancer,Breast Invasive Ductal Carcinoma,High,No,LumA,3.0,Positve,Positive,2,Neutral,Negative,Ductal/NST,Yes,Post,3,Right,0.0,5.0,3.03,IDC,182.5,Living,Positive,Yes,180.1,Not Recurred,Female,ER+/HER2- Low Prolif,15.0,2.0,Living
MB-5070,47,Mastectomy,Breast Cancer,Breast Invasive Ductal Carcinoma,High,Yes,Basal,3.0,Negative,Negative,3,Loss,Negative,Ductal/NST,No,Pre,10,Right,2.0,7.0,5.06,IDC,213.9,Living,Negative,No,211.09,Not Recurred,Female,ER+/HER2- Low Prolif,30.0,2.0,Living
MB-5072,52,Mastectomy,Breast Cancer,Breast Invasive Ductal Carcinoma,High,Yes,Her2,3.0,Negative,Negative,3,Neutral,Negative,Ductal/NST,No,Post,10,Left,1.0,12.0,5.06,IDC,50.23333333,Deceased,Negative,No,18.88,Recurred,Female,ER+/HER2- Low Prolif,30.0,2.0,Died of Disease
MB-5073,67,Mastectomy,Breast Cancer,Breast Invasive Ductal Carcinoma,Moderate,No,claudin-low,3.0,Positve,Positive,3,Neutral,Negative,Ductal/NST,Yes,Post,10,Left,0.0,7.0,3.1,IDC,194.1666667,Deceased,Positive,No,191.61,Not Recurred,Female,ER+/HER2- Low Prolif,50.0,2.0,Died of Other Causes
MB-5074,70,Breast Conserving,Breast Cancer,Breast Invasive Lobular Carcinoma,High,No,LumA,3.0,Positve,Positive,3,Neutral,Negative,Lobular,Yes,Post,3,Left,0.0,5.0,4.05,ILC,221.6,Deceased,Negative,Yes,161.97,Recurred,Female,ER+/HER2- High Prolif,25.0,2.0,Died of Other Causes
MB-5076,28,Breast Conserving,Breast Cancer,Breast Invasive Ductal Carcinoma,High,Yes,Basal,3.0,Negative,Negative,3,Neutral,Negative,Ductal/NST,No,Pre,10,Right,0.0,5.0,5.07,IDC,26.86666667,Deceased,Negative,Yes,23.26,Recurred,Female,ER+/HER2- High Prolif,35.0,2.0,Died of Disease
MB-5078,56,Breast Conserving,Breast Cancer,Breast Invasive Ductal Carcinoma,Moderate,No,LumB,3.0,Positve,Positive,2,Gain,Positive,Ductal/NST,Yes,Post,5,Right,1.0,6.0,4.048,IDC,87.1,Deceased,Negative,Yes,48.13,Recurred,Female,ER+/HER2- High Prolif,24.0,2.0,Died of Disease
MB-5079,66,Breast Conserving,Breast Cancer,Breast Invasive Ductal Carcinoma,Low,No,LumA,3.0,Positve,Positive,2,Neutral,Negative,Ductal/NST,No,Post,8,Right,0.0,7.0,3.03,IDC,199.9333333,Living,Positive,Yes,197.3,Not Recurred,Female,ER+/HER2- Low Prolif,15.0,1.0,Living
MB-5081,43,Mastectomy,Breast Cancer,Breast Invasive Ductal Carcinoma,Moderate,No,Normal,3.0,Positve,Positive,2,Neutral,Negative,Ductal/NST,No,Pre,9,Right,0.0,8.0,3.032,IDC,58.0,Deceased,Positive,No,44.93,Recurred,Female,ER+/HER2- High Prolif,16.0,1.0,Died of Disease
MB-5084,49,Mastectomy,Breast Cancer,Breast Invasive Ductal Carcinoma,Moderate,No,LumA,3.0,Positve,Positive,2,Neutral,Negative,Ductal/NST,No,Pre,8,Left,0.0,5.0,3.04,IDC,198.1,Deceased,Negative,No,73.91,Recurred,Female,ER+/HER2- Low Prolif,20.0,1.0,Died of Disease
MB-5086,65,Mastectomy,Breast Cancer,Breast Invasive Ductal Carcinoma,Moderate,No,LumA,3.0,Positve,Positive,2,Neutral,Negative,Ductal/NST,No,Post,8,Left,0.0,5.0,2.02,IDC,84.23333333,Deceased,Positive,No,45.3,Recurred,Female,ER+/HER2- Low Prolif,10.0,1.0,Died of Other Causes
MB-5088,72,Mastectomy,Breast Cancer,Breast Invasive Ductal Carcinoma,Moderate,No,LumA,3.0,Positve,Positive,2,Neutral,Negative,Ductal/NST,Yes,Post,8,Left,0.0,7.0,3.06,IDC,199.3666667,Deceased,Negative,No,196.74,Not Recurred,Female,ER+/HER2- Low Prolif,30.0,2.0,Died of Other Causes
MB-5092,76,Mastectomy,Breast Cancer,Breast Invasive Ductal Carcinoma,Low,No,LumA,3.0,Positve,Positive,3,Neutral,Negative,Ductal/NST,Yes,Post,3,Right,1.0,7.0,5.04,IDC,174.5666667,Deceased,Positive,No,172.27,Not Recurred,Female,ER+/HER2- Low Prolif,20.0,2.0,Died of Other Causes
MB-5093,69,Mastectomy,Breast Cancer,Breast Invasive Ductal Carcinoma,High,No,Her2,3.0,Positve,Positive,2,Neutral,Negative,Ductal/NST,Yes,Post,1,Left,0.0,4.0,3.06,IDC,142.4333333,Deceased,Negative,No,140.56,Not Recurred,Female,ER+/HER2- High Prolif,30.0,2.0,Died of Other Causes
MB-5097,56,Mastectomy,Breast Cancer,Breast Invasive Ductal Carcinoma,High,No,LumB,3.0,Positve,Positive,2,Neutral,Negative,Ductal/NST,Yes,Post,1,Right,0.0,2.0,3.044,IDC,61.6,Living,Positive,No,60.79,Not Recurred,Female,ER+/HER2- High Prolif,22.0,2.0,Living
MB-5098,61,Mastectomy,Breast Cancer,Breast Invasive Ductal Carcinoma,Moderate,No,LumA,3.0,Positve,Positive,2,Neutral,Negative,Ductal/NST,No,Post,9,Left,0.0,7.0,3.036,IDC,186.4,Deceased,Positive,No,79.28,Recurred,Female,ER+/HER2- High Prolif,18.0,1.0,Died of Other Causes
MB-5100,32,Breast Conserving,Breast Cancer,Breast Invasive Ductal Carcinoma,Moderate,Yes,claudin-low,3.0,Negative,Negative,3,Neutral,Negative,Ductal/NST,Yes,Pre,10,Left,17.0,6.0,6.04,IDC,19.9,Deceased,Negative,Yes,15.95,Recurred,Female,ER+/HER2- High Prolif,20.0,2.0,Died of Disease
MB-5101,67,Mastectomy,Breast Cancer,Breast Invasive Ductal Carcinoma,High,No,LumB,3.0,Positve,Positive,2,Neutral,Negative,Ductal/NST,Yes,Post,6,Right,14.0,1.0,5.1,IDC,34.33333333,Deceased,Positive,Yes,33.13,Recurred,Female,ER+/HER2- High Prolif,50.0,3.0,Died of Disease
MB-5102,69,Breast Conserving,Breast Cancer,Breast Invasive Ductal Carcinoma,High,Yes,Basal,3.0,Negative,Negative,3,Neutral,Negative,Ductal/NST,Yes,Post,10,Left,20.0,6.0,6.04,IDC,30.36666667,Deceased,Negative,Yes,18.22,Recurred,Female,ER+/HER2- High Prolif,20.0,2.0,Died of Disease
MB-5104,73,Mastectomy,Breast Cancer,Breast Invasive Ductal Carcinoma,Moderate,No,LumA,3.0,Positve,Positive,2,Neutral,Negative,Ductal/NST,No,Post,8,Left,20.0,6.0,3.03,IDC,122.5,Deceased,Negative,No,120.89,Recurred,Female,ER+/HER2- Low Prolif,15.0,1.0,Died of Disease
MB-5105,63,Breast Conserving,Breast Cancer,Breast Invasive Ductal Carcinoma,Low,No,LumA,3.0,Positve,Positive,2,Neutral,Negative,Ductal/NST,No,Post,8,Left,0.0,2.0,3.022,IDC,204.4333333,Deceased,Positive,Yes,105.72,Recurred,Female,ER+/HER2- High Prolif,11.0,1.0,Died of Disease
MB-5106,59,Breast Conserving,Breast Cancer,Breast Invasive Ductal Carcinoma,High,No,LumA,3.0,Positve,Positive,2,Neutral,Negative,Ductal/NST,Yes,Post,6,Right,0.0,2.0,4.03,IDC,190.9666667,Deceased,Negative,Yes,160.23,Recurred,Female,ER+/HER2- High Prolif,15.0,1.0,Died of Disease
MB-5107,61,Breast Conserving,Breast Cancer,Breast Invasive Ductal Carcinoma,High,No,LumB,3.0,Positve,Positive,3,Gain,Negative,Ductal/NST,Yes,Post,1,Left,0.0,2.0,4.082,IDC,82.63333333,Deceased,Positive,Yes,69.11,Recurred,Female,ER+/HER2- High Prolif,41.0,2.0,Died of Disease
MB-5109,64,Breast Conserving,Breast Cancer,Breast Invasive Ductal Carcinoma,High,No,LumA,3.0,Positve,Negative,2,Neutral,Negative,Ductal/NST,Yes,Post,1,Left,0.0,2.0,3.03,IDC,125.0666667,Deceased,Negative,Yes,123.42,Not Recurred,Female,ER+/HER2- Low Prolif,15.0,1.0,Died of Other Causes
MB-5110,59,Mastectomy,Breast Cancer,Breast Invasive Lobular Carcinoma,Moderate,No,Normal,3.0,Positve,Positive,2,Neutral,Negative,Lobular,Yes,Post,3,Left,0.0,8.0,1.05,ILC,21.9,Deceased,Negative,No,12.43,Recurred,Female,ER+/HER2- Low Prolif,25.0,2.0,Died of Disease
MB-5113,43,Breast Conserving,Breast Cancer,Breast Invasive Ductal Carcinoma,Moderate,No,Normal,3.0,Positve,Positive,2,Neutral,Negative,Ductal/NST,Yes,Pre,1,Right,0.0,2.0,3.034,IDC,175.6333333,Living,Negative,Yes,173.32,Not Recurred,Female,ER+/HER2- Low Prolif,17.0,1.0,Living
MB-5114,57,Mastectomy,Breast Cancer,Breast Invasive Ductal Carcinoma,Moderate,No,Basal,3.0,Positve,Negative,3,Gain,Positive,Ductal/NST,Yes,Post,5,Left,0.0,6.0,4.08,IDC,15.36666667,Deceased,Negative,No,13.49,Recurred,Female,ER+/HER2- Low Prolif,40.0,1.0,Died of Disease
MB-5115,40,Breast Conserving,Breast Cancer,Breast Invasive Ductal Carcinoma,High,Yes,Basal,3.0,Negative,Negative,3,Neutral,Negative,Ductal/NST,No,Pre,10,Left,1.0,3.0,5.06,IDC,77.4,Living,Negative,Yes,76.38,Not Recurred,Female,ER+/HER2- Low Prolif,30.0,2.0,Living
MB-5116,74,Breast Conserving,Breast Cancer,Breast Invasive Ductal Carcinoma,High,No,LumB,3.0,Positve,Positive,2,Gain,Negative,Ductal/NST,Yes,Post,2,Right,7.0,6.0,5.036,IDC,71.76666667,Deceased,Positive,Yes,66.81,Recurred,Female,ER+/HER2- High Prolif,18.0,2.0,Died of Disease
MB-5117,51,Breast Conserving,Breast Cancer,Breast Invasive Ductal Carcinoma,Moderate,No,LumA,3.0,Positve,Positive,2,Neutral,Negative,Ductal/NST,Yes,Post,8,Right,0.0,5.0,3.06,IDC,209.2666667,Living,Positive,Yes,206.51,Not Recurred,Female,ER+/HER2- High Prolif,30.0,2.0,Living
MB-5118,72,Breast Conserving,Breast Cancer,Breast Invasive Ductal Carcinoma,Moderate,No,LumA,3.0,Positve,Positive,2,Neutral,Negative,Ductal/NST,Yes,Post,3,Left,0.0,5.0,3.024,IDC,211.7333333,Living,Positive,Yes,208.95,Not Recurred,Female,ER+/HER2- Low Prolif,12.0,1.0,Living
MB-5119,75,Mastectomy,Breast Cancer,Breast Invasive Ductal Carcinoma,Moderate,No,LumA,3.0,Positve,Positive,2,Neutral,Negative,Ductal/NST,No,Post,7,Left,0.0,7.0,3.04,IDC,59.76666667,Living,Negative,No,58.98,Not Recurred,Female,ER+/HER2- Low Prolif,20.0,1.0,Living
MB-5120,47,Breast Conserving,Breast Cancer,Breast Invasive Ductal Carcinoma,High,Yes,Her2,3.0,Negative,Negative,3,Gain,Positive,Ductal/NST,No,Pre,5,Left,1.0,9.0,5.06,IDC,27.8,Deceased,Negative,Yes,17.3,Recurred,Female,ER+/HER2- Low Prolif,30.0,2.0,Died of Disease
MB-5121,72,Mastectomy,Breast Cancer,Breast Invasive Lobular Carcinoma,High,No,LumB,3.0,Positve,Positive,3,Neutral,Negative,Lobular,Yes,Post,8,Right,0.0,7.0,4.036,ILC,114.9,Deceased,Positive,No,111.94,Recurred,Female,ER+/HER2- High Prolif,18.0,2.0,Died of Disease
MB-5122,77,Mastectomy,Breast Cancer,Breast Mixed Ductal and Lobular Carcinoma,Moderate,No,LumA,3.0,Positve,Positive,3,Neutral,Negative,Mixed,Yes,Post,8,Right,5.0,3.0,3.08,MDLC,125.7,Deceased,Positive,Yes,124.05,Not Recurred,Female,ER+/HER2- Low Prolif,40.0,2.0,Died of Other Causes
MB-5123,69,Mastectomy,Breast Cancer,Breast Invasive Ductal Carcinoma,High,No,LumA,3.0,Positve,Positive,2,Loss,Negative,Ductal/NST,Yes,Post,7,Left,1.0,8.0,4.04,IDC,90.3,Deceased,Negative,No,61.81,Recurred,Female,ER+/HER2- Low Prolif,20.0,2.0,Died of Disease
MB-5124,83,Mastectomy,Breast Cancer,Breast Invasive Ductal Carcinoma,High,No,LumB,3.0,Positve,Positive,2,Neutral,Negative,Ductal/NST,Yes,Post,6,Right,0.0,5.0,3.052,IDC,124.2,Deceased,Positive,No,110.99,Recurred,Female,ER+/HER2- High Prolif,26.0,3.0,Died of Disease
MB-5126,63,Mastectomy,Breast Cancer,Breast Invasive Ductal Carcinoma,Moderate,Yes,Basal,3.0,Negative,Negative,3,Neutral,Negative,Ductal/NST,No,Post,10,Right,1.0,3.0,5.02,IDC,27.3,Deceased,Negative,Yes,19.7,Recurred,Female,ER+/HER2- High Prolif,10.0,3.0,Died of Disease
MB-5127,74,Mastectomy,Breast Cancer,Breast Mixed Ductal and Lobular Carcinoma,Low,No,LumB,3.0,Positve,Positive,3,Undef,Negative,Mixed,No,Post,1,Left,0.0,2.0,4.06,MDLC,191.4666667,Deceased,Positive,Yes,188.95,Not Recurred,Female,ER+/HER2- High Prolif,30.0,2.0,Died of Other Causes
MB-5131,64,Mastectomy,Breast Cancer,Breast Invasive Ductal Carcinoma,Moderate,No,LumA,3.0,Positve,Positive,2,Neutral,Negative,Ductal/NST,Yes,Post,8,Right,0.0,13.0,4.006,IDC,264.1333333,Living,Positive,No,31.38,Recurred,Female,ER+/HER2- Low Prolif,3.0,1.0,Living
MB-5134,46,Breast Conserving,Breast Cancer,Breast Invasive Ductal Carcinoma,Moderate,No,LumA,3.0,Positve,Positive,2,Neutral,Negative,Ductal/NST,No,Pre,3,Left,0.0,13.0,3.02,IDC,196.5333333,Living,Positive,Yes,193.95,Not Recurred,Female,ER+/HER2- Low Prolif,10.0,1.0,Living
MB-5135,38,Breast Conserving,Breast Cancer,Breast Invasive Ductal Carcinoma,Moderate,No,Basal,3.0,Negative,Negative,3,Neutral,Negative,Ductal/NST,No,Pre,10,Right,0.0,13.0,4.07,IDC,37.36666667,Deceased,Negative,Yes,27.66,Recurred,Female,ER+/HER2- Low Prolif,35.0,2.0,Died of Disease
MB-5136,63,Mastectomy,Breast Cancer,Breast Invasive Lobular Carcinoma,Moderate,No,LumA,3.0,Positve,Positive,3,Neutral,Negative,Lobular,Yes,Post,10,Right,0.0,13.0,4.04,ILC,178.7333333,Living,Positive,No,176.38,Not Recurred,Female,ER+/HER2- Low Prolif,20.0,1.0,Living
MB-5137,36,Breast Conserving,Breast Cancer,Breast Invasive Ductal Carcinoma,High,Yes,Basal,3.0,Negative,Negative,3,Gain,Negative,Ductal/NST,No,Pre,10,Right,0.0,13.0,5.05,IDC,43.26666667,Living,Negative,Yes,42.7,Not Recurred,Female,ER+/HER2- Low Prolif,25.0,2.0,Living
MB-5138,44,Mastectomy,Breast Cancer,Breast Invasive Ductal Carcinoma,High,Yes,Basal,3.0,Negative,Negative,3,Neutral,Negative,Ductal/NST,Yes,Pre,10,Right,2.0,5.0,5.03,IDC,37.0,Deceased,Negative,Yes,6.68,Recurred,Female,ER+/HER2- Low Prolif,15.0,2.0,Died of Disease
MB-5139,69,Mastectomy,Breast Cancer,Breast Invasive Ductal Carcinoma,High,No,LumB,3.0,Positve,Positive,3,Loss,Negative,Ductal/NST,Yes,Post,1,Right,4.0,4.0,6.058,IDC,89.96666667,Deceased,Negative,Yes,85.99,Recurred,Female,ER+/HER2- High Prolif,29.0,2.0,Died of Other Causes
MB-5140,77,Mastectomy,Breast Cancer,Breast Invasive Ductal Carcinoma,Moderate,No,LumB,3.0,Positve,Positive,2,Gain,Negative,Ductal/NST,Yes,Post,1,Right,4.0,4.0,5.1,IDC,134.7333333,Deceased,Positive,Yes,57.53,Recurred,Female,ER+/HER2- High Prolif,50.0,2.0,Died of Disease
MB-5143,78,Breast Conserving,Breast Cancer,Breast Invasive Ductal Carcinoma,Moderate,No,LumA,3.0,Positve,Positive,2,Neutral,Negative,Ductal/NST,No,Post,1,Left,0.0,5.0,3.04,IDC,127.9333333,Deceased,Positive,Yes,126.25,Not Recurred,Female,ER+/HER2- Low Prolif,20.0,1.0,Died of Other Causes
MB-5144,57,Breast Conserving,Breast Cancer,Breast Invasive Ductal Carcinoma,High,No,LumB,3.0,Positve,Positive,2,Gain,Negative,Ductal/NST,Yes,Post,9,Right,0.0,4.0,3.034,IDC,213.0333333,Living,Positive,Yes,210.23,Not Recurred,Female,ER+/HER2- High Prolif,17.0,1.0,Living
MB-5145,61,Breast Conserving,Breast Cancer,Breast Mixed Ductal and Lobular Carcinoma,Moderate,No,Normal,3.0,Positve,Negative,3,Neutral,Negative,Mixed,Yes,Post,9,Right,0.0,2.0,4.05,MDLC,159.2333333,Deceased,Negative,Yes,61.15,Recurred,Female,ER+/HER2- High Prolif,25.0,2.0,Died of Disease
MB-5147,54,Mastectomy,Breast Cancer,Breast Invasive Lobular Carcinoma,High,No,LumA,3.0,Positve,Positive,3,Gain,Positive,Lobular,Yes,Post,5,Right,0.0,11.0,4.05,ILC,20.26666667,Living,Negative,No,20.0,Not Recurred,Female,ER+/HER2- High Prolif,25.0,2.0,Living
MB-5148,76,Breast Conserving,Breast Cancer,Breast Invasive Ductal Carcinoma,Low,No,Her2,3.0,Positve,Negative,3,Neutral,Negative,Ductal/NST,No,Post,5,Right,0.0,4.0,4.04,IDC,245.2333333,Deceased,Negative,Yes,242.01,Not Recurred,Female,ER+/HER2- High Prolif,20.0,1.0,Died of Other Causes
MB-5150,69,Mastectomy,Breast Cancer,Breast Invasive Lobular Carcinoma,Low,No,Normal,3.0,Positve,Positive,2,Neutral,Negative,Lobular,No,Post,5,Left,0.0,1.0,3.002,ILC,110.8333333,Deceased,Positive,No,8.98,Recurred,Female,ER+/HER2- Low Prolif,1.0,1.0,Died of Disease
MB-5152,76,Mastectomy,Breast Cancer,Breast Invasive Ductal Carcinoma,High,No,LumA,3.0,Positve,Positive,2,Neutral,Negative,Ductal/NST,Yes,Post,7,Right,1.0,16.0,4.034,IDC,115.9333333,Deceased,Positive,No,114.41,Not Recurred,Female,ER+/HER2- High Prolif,17.0,2.0,Died of Other Causes
MB-5154,31,Mastectomy,Breast Cancer,Breast Invasive Ductal Carcinoma,Low,No,Normal,3.0,Negative,Negative,3,Gain,Positive,Ductal/NST,No,Pre,3,Left,0.0,2.0,4.002,IDC,170.8333333,Living,Negative,No,168.59,Not Recurred,Female,ER+/HER2- High Prolif,1.0,1.0,Living
MB-5155,51,Breast Conserving,Breast Cancer,Breast Invasive Ductal Carcinoma,Moderate,Yes,Normal,3.0,Negative,Negative,3,Neutral,Negative,Ductal/NST,Yes,Post,3,Right,3.0,7.0,2.06,IDC,259.9333333,Living,Negative,Yes,256.51,Not Recurred,Female,ER+/HER2- High Prolif,30.0,2.0,Living
MB-5157,70,Breast Conserving,Breast Cancer,Breast Invasive Ductal Carcinoma,Moderate,No,Normal,3.0,Positve,Positive,3,Neutral,Negative,Ductal/NST,Yes,Post,3,Right,4.0,8.0,6.024,IDC,18.23333333,Deceased,Positive,Yes,12.7,Recurred,Female,ER+/HER2- High Prolif,12.0,2.0,Died of Disease
MB-5158,66,Breast Conserving,Breast Cancer,Breast Invasive Ductal Carcinoma,High,No,LumA,3.0,Positve,Positive,2,Gain,Negative,Ductal/NST,Yes,Post,3,Right,4.0,8.0,3.04,IDC,244.1666667,Deceased,Positive,Yes,240.95,Recurred,Female,ER+/HER2- Low Prolif,20.0,1.0,Died of Disease
MB-5160,68,Breast Conserving,Breast Cancer,Breast Invasive Ductal Carcinoma,High,No,LumB,3.0,Positve,Positive,2,Neutral,Negative,Ductal/NST,Yes,Post,3,Right,0.0,8.0,3.05,IDC,87.73333333,Deceased,Positive,Yes,26.81,Recurred,Female,ER+/HER2- High Prolif,25.0,2.0,Died of Disease
MB-5161,44,Breast Conserving,Breast Cancer,Breast Invasive Ductal Carcinoma,High,No,Normal,3.0,Positve,Positive,2,Neutral,Negative,Tubular/ cribriform,No,Pre,3,Right,0.0,4.0,3.024,IDC,175.3333333,Living,Positive,Yes,173.03,Not Recurred,Female,ER+/HER2- Low Prolif,12.0,1.0,Living
MB-5162,53,Mastectomy,Breast Cancer,Breast Invasive Ductal Carcinoma,Low,No,claudin-low,3.0,Positve,Negative,2,Neutral,Negative,Ductal/NST,No,Post,3,Right,0.0,3.0,3.03,IDC,164.3333333,Living,Negative,No,162.17,Not Recurred,Female,ER+/HER2- Low Prolif,15.0,1.0,Living
MB-5163,69,Breast Conserving,Breast Cancer,Breast Invasive Ductal Carcinoma,High,No,LumA,3.0,Positve,Positive,3,Neutral,Negative,Ductal/NST,Yes,Post,3,Right,0.0,7.0,4.036,IDC,212.2,Deceased,Negative,Yes,209.41,Not Recurred,Female,ER+/HER2- Low Prolif,18.0,1.0,Died of Other Causes
MB-5164,48,Breast Conserving,Breast Cancer,Breast Invasive Ductal Carcinoma,Low,No,Normal,3.0,Positve,Positive,3,Gain,Positive,Ductal/NST,No,Pre,3,Right,0.0,9.0,4.026,IDC,80.5,Living,Positive,Yes,79.44,Not Recurred,Female,ER+/HER2- Low Prolif,13.0,1.0,Living
MB-5166,69,Mastectomy,Breast Cancer,Breast Invasive Ductal Carcinoma,High,No,LumB,3.0,Positve,Positive,3,Gain,Positive,Ductal/NST,Yes,Post,3,Right,11.0,8.0,6.06,IDC,80.73333333,Deceased,Positive,Yes,43.65,Recurred,Female,ER+/HER2- Low Prolif,30.0,3.0,Died of Disease
MB-5167,60,Mastectomy,Breast Cancer,Breast Invasive Ductal Carcinoma,Moderate,No,LumB,3.0,Positve,Positive,3,Neutral,Negative,Ductal/NST,Yes,Post,3,Left,0.0,6.0,1.06,IDC,208.4,Living,Positive,No,205.66,Not Recurred,Female,ER+/HER2- High Prolif,30.0,2.0,Living
MB-5169,62,Mastectomy,Breast Cancer,Breast Invasive Ductal Carcinoma,Moderate,No,LumB,3.0,Positve,Positive,3,Neutral,Negative,Ductal/NST,No,Post,3,Right,0.0,15.0,4.05,IDC,51.96666667,Deceased,Positive,No,41.09,Recurred,Female,ER+/HER2- High Prolif,25.0,2.0,Died of Disease
MB-5171,46,Breast Conserving,Breast Cancer,Breast Invasive Ductal Carcinoma,Low,No,Normal,3.0,Positve,Positive,2,Neutral,Negative,Ductal/NST,No,Pre,3,Right,0.0,3.0,3.022,IDC,185.0,Deceased,Positive,Yes,126.02,Recurred,Female,ER+/HER2- Low Prolif,11.0,1.0,Died of Disease
MB-5172,49,Mastectomy,Breast Cancer,Breast Invasive Ductal Carcinoma,Moderate,Yes,Her2,3.0,Negative,Negative,3,Gain,Positive,Ductal/NST,Yes,Pre,3,Right,7.0,11.0,6.08,IDC,184.2666667,Living,Negative,Yes,181.84,Not Recurred,Female,ER+/HER2- Low Prolif,40.0,3.0,Living
MB-5173,69,Mastectomy,Breast Cancer,Breast Invasive Ductal Carcinoma,High,No,Basal,3.0,Negative,Negative,3,Neutral,Negative,Ductal/NST,Yes,Post,3,Left,0.0,8.0,4.1,IDC,22.13333333,Deceased,Negative,No,19.54,Recurred,Female,ER+/HER2- Low Prolif,50.0,2.0,Died of Disease
MB-5174,54,Mastectomy,Breast Cancer,Breast Invasive Ductal Carcinoma,High,No,Her2,3.0,Negative,Positive,3,Gain,Positive,Ductal/NST,No,Post,3,Right,0.0,6.0,1.03,IDC,151.2,Deceased,Negative,No,149.21,Not Recurred,Female,ER+/HER2- Low Prolif,15.0,2.0,Died of Other Causes
MB-5175,50,Breast Conserving,Breast Cancer,Breast Invasive Ductal Carcinoma,Moderate,No,claudin-low,3.0,Positve,Positive,3,Neutral,Negative,Ductal/NST,Yes,Post,3,Right,3.0,2.0,2.036,IDC,194.7,Deceased,Positive,Yes,192.14,Not Recurred,Female,ER+/HER2- Low Prolif,18.0,2.0,Died of Other Causes
MB-5176,53,Breast Conserving,Breast Cancer,Invasive Breast Carcinoma,High,No,claudin-low,3.0,Positve,Positive,2,Neutral,Negative,Ductal/NST,No,Post,3,Right,0.0,19.0,3.03,BRCA,112.6333333,Deceased,Negative,Yes,111.15,Not Recurred,Female,ER+/HER2- High Prolif,15.0,1.0,Died of Other Causes
MB-5177,68,Mastectomy,Breast Cancer,Breast Invasive Ductal Carcinoma,High,No,claudin-low,3.0,Positve,Positive,3,Loss,Negative,Ductal/NST,Yes,Post,3,Right,1.0,3.0,5.0,IDC,65.23333333,Deceased,Negative,No,64.38,Not Recurred,Female,ER+/HER2- High Prolif,15.0,1.0,Died of Other Causes
MB-5178,65,Mastectomy,Breast Cancer,Breast Invasive Lobular Carcinoma,Low,No,Normal,3.0,Positve,Positive,3,Neutral,Negative,Lobular,Yes,Post,3,Right,0.0,6.0,4.04,ILC,184.3333333,Living,Negative,No,181.91,Not Recurred,Female,ER+/HER2- Low Prolif,20.0,1.0,Living
MB-5179,68,Mastectomy,Breast Cancer,Breast Mixed Ductal and Lobular Carcinoma,Moderate,No,LumA,3.0,Positve,Positive,3,Neutral,Negative,Mixed,Yes,Post,3,Right,0.0,9.0,4.03,MDLC,246.6,Deceased,Negative,No,243.36,Not Recurred,Female,ER+/HER2- Low Prolif,15.0,1.0,Died of Other Causes
MB-5182,78,Breast Conserving,Breast Cancer,Breast Mixed Ductal and Lobular Carcinoma,Moderate,No,LumA,3.0,Positve,Positive,3,Neutral,Negative,Mixed,Yes,Post,3,Right,0.0,5.0,4.06,MDLC,134.2666667,Deceased,Positive,Yes,132.5,Not Recurred,Female,ER+/HER2- Low Prolif,30.0,1.0,Died of Other Causes
MB-5183,74,Breast Conserving,Breast Cancer,Breast Invasive Ductal Carcinoma,Moderate,No,LumA,3.0,Positve,Positive,2,Neutral,Negative,Ductal/NST,Yes,Post,3,Left,0.0,8.0,3.03,IDC,118.5333333,Deceased,Positive,Yes,116.97,Not Recurred,Female,ER+/HER2- Low Prolif,15.0,1.0,Died of Other Causes
MB-5184,79,Mastectomy,Breast Cancer,Breast Invasive Lobular Carcinoma,Moderate,No,LumA,3.0,Positve,Positive,2,Neutral,Negative,Lobular,No,Post,3,Right,0.0,7.0,3.04,ILC,89.33333333,Deceased,Positive,No,88.16,Not Recurred,Female,ER+/HER2- Low Prolif,20.0,1.0,Died of Other Causes
MB-5185,61,Mastectomy,Breast Cancer,Breast Invasive Ductal Carcinoma,Moderate,No,LumA,3.0,Positve,Positive,3,Neutral,Negative,Ductal/NST,Yes,Post,3,Left,0.0,7.0,4.07,IDC,77.46666667,Deceased,Positive,No,73.22,Recurred,Female,ER+/HER2- Low Prolif,35.0,2.0,Died of Disease
MB-5186,42,Breast Conserving,Breast Cancer,Breast Invasive Ductal Carcinoma,Low,No,LumA,3.0,Positve,Positive,3,Gain,Positive,Ductal/NST,No,Pre,3,Left,0.0,13.0,1.02,IDC,203.2666667,Living,Positive,Yes,200.59,Not Recurred,Female,ER+/HER2- High Prolif,10.0,1.0,Living
MB-5188,65,Mastectomy,Breast Cancer,Breast Invasive Ductal Carcinoma,High,No,Basal,3.0,Positve,Positive,3,Neutral,Negative,Ductal/NST,Yes,Post,3,Left,1.0,2.0,5.05,IDC,19.4,Deceased,Negative,No,7.14,Recurred,Female,ER+/HER2- High Prolif,25.0,2.0,Died of Disease
MB-5189,69,Breast Conserving,Breast Cancer,Breast Invasive Ductal Carcinoma,Moderate,No,LumA,3.0,Positve,Positive,3,Neutral,Negative,Ductal/NST,Yes,Post,3,Right,9.0,4.0,6.1,IDC,111.9666667,Deceased,Positive,No,45.33,Recurred,Female,ER+/HER2- Low Prolif,50.0,2.0,Died of Disease
MB-5190,53,Breast Conserving,Breast Cancer,Invasive Breast Carcinoma,Low,No,Basal,3.0,Negative,Negative,3,Gain,Positive,Ductal/NST,No,Post,3,Right,0.0,5.0,4.03,BRCA,242.5666667,Living,Negative,Yes,239.38,Not Recurred,Female,ER+/HER2- Low Prolif,15.0,1.0,Living
MB-5191,54,Mastectomy,Breast Cancer,Breast Invasive Lobular Carcinoma,Moderate,No,LumA,3.0,Positve,Positive,3,Neutral,Negative,Lobular,Yes,Post,3,Left,0.0,8.0,4.04,ILC,142.1666667,Deceased,Positive,No,140.3,Not Recurred,Female,ER+/HER2- Low Prolif,20.0,1.0,Died of Other Causes
MB-5193,88,Mastectomy,Breast Cancer,Breast Invasive Ductal Carcinoma,Moderate,No,LumA,3.0,Positve,Positive,1,Neutral,Negative,Ductal/NST,Yes,Post,3,Left,1.0,6.0,3.06,IDC,54.26666667,Deceased,Positive,No,53.55,Not Recurred,Female,ER+/HER2- High Prolif,30.0,2.0,Died of Other Causes
MB-5195,72,Breast Conserving,Breast Cancer,Breast Invasive Ductal Carcinoma,Moderate,No,LumA,3.0,Positve,Positive,3,Gain,Positive,Ductal/NST,Yes,Post,3,Left,0.0,5.0,4.03,IDC,196.8666667,Deceased,Positive,Yes,194.28,Recurred,Female,ER+/HER2- High Prolif,15.0,1.0,Died of Disease
MB-5196,52,Mastectomy,Breast Cancer,Breast Invasive Ductal Carcinoma,High,No,LumA,3.0,Positve,Positive,2,Neutral,Negative,Ductal/NST,No,Post,3,Left,0.0,13.0,3.03,IDC,94.03333333,Deceased,Negative,No,10.3,Recurred,Female,ER+/HER2- High Prolif,15.0,1.0,Died of Disease
MB-5197,62,Mastectomy,Breast Cancer,Breast Invasive Ductal Carcinoma,High,No,LumA,3.0,Positve,Positive,2,Neutral,Negative,Ductal/NST,Yes,Post,3,Left,3.0,1.0,4.05,IDC,223.8333333,Deceased,Negative,No,220.89,Recurred,Female,ER+/HER2- High Prolif,25.0,2.0,Died of Disease
MB-5199,65,Mastectomy,Breast Cancer,Breast Invasive Ductal Carcinoma,Low,No,Basal,3.0,Negative,Negative,3,Gain,Positive,Ductal/NST,Yes,Post,3,Right,0.0,2.0,4.03,IDC,204.4,Living,Negative,No,201.71,Not Recurred,Female,ER+/HER2- High Prolif,15.0,1.0,Living
MB-5200,70,Breast Conserving,Breast Cancer,Breast Invasive Ductal Carcinoma,Moderate,No,LumB,3.0,Positve,Positive,3,Gain,Negative,Ductal/NST,Yes,Post,3,Right,0.0,5.0,4.03,IDC,52.3,Deceased,Negative,Yes,20.03,Recurred,Female,ER+/HER2- High Prolif,15.0,1.0,Died of Disease
MB-5201,73,Breast Conserving,Breast Cancer,Breast Invasive Ductal Carcinoma,Moderate,No,LumA,3.0,Positve,Positive,2,Neutral,Negative,Ductal/NST,Yes,Post,3,Right,0.0,2.0,3.04,IDC,96.96666667,Deceased,Positive,Yes,95.69,Not Recurred,Female,ER+/HER2- Low Prolif,20.0,1.0,Died of Other Causes
MB-5204,76,Breast Conserving,Breast Cancer,Breast Invasive Ductal Carcinoma,Moderate,No,LumA,3.0,Positve,Positive,2,Neutral,Negative,Ductal/NST,Yes,Post,3,Right,3.0,6.0,2.048,IDC,191.9333333,Deceased,Positive,No,158.06,Recurred,Female,ER+/HER2- Low Prolif,24.0,2.0,Died of Other Causes
MB-5205,50,Breast Conserving,Breast Cancer,Breast Invasive Ductal Carcinoma,High,Yes,Basal,3.0,Negative,Positive,3,Neutral,Negative,Ductal/NST,Yes,Post,3,Left,3.0,9.0,5.07,IDC,185.3,Living,Negative,Yes,73.98,Recurred,Female,ER+/HER2- Low Prolif,35.0,2.0,Living
MB-5206,67,Mastectomy,Breast Cancer,Breast Mixed Ductal and Lobular Carcinoma,Moderate,No,LumA,3.0,Positve,Positive,2,Neutral,Negative,Mixed,No,Post,3,Right,0.0,3.0,3.03,MDLC,205.7333333,Living,Negative,No,203.03,Not Recurred,Female,ER+/HER2- Low Prolif,15.0,1.0,Living
MB-5208,52,Mastectomy,Breast Cancer,Breast Invasive Ductal Carcinoma,Moderate,No,Basal,3.0,Negative,Negative,3,Neutral,Negative,Ductal/NST,No,Post,3,Left,0.0,7.0,4.054,IDC,151.9,Living,Negative,No,149.9,Not Recurred,Female,ER+/HER2- Low Prolif,27.0,2.0,Living
MB-5209,79,Mastectomy,Breast Cancer,Breast Invasive Ductal Carcinoma,Moderate,No,Basal,3.0,Negative,Negative,3,Neutral,Negative,Ductal/NST,Yes,Post,3,Right,0.0,6.0,4.12,IDC,175.1,Deceased,Negative,Yes,172.8,Not Recurred,Female,ER+/HER2- Low Prolif,60.0,2.0,Died of Other Causes
MB-5211,68,Mastectomy,Breast Cancer,Breast Invasive Ductal Carcinoma,High,No,LumB,3.0,Positve,Positive,3,Neutral,Negative,Ductal/NST,Yes,Post,3,Right,0.0,7.0,4.06,IDC,247.8333333,Deceased,Positive,No,244.57,Not Recurred,Female,ER+/HER2- High Prolif,30.0,2.0,Died of Other Causes
MB-5212,80,Mastectomy,Breast Cancer,Breast Invasive Ductal Carcinoma,High,No,LumB,3.0,Positve,Positive,3,Gain,Positive,Ductal/NST,Yes,Post,3,Right,0.0,4.0,4.07,IDC,179.1,Deceased,Negative,No,176.74,Not Recurred,Female,ER+/HER2- High Prolif,35.0,2.0,Died of Other Causes
MB-5213,74,Mastectomy,Breast Cancer,Breast Invasive Ductal Carcinoma,High,Yes,Her2,3.0,Negative,Negative,3,Gain,Negative,Ductal/NST,Yes,Post,3,Left,12.0,9.0,6.05,IDC,43.4,Deceased,Negative,Yes,22.5,Recurred,Female,ER+/HER2- High Prolif,25.0,3.0,Died of Disease
MB-5214,66,Breast Conserving,Breast Cancer,Breast Invasive Ductal Carcinoma,Low,No,Normal,3.0,Positve,Positive,2,Neutral,Negative,Ductal/NST,Yes,Post,3,Left,0.0,1.0,3.04,IDC,107.3666667,Deceased,Positive,Yes,37.5,Recurred,Female,ER+/HER2- Low Prolif,20.0,1.0,Died of Other Causes
MB-5215,74,Mastectomy,Breast Cancer,Breast Invasive Ductal Carcinoma,High,No,LumB,3.0,Positve,Positive,3,Neutral,Negative,Ductal/NST,Yes,Post,3,Right,6.0,3.0,6.056,IDC,118.7,Deceased,Negative,Yes,115.76,Recurred,Female,ER+/HER2- High Prolif,28.0,1.0,Died of Disease
MB-5218,42,Breast Conserving,Breast Cancer,Breast Invasive Ductal Carcinoma,High,No,LumB,3.0,Positve,Positive,3,Neutral,Negative,Ductal/NST,No,Pre,3,Left,0.0,5.0,4.02,IDC,254.9666667,Living,Negative,Yes,251.61,Not Recurred,Female,ER+/HER2- High Prolif,10.0,1.0,Living
MB-5219,55,Mastectomy,Breast Cancer,Invasive Breast Carcinoma,Moderate,No,LumA,3.0,Positve,Positive,2,Neutral,Negative,Ductal/NST,Yes,Post,3,Left,0.0,5.0,3.04,BRCA,252.9,Living,Positive,No,249.57,Not Recurred,Female,ER+/HER2- Low Prolif,20.0,1.0,Living
MB-5221,63,Mastectomy,Breast Cancer,Breast Invasive Ductal Carcinoma,High,No,LumA,3.0,Positve,Positive,1,Neutral,Negative,Ductal/NST,No,Post,3,Left,0.0,6.0,2.04,IDC,131.3,Deceased,Positive,No,129.57,Not Recurred,Female,ER+/HER2- Low Prolif,20.0,1.0,Died of Other Causes
MB-5222,76,Breast Conserving,Breast Cancer,Breast Invasive Ductal Carcinoma,Moderate,No,claudin-low,3.0,Negative,Negative,3,Gain,Negative,Ductal/NST,Yes,Post,3,Right,0.0,3.0,4.03,IDC,111.8333333,Deceased,Negative,Yes,110.36,Not Recurred,Female,ER+/HER2- Low Prolif,15.0,1.0,Died of Other Causes
MB-5223,42,Breast Conserving,Breast Cancer,Breast Invasive Ductal Carcinoma,Moderate,Yes,claudin-low,3.0,Negative,Negative,2,Neutral,Negative,Ductal/NST,No,Pre,3,Right,2.0,2.0,4.044,IDC,144.6666667,Deceased,Negative,Yes,134.9,Recurred,Female,ER+/HER2- Low Prolif,22.0,2.0,Died of Disease
MB-5224,90,Mastectomy,Breast Cancer,Breast Invasive Ductal Carcinoma,High,No,LumA,3.0,Positve,Positive,3,Neutral,Negative,Ductal/NST,Yes,Post,3,Left,1.0,9.0,5.04,IDC,99.4,Deceased,Positive,No,98.09,Recurred,Female,ER+/HER2- Low Prolif,20.0,2.0,Died of Disease
MB-5225,68,Breast Conserving,Breast Cancer,Breast Invasive Ductal Carcinoma,High,No,Basal,3.0,Negative,Negative,3,Neutral,Negative,Ductal/NST,Yes,Post,3,Left,0.0,10.0,4.06,IDC,43.26666667,Deceased,Negative,Yes,17.83,Recurred,Female,ER+/HER2- Low Prolif,30.0,2.0,Died of Disease
MB-5226,75,Breast Conserving,Breast Cancer,Breast Invasive Ductal Carcinoma,Moderate,No,LumB,3.0,Positve,Positive,3,Loss,Negative,Ductal/NST,No,Post,3,Left,0.0,5.0,4.03,IDC,200.6,Living,Negative,Yes,197.96,Not Recurred,Female,ER+/HER2- High Prolif,15.0,1.0,Living
MB-5227,74,Mastectomy,Breast Cancer,Breast Invasive Ductal Carcinoma,High,No,LumA,3.0,Positve,Positive,2,Neutral,Negative,Ductal/NST,Yes,Post,3,Right,1.0,5.0,4.03,IDC,187.0333333,Deceased,Positive,No,184.57,Not Recurred,Female,ER+/HER2- High Prolif,15.0,2.0,Died of Other Causes
MB-5228,72,Breast Conserving,Breast Cancer,Breast Invasive Ductal Carcinoma,Moderate,No,LumB,3.0,Positve,Positive,3,Neutral,Negative,Ductal/NST,Yes,Post,3,Left,0.0,7.0,4.06,IDC,180.7333333,Deceased,Positive,Yes,178.36,Not Recurred,Female,ER+/HER2- High Prolif,30.0,2.0,Died of Other Causes
MB-5229,39,Mastectomy,Breast Cancer,Breast Invasive Ductal Carcinoma,High,Yes,Basal,3.0,Negative,Negative,3,Gain,Positive,Ductal/NST,No,Pre,3,Right,1.0,8.0,5.05,IDC,33.96666667,Deceased,Negative,No,25.59,Recurred,Female,ER+/HER2- High Prolif,25.0,2.0,Died of Disease
MB-5230,48,Breast Conserving,Breast Cancer,Breast Invasive Mixed Mucinous Carcinoma,Moderate,No,LumA,3.0,Positve,Positive,2,Neutral,Negative,Mucinous,No,Pre,3,Right,0.0,6.0,3.03,IMMC,176.5,Living,Positive,Yes,174.18,Not Recurred,Female,ER+/HER2- Low Prolif,15.0,1.0,Living
MB-5231,61,Mastectomy,Breast Cancer,Breast Invasive Ductal Carcinoma,Moderate,No,Her2,3.0,Negative,Negative,2,Gain,Positive,Ductal/NST,Yes,Post,3,Left,0.0,5.0,3.05,IDC,16.56666667,Deceased,Negative,No,13.95,Recurred,Female,ER+/HER2- Low Prolif,25.0,2.0,Died of Disease
MB-5232,74,Breast Conserving,Breast Cancer,Breast Invasive Ductal Carcinoma,Moderate,No,Basal,3.0,Negative,Negative,2,Neutral,Negative,Ductal/NST,No,Post,3,Left,0.0,5.0,3.028,IDC,211.2,Deceased,Negative,Yes,208.42,Not Recurred,Female,ER+/HER2- Low Prolif,14.0,1.0,Died of Other Causes
MB-5233,79,Breast Conserving,Breast Cancer,Breast Invasive Ductal Carcinoma,Moderate,No,LumB,3.0,Positve,Positive,2,Neutral,Negative,Ductal/NST,Yes,Post,3,Right,0.0,4.0,3.06,IDC,209.0333333,Deceased,Positive,Yes,206.28,Not Recurred,Female,ER+/HER2- High Prolif,30.0,2.0,Died of Other Causes
MB-5235,59,Breast Conserving,Breast Cancer,Breast Invasive Ductal Carcinoma,Moderate,No,Basal,3.0,Positve,Negative,2,Neutral,Negative,Ductal/NST,No,Post,3,Right,0.0,13.0,3.012,IDC,204.2,Deceased,Negative,Yes,201.51,Recurred,Female,ER+/HER2- High Prolif,6.0,1.0,Died of Disease
MB-5236,63,Breast Conserving,Breast Cancer,Breast Invasive Ductal Carcinoma,High,Yes,Basal,3.0,Negative,Negative,3,Neutral,Negative,Ductal/NST,Yes,Post,3,Right,3.0,5.0,5.13,IDC,166.6666667,Living,Negative,Yes,164.47,Not Recurred,Female,ER+/HER2- High Prolif,65.0,3.0,Living
MB-5238,46,Breast Conserving,Breast Cancer,Breast Invasive Ductal Carcinoma,Moderate,Yes,Normal,3.0,Negative,Positive,3,Gain,Positive,Ductal/NST,No,Pre,3,Right,2.0,4.0,5.04,IDC,44.13333333,Deceased,Negative,Yes,16.78,Recurred,Female,ER+/HER2- High Prolif,20.0,2.0,Died of Disease
MB-5239,69,Mastectomy,Breast Cancer,Breast Mixed Ductal and Lobular Carcinoma,High,No,LumB,3.0,Negative,Positive,2,Neutral,Negative,Mixed,No,Post,3,Right,0.0,1.0,3.03,MDLC,192.1333333,Living,Positive,No,163.65,Recurred,Female,ER+/HER2- High Prolif,15.0,1.0,Living
MB-5240,56,Breast Conserving,Breast Cancer,Breast Mixed Ductal and Lobular Carcinoma,High,No,LumA,3.0,Positve,Positive,2,Neutral,Negative,Mixed,No,Post,3,Right,0.0,5.0,3.024,MDLC,103.8333333,Deceased,Positive,Yes,102.47,Not Recurred,Female,ER+/HER2- Low Prolif,12.0,1.0,Died of Other Causes
MB-5243,62,Mastectomy,Breast Cancer,Breast Invasive Ductal Carcinoma,High,No,LumB,3.0,Positve,Positive,1,Gain,Negative,Ductal/NST,Yes,Post,3,Right,2.0,7.0,3.11,IDC,38.43333333,Deceased,Negative,No,37.83,Recurred,Female,ER+/HER2- High Prolif,55.0,1.0,Died of Other Causes
MB-5244,69,Mastectomy,Breast Cancer,Breast Invasive Ductal Carcinoma,High,No,LumB,3.0,Positve,Positive,3,Neutral,Negative,Ductal/NST,Yes,Post,3,Left,0.0,5.0,4.08,IDC,216.8666667,Deceased,Positive,No,118.78,Recurred,Female,ER+/HER2- High Prolif,40.0,2.0,Died of Disease
MB-5251,76,Mastectomy,Breast Cancer,Breast Invasive Ductal Carcinoma,Moderate,No,LumA,3.0,Positve,Positive,3,Neutral,Negative,Ductal/NST,Yes,Post,3,Left,1.0,2.0,2.04,IDC,112.4666667,Deceased,Positive,No,85.59,Recurred,Female,ER+/HER2- Low Prolif,20.0,2.0,Died of Disease
MB-5253,69,Mastectomy,Breast Cancer,Breast Mixed Ductal and Lobular Carcinoma,Moderate,No,LumA,3.0,Positve,Positive,2,Neutral,Negative,Mixed,Yes,Post,3,Left,0.0,4.0,3.06,MDLC,102.0666667,Deceased,Positive,No,100.72,Not Recurred,Female,ER+/HER2- Low Prolif,30.0,2.0,Died of Other Causes
MB-5255,58,Breast Conserving,Breast Cancer,Breast Invasive Ductal Carcinoma,Low,No,claudin-low,3.0,Negative,Negative,3,Gain,Negative,Ductal/NST,No,Post,3,Left,0.0,4.0,4.03,IDC,53.56666667,Living,Negative,Yes,52.86,Not Recurred,Female,ER+/HER2- Low Prolif,15.0,1.0,Living
MB-5256,70,Mastectomy,Breast Cancer,Breast Invasive Ductal Carcinoma,Moderate,No,LumA,3.0,Positve,Positive,2,Neutral,Negative,Ductal/NST,Yes,Post,3,Right,3.0,4.0,4.046,IDC,108.0666667,Deceased,Positive,Yes,83.59,Recurred,Female,ER+/HER2- High Prolif,23.0,2.0,Died of Disease
MB-5258,72,Mastectomy,Breast Cancer,Breast Invasive Ductal Carcinoma,High,No,Basal,3.0,Negative,Negative,3,Neutral,Negative,Ductal/NST,Yes,Post,3,Left,0.0,5.0,4.06,IDC,101.0666667,Deceased,Negative,No,99.74,Not Recurred,Female,ER+/HER2- High Prolif,30.0,2.0,Died of Other Causes
MB-5259,41,Mastectomy,Breast Cancer,Breast Invasive Ductal Carcinoma,High,Yes,Her2,3.0,Negative,Negative,3,Gain,Positive,Ductal/NST,No,Pre,3,Right,1.0,10.0,5.07,IDC,46.16666667,Deceased,Negative,Yes,26.15,Recurred,Female,ER+/HER2- High Prolif,35.0,2.0,Died of Disease
MB-5260,72,Breast Conserving,Breast Cancer,Breast Mixed Ductal and Lobular Carcinoma,Moderate,No,LumB,3.0,Positve,Positive,3,Neutral,Negative,Mixed,No,Post,3,Right,0.0,5.0,4.03,MDLC,202.1,Deceased,Positive,Yes,199.44,Not Recurred,Female,ER+/HER2- High Prolif,15.0,1.0,Died of Other Causes
MB-5261,66,Breast Conserving,Breast Cancer,Breast Invasive Ductal Carcinoma,High,No,LumB,3.0,Positve,Positive,2,Neutral,Negative,Ductal/NST,No,Post,3,Right,0.0,3.0,3.03,IDC,116.4666667,Deceased,Positive,Yes,114.93,Not Recurred,Female,ER+/HER2- High Prolif,15.0,1.0,Died of Other Causes
MB-5264,46,Breast Conserving,Breast Cancer,Breast Invasive Ductal Carcinoma,High,No,LumA,3.0,Positve,Positive,3,Neutral,Negative,Ductal/NST,No,Pre,3,Left,0.0,7.0,4.036,IDC,199.3,Living,Positive,Yes,196.68,Not Recurred,Female,ER+/HER2- Low Prolif,18.0,1.0,Living
MB-5266,76,Mastectomy,Breast Cancer,Breast Invasive Ductal Carcinoma,High,No,LumB,3.0,Positve,Positive,3,Gain,Positive,Ductal/NST,Yes,Post,3,Left,0.0,10.0,4.06,IDC,83.63333333,Deceased,Negative,No,75.63,Recurred,Female,ER+/HER2- High Prolif,30.0,2.0,Died of Other Causes
MB-5267,52,Breast Conserving,Breast Cancer,Breast Invasive Ductal Carcinoma,Moderate,No,LumA,3.0,Positve,Positive,2,Neutral,Negative,Ductal/NST,No,Post,3,Right,0.0,6.0,3.03,IDC,71.06666667,Deceased,Positive,Yes,45.72,Recurred,Female,ER+/HER2- Low Prolif,15.0,1.0,Died of Disease
MB-5268,47,Breast Conserving,Breast Cancer,Breast Mixed Ductal and Lobular Carcinoma,Moderate,No,LumA,3.0,Positve,Positive,2,Neutral,Negative,Mixed,No,Pre,3,Right,0.0,4.0,3.06,MDLC,186.1333333,Living,Positive,Yes,178.88,Recurred,Female,ER+/HER2- Low Prolif,30.0,2.0,Living
MB-5270,67,Mastectomy,Breast Cancer,Breast Mixed Ductal and Lobular Carcinoma,High,No,LumA,3.0,Positve,Positive,3,Neutral,Negative,Mixed,Yes,Post,3,Left,1.0,7.0,5.07,MDLC,187.8333333,Deceased,Positive,No,185.36,Not Recurred,Female,ER+/HER2- High Prolif,35.0,2.0,Died of Other Causes
MB-5271,58,Mastectomy,Breast Cancer,Breast Invasive Ductal Carcinoma,High,No,LumB,3.0,Positve,Positive,2,Gain,Negative,Medullary,Yes,Post,3,Left,0.0,10.0,3.08,IDC,167.5,Living,Negative,No,165.3,Not Recurred,Female,ER+/HER2- High Prolif,40.0,2.0,Living
MB-5272,40,Breast Conserving,Breast Cancer,Breast Invasive Ductal Carcinoma,Moderate,No,claudin-low,3.0,Positve,Positive,3,Neutral,Negative,Medullary,No,Pre,3,Left,0.0,10.0,4.04,IDC,201.9333333,Deceased,Negative,Yes,112.96,Recurred,Female,ER+/HER2- High Prolif,20.0,1.0,Died of Disease
MB-5273,60,Mastectomy,Breast Cancer,Breast Invasive Ductal Carcinoma,High,No,LumB,3.0,Positve,Positive,3,Neutral,Negative,Ductal/NST,Yes,Post,3,Left,0.0,2.0,4.04,IDC,60.86666667,Deceased,Positive,No,44.21,Recurred,Female,ER+/HER2- High Prolif,20.0,1.0,Died of Disease
MB-5275,72,Mastectomy,Breast Cancer,Breast Invasive Ductal Carcinoma,Moderate,No,Her2,3.0,Positve,Positive,2,Neutral,Negative,Ductal/NST,No,Post,3,Left,0.0,80.0,3.0,IDC,75.96666667,Deceased,Negative,No,69.51,Recurred,Female,ER+/HER2- High Prolif,20.0,1.0,Died of Other Causes
MB-5277,35,Mastectomy,Breast Cancer,Breast Invasive Ductal Carcinoma,Low,No,Normal,3.0,Positve,Positive,2,Neutral,Negative,Ductal/NST,No,Pre,3,Right,0.0,5.0,3.036,IDC,221.0666667,Deceased,Positive,No,151.22,Recurred,Female,ER+/HER2- Low Prolif,18.0,1.0,Died of Disease
MB-5278,47,Mastectomy,Breast Cancer,Breast Mixed Ductal and Lobular Carcinoma,Moderate,No,Normal,3.0,Positve,Positive,2,Neutral,Negative,Mixed,No,Pre,3,Left,0.0,2.0,1.04,MDLC,99.96666667,Deceased,Positive,No,85.16,Recurred,Female,ER+/HER2- Low Prolif,20.0,1.0,Died of Disease
MB-5279,66,Mastectomy,Breast Cancer,Breast Invasive Ductal Carcinoma,High,No,LumA,3.0,Positve,Positive,3,Neutral,Negative,Ductal/NST,No,Post,3,Right,0.0,6.0,4.08,IDC,68.76666667,Deceased,Negative,No,30.2,Recurred,Female,ER+/HER2- High Prolif,40.0,2.0,Died of Other Causes
MB-5280,45,Mastectomy,Breast Cancer,Breast Mixed Ductal and Lobular Carcinoma,Low,No,Normal,3.0,Positve,Positive,3,Loss,Negative,Mixed,No,Pre,3,Left,0.0,9.0,4.004,MDLC,77.86666667,Deceased,Positive,No,56.71,Recurred,Female,ER+/HER2- High Prolif,2.0,2.0,Died of Disease
MB-5281,55,Breast Conserving,Breast Cancer,Breast Invasive Ductal Carcinoma,Moderate,No,LumA,3.0,Negative,Negative,3,Neutral,Negative,Ductal/NST,No,Post,3,Left,0.0,7.0,4.03,IDC,79.3,Living,Negative,Yes,78.26,Not Recurred,Female,ER+/HER2- Low Prolif,15.0,1.0,Living
MB-5284,68,Mastectomy,Breast Cancer,Breast Mixed Ductal and Lobular Carcinoma,Moderate,No,LumA,3.0,Positve,Positive,3,Neutral,Negative,Mixed,Yes,Post,3,Left,5.0,9.0,6.08,MDLC,65.33333333,Deceased,Positive,Yes,64.47,Not Recurred,Female,ER+/HER2- Low Prolif,40.0,2.0,Died of Other Causes
MB-5287,69,Breast Conserving,Breast Cancer,Breast Invasive Ductal Carcinoma,Moderate,No,LumA,3.0,Positve,Positive,2,Neutral,Negative,Ductal/NST,No,Post,3,Left,0.0,5.0,3.04,IDC,124.0,Deceased,Positive,Yes,122.37,Not Recurred,Female,ER+/HER2- Low Prolif,20.0,1.0,Died of Other Causes
MB-5288,70,Breast Conserving,Breast Cancer,Breast Invasive Ductal Carcinoma,High,No,LumB,3.0,Positve,Positive,2,Neutral,Negative,Ductal/NST,Yes,Post,3,Right,2.0,22.0,4.07,IDC,128.4,Deceased,Negative,Yes,126.71,Not Recurred,Female,ER+/HER2- High Prolif,35.0,2.0,Died of Other Causes
MB-5289,65,Breast Conserving,Breast Cancer,Breast Invasive Ductal Carcinoma,High,No,LumA,3.0,Positve,Positive,3,Neutral,Negative,Ductal/NST,Yes,Post,3,Left,2.0,22.0,5.052,IDC,87.0,Deceased,Positive,Yes,85.86,Not Recurred,Female,ER+/HER2- Low Prolif,26.0,2.0,Died of Other Causes
MB-5290,69,Mastectomy,Breast Cancer,Breast Invasive Ductal Carcinoma,High,No,LumA,3.0,Positve,Positive,2,Neutral,Negative,Ductal/NST,No,Post,3,Left,0.0,7.0,3.044,IDC,36.93333333,Deceased,Positive,No,36.45,Not Recurred,Female,ER+/HER2- Low Prolif,22.0,2.0,Died of Other Causes
MB-5291,67,Breast Conserving,Breast Cancer,Breast Invasive Ductal Carcinoma,High,No,LumB,3.0,Positve,Positive,2,Gain,Negative,Ductal/NST,Yes,Post,3,Right,0.0,4.0,3.03,IDC,153.5333333,Living,Positive,Yes,151.51,Not Recurred,Female,ER+/HER2- High Prolif,15.0,1.0,Living
MB-5292,82,Mastectomy,Breast Cancer,Breast Invasive Ductal Carcinoma,Moderate,No,LumB,3.0,Positve,Positive,2,Gain,Positive,Ductal/NST,No,Post,3,Left,0.0,5.0,3.01,IDC,48.43333333,Deceased,Negative,No,9.31,Recurred,Female,ER+/HER2- High Prolif,5.0,1.0,Died of Disease
MB-5293,70,Breast Conserving,Breast Cancer,Breast Mixed Ductal and Lobular Carcinoma,High,No,LumA,3.0,Positve,Positive,2,Neutral,Negative,Mixed,No,Post,3,Left,0.0,10.0,3.06,MDLC,208.9666667,Deceased,Positive,Yes,206.22,Recurred,Female,ER+/HER2- Low Prolif,30.0,2.0,Died of Disease
MB-5294,31,Mastectomy,Breast Cancer,Breast Invasive Ductal Carcinoma,Moderate,Yes,Basal,3.0,Negative,Negative,3,Neutral,Negative,Ductal/NST,Yes,Pre,3,Right,14.0,5.0,6.198,IDC,195.9333333,Living,Positive,Yes,193.36,Not Recurred,Female,ER+/HER2- Low Prolif,99.0,3.0,Living
MB-5295,60,Breast Conserving,Breast Cancer,Breast Invasive Ductal Carcinoma,Low,No,Basal,3.0,Negative,Negative,2,Neutral,Negative,Ductal/NST,No,Post,3,Left,0.0,10.0,3.05,IDC,75.7,Deceased,Negative,Yes,74.7,Not Recurred,Female,ER+/HER2- Low Prolif,25.0,2.0,Died of Other Causes
MB-5296,78,Mastectomy,Breast Cancer,Breast Invasive Ductal Carcinoma,Moderate,No,claudin-low,3.0,Positve,Negative,3,Gain,Positive,Ductal/NST,Yes,Post,3,Right,6.0,7.0,6.08,IDC,13.8,Deceased,Negative,Yes,10.72,Recurred,Female,ER+/HER2- Low Prolif,40.0,3.0,Died of Disease
MB-5298,49,Breast Conserving,Breast Cancer,Breast Invasive Lobular Carcinoma,High,Yes,Basal,3.0,Negative,Negative,3,Neutral,Negative,Lobular,No,Pre,3,Right,5.0,3.0,6.046,ILC,84.9,Deceased,Negative,No,22.04,Recurred,Female,ER+/HER2- Low Prolif,23.0,2.0,Died of Disease
MB-5299,53,Breast Conserving,Breast Cancer,Breast Invasive Lobular Carcinoma,High,Yes,Basal,3.0,Negative,Negative,3,Neutral,Negative,Lobular,Yes,Post,3,Left,2.0,8.0,5.08,ILC,16.7,Deceased,Negative,No,4.97,Recurred,Female,ER+/HER2- Low Prolif,40.0,2.0,Died of Disease
MB-5300,55,Breast Conserving,Breast Cancer,Breast Invasive Ductal Carcinoma,Moderate,No,LumA,3.0,Positve,Positive,1,Neutral,Negative,Ductal/NST,No,Post,3,Right,0.0,7.0,2.03,IDC,190.1666667,Living,Positive,Yes,17.6,Recurred,Female,ER+/HER2- Low Prolif,15.0,1.0,Living
MB-5301,64,Breast Conserving,Breast Cancer,Invasive Breast Carcinoma,Moderate,No,Her2,3.0,Negative,Positive,2,Neutral,Negative,Ductal/NST,No,Post,3,Left,0.0,7.0,3.036,BRCA,241.2333333,Living,Negative,Yes,126.64,Recurred,Female,ER+/HER2- Low Prolif,18.0,1.0,Living
MB-5302,52,Mastectomy,Breast Cancer,Invasive Breast Carcinoma,High,No,Normal,3.0,Positve,Positive,1,Neutral,Negative,Ductal/NST,Yes,Post,3,Left,0.0,7.0,2.12,BRCA,191.1,Living,Negative,Yes,188.59,Not Recurred,Female,ER+/HER2- High Prolif,60.0,2.0,Living
MB-5305,61,Mastectomy,Breast Cancer,Breast Mixed Ductal and Lobular Carcinoma,High,No,LumA,3.0,Positve,Positive,2,Neutral,Negative,Mixed,Yes,Post,3,Right,1.0,4.0,4.06,MDLC,149.4333333,Deceased,Positive,No,28.06,Recurred,Female,ER+/HER2- High Prolif,30.0,2.0,Died of Disease
MB-5306,58,Mastectomy,Breast Cancer,Breast Invasive Ductal Carcinoma,High,No,LumA,3.0,Positve,Positive,3,Gain,Negative,Ductal/NST,No,Post,3,Left,0.0,7.0,4.03,IDC,159.7333333,Living,Negative,No,157.63,Not Recurred,Female,ER+/HER2- High Prolif,15.0,1.0,Living
MB-5308,67,Breast Conserving,Breast Cancer,Breast Invasive Ductal Carcinoma,Low,No,Normal,3.0,Positve,Positive,3,Neutral,Negative,Ductal/NST,Yes,Post,3,Right,0.0,5.0,4.05,IDC,104.7666667,Deceased,Positive,Yes,77.89,Recurred,Female,ER+/HER2- Low Prolif,25.0,2.0,Died of Disease
MB-5310,71,Mastectomy,Breast Cancer,Breast Mixed Ductal and Lobular Carcinoma,High,No,LumA,3.0,Positve,Positive,2,Neutral,Negative,Mixed,Yes,Post,3,Left,0.0,5.0,3.06,MDLC,153.3,Deceased,Negative,No,151.28,Not Recurred,Female,ER+/HER2- Low Prolif,30.0,2.0,Died of Other Causes
MB-5311,73,Breast Conserving,Breast Cancer,Breast Invasive Ductal Carcinoma,High,No,claudin-low,3.0,Positve,Positive,2,Neutral,Negative,Ductal/NST,Yes,Post,3,Right,0.0,8.0,3.054,IDC,57.66666667,Deceased,Positive,Yes,0.69,Recurred,Female,ER+/HER2- Low Prolif,27.0,2.0,Died of Disease
MB-5312,50,Mastectomy,Breast Cancer,Breast Invasive Ductal Carcinoma,High,Yes,Her2,3.0,Negative,Negative,3,Gain,Positive,Ductal/NST,No,Post,3,Right,6.0,2.0,6.12,IDC,37.9,Deceased,Negative,No,3.98,Recurred,Female,ER+/HER2- Low Prolif,60.0,3.0,Died of Disease
MB-5313,79,Mastectomy,Breast Cancer,Breast Invasive Lobular Carcinoma,Moderate,No,Her2,3.0,Positve,Positive,3,Neutral,Negative,Lobular,Yes,Post,3,Right,14.0,5.0,3.06,ILC,46.53333333,Deceased,Positive,No,37.66,Recurred,Female,ER+/HER2- High Prolif,30.0,2.0,Died of Disease
MB-5315,52,Mastectomy,Breast Cancer,Breast Invasive Ductal Carcinoma,High,Yes,Her2,3.0,Negative,Negative,3,Gain,Positive,Ductal/NST,Yes,Post,3,Left,16.0,6.0,6.16,IDC,43.03333333,Deceased,Negative,Yes,33.78,Recurred,Female,ER+/HER2- High Prolif,80.0,3.0,Died of Disease
MB-5317,69,Breast Conserving,Breast Cancer,Breast Mixed Ductal and Lobular Carcinoma,High,No,LumB,3.0,Positve,Positive,2,Neutral,Negative,Mixed,Yes,Post,3,Left,1.0,6.0,4.03,MDLC,53.63333333,Deceased,Positive,Yes,48.98,Recurred,Female,ER+/HER2- High Prolif,15.0,2.0,Died of Disease
MB-5318,60,Breast Conserving,Breast Cancer,Breast Invasive Ductal Carcinoma,Moderate,No,LumB,3.0,Positve,Positive,3,Gain,Negative,Ductal/NST,No,Post,3,Left,0.0,2.0,4.036,IDC,14.16666667,Deceased,Negative,Yes,6.94,Recurred,Female,ER+/HER2- High Prolif,18.0,1.0,Died of Disease
MB-5322,66,Breast Conserving,Breast Cancer,Breast Mixed Ductal and Lobular Carcinoma,Moderate,No,LumA,3.0,Positve,Positive,2,Neutral,Negative,Mixed,Yes,Post,3,Right,1.0,7.0,4.046,MDLC,102.3,Deceased,Negative,Yes,66.55,Recurred,Female,ER+/HER2- High Prolif,23.0,2.0,Died of Disease
MB-5323,31,Mastectomy,Breast Cancer,Breast Invasive Ductal Carcinoma,Moderate,No,claudin-low,3.0,Negative,Negative,3,Loss,Negative,Ductal/NST,No,Pre,3,Left,0.0,3.0,4.03,IDC,226.0666667,Living,Negative,No,223.09,Not Recurred,Female,ER+/HER2- High Prolif,15.0,1.0,Living
MB-5324,64,Mastectomy,Breast Cancer,Breast Mixed Ductal and Lobular Carcinoma,Moderate,No,LumA,3.0,Positve,Positive,2,Neutral,Negative,Mixed,No,Post,3,Left,0.0,14.0,3.02,MDLC,190.1,Deceased,Positive,No,187.6,Not Recurred,Female,ER+/HER2- Low Prolif,10.0,1.0,Died of Other Causes
MB-5325,43,Mastectomy,Breast Cancer,Invasive Breast Carcinoma,Moderate,Yes,claudin-low,3.0,Negative,Negative,3,Neutral,Negative,Mixed,Yes,Pre,3,Left,0.0,14.0,5.16,BRCA,204.2333333,Living,Negative,Yes,201.55,Not Recurred,Female,ER+/HER2- Low Prolif,80.0,1.0,Living
MB-5326,79,Mastectomy,Breast Cancer,Breast Invasive Lobular Carcinoma,Moderate,No,Normal,3.0,Positve,Positive,1,Neutral,Negative,Lobular,Yes,Post,3,Left,0.0,8.0,2.096,ILC,96.2,Deceased,Negative,Yes,94.93,Not Recurred,Female,ER+/HER2- Low Prolif,48.0,2.0,Died of Other Causes
MB-5327,66,Breast Conserving,Breast Cancer,Breast Invasive Lobular Carcinoma,High,No,Her2,3.0,Negative,Negative,2,Gain,Positive,Lobular,Yes,Post,5,Left,0.0,7.0,3.05,ILC,163.5333333,Living,Negative,Yes,161.38,Not Recurred,Female,ER+/HER2- Low Prolif,25.0,2.0,Living
MB-5328,74,Breast Conserving,Breast Cancer,Breast Invasive Ductal Carcinoma,High,No,LumB,3.0,Positve,Positive,2,Neutral,Negative,Ductal/NST,Yes,Post,1,Left,1.0,3.0,4.1,IDC,14.2,Deceased,Negative,No,14.01,Not Recurred,Female,ER+/HER2- High Prolif,50.0,2.0,Died of Other Causes
MB-5329,64,Mastectomy,Breast Cancer,Breast Invasive Lobular Carcinoma,High,Yes,LumA,3.0,Negative,Positive,3,Neutral,Negative,Lobular,No,Post,2,Right,13.0,14.0,6.13,ILC,45.73333333,Deceased,Negative,Yes,27.86,Recurred,Female,ER+/HER2- Low Prolif,65.0,3.0,Died of Disease
MB-5330,70,Mastectomy,Breast Cancer,Breast Invasive Lobular Carcinoma,High,No,LumA,3.0,Positve,Positive,2,Neutral,Negative,Lobular,Yes,Post,8,Left,0.0,12.0,3.05,ILC,114.5333333,Deceased,Positive,No,113.03,Not Recurred,Female,ER+/HER2- Low Prolif,25.0,3.0,Died of Other Causes
MB-5331,54,Mastectomy,Breast Cancer,Breast Invasive Ductal Carcinoma,Moderate,No,LumA,3.0,Positve,Positive,2,Gain,Positive,Ductal/NST,No,Post,2,Right,0.0,6.0,3.046,IDC,124.1333333,Deceased,Negative,No,37.2,Recurred,Female,ER+/HER2- Low Prolif,23.0,2.0,Died of Disease
MB-5332,68,Mastectomy,Breast Cancer,Breast Invasive Ductal Carcinoma,High,No,Her2,3.0,Positve,Positive,2,Gain,Positive,Ductal/NST,Yes,Post,5,Left,1.0,8.0,4.036,IDC,98.83333333,Deceased,Positive,No,69.8,Recurred,Female,ER+/HER2- High Prolif,18.0,2.0,Died of Disease
MB-5334,78,Breast Conserving,Breast Cancer,Breast Invasive Ductal Carcinoma,High,No,LumA,3.0,Positve,Positive,3,Neutral,Negative,Ductal/NST,Yes,Post,9,Right,0.0,1.0,4.04,IDC,85.4,Deceased,Positive,Yes,84.28,Not Recurred,Female,ER+/HER2- High Prolif,20.0,1.0,Died of Other Causes
MB-5335,41,Mastectomy,Breast Cancer,Breast Invasive Ductal Carcinoma,High,No,Basal,3.0,Negative,Negative,3,Neutral,Negative,Ductal/NST,No,Pre,10,Right,0.0,4.0,4.054,IDC,25.23333333,Deceased,Negative,No,10.72,Recurred,Female,ER+/HER2- High Prolif,27.0,2.0,Died of Disease
MB-5338,61,Breast Conserving,Breast Cancer,Breast Invasive Ductal Carcinoma,High,No,LumB,3.0,Positve,Positive,2,Neutral,Negative,Ductal/NST,Yes,Post,1,Right,2.0,11.0,4.04,IDC,51.66666667,Deceased,Negative,Yes,14.54,Recurred,Female,ER+/HER2- High Prolif,20.0,2.0,Died of Disease
MB-5339,71,Breast Conserving,Breast Cancer,Breast Invasive Ductal Carcinoma,High,No,NC,3.0,Positve,Positive,3,Neutral,Negative,Ductal/NST,Yes,Post,3,Right,2.0,4.0,5.03,IDC,195.8666667,Living,Negative,Yes,193.29,Not Recurred,Female,ER+/HER2- High Prolif,15.0,2.0,Living
MB-5341,56,Breast Conserving,Breast Cancer,Breast Invasive Ductal Carcinoma,High,No,LumB,3.0,Positve,Positive,2,Neutral,Negative,Ductal/NST,No,Post,2,Right,0.0,8.0,3.04,IDC,250.8333333,Living,Positive,Yes,88.59,Recurred,Female,ER+/HER2- High Prolif,20.0,1.0,Living
MB-5345,76,Breast Conserving,Breast Cancer,Breast Invasive Ductal Carcinoma,Moderate,No,Normal,3.0,Positve,Positive,1,Neutral,Negative,Ductal/NST,Yes,Post,2,Right,4.0,4.0,4.03,IDC,216.0333333,Deceased,Positive,Yes,213.19,Recurred,Female,ER+/HER2- Low Prolif,15.0,2.0,Died of Disease
MB-5346,52,Mastectomy,Breast Cancer,Breast Invasive Ductal Carcinoma,High,Yes,Basal,3.0,Negative,Negative,3,Neutral,Negative,Ductal/NST,No,Post,10,Left,3.0,9.0,5.16,IDC,194.3,Living,Negative,Yes,191.74,Not Recurred,Female,ER+/HER2- Low Prolif,80.0,2.0,Living
MB-5347,56,Breast Conserving,Breast Cancer,Breast Invasive Ductal Carcinoma,High,No,LumB,3.0,Positve,Positive,3,Neutral,Negative,Ductal/NST,Yes,Post,3,Left,1.0,6.0,5.05,IDC,211.9,Deceased,Positive,Yes,167.01,Recurred,Female,ER+/HER2- High Prolif,25.0,2.0,Died of Disease
MB-5348,41,Mastectomy,Breast Cancer,Breast Invasive Ductal Carcinoma,High,Yes,claudin-low,3.0,Negative,Negative,3,Neutral,Negative,Ductal/NST,No,Pre,10,Left,1.0,3.0,5.03,IDC,169.6666667,Living,Negative,No,167.43,Not Recurred,Female,ER+/HER2- High Prolif,15.0,2.0,Living
MB-5349,72,Mastectomy,Breast Cancer,Invasive Breast Carcinoma,High,No,LumA,3.0,Positve,Positive,2,Neutral,Negative,Ductal/NST,No,Post,10,Right,1.0,3.0,3.03,BRCA,191.0,Deceased,Positive,No,95.79,Recurred,Female,ER+/HER2- Low Prolif,15.0,1.0,Died of Disease
MB-5350,66,Breast Conserving,Breast Cancer,Breast Mixed Ductal and Lobular Carcinoma,High,No,claudin-low,3.0,Positve,Positive,3,Neutral,Negative,Mixed,Yes,Post,10,Right,1.0,3.0,5.05,MDLC,53.63333333,Deceased,Negative,Yes,52.86,Recurred,Female,ER+/HER2- Low Prolif,25.0,2.0,Died of Disease
MB-5351,47,Mastectomy,Breast Cancer,Breast Invasive Ductal Carcinoma,Moderate,No,Normal,3.0,Positve,Negative,3,Gain,Positive,Ductal/NST,No,Pre,10,Left,0.0,10.0,4.004,IDC,202.1,Living,Negative,No,199.44,Not Recurred,Female,ER+/HER2- Low Prolif,2.0,1.0,Living
MB-5358,72,Mastectomy,Breast Cancer,Breast Mixed Ductal and Lobular Carcinoma,Moderate,No,LumA,3.0,Positve,Positive,2,Neutral,Negative,Mixed,Yes,Post,3,Right,3.0,3.0,4.114,MDLC,28.83333333,Deceased,Negative,Yes,13.75,Recurred,Female,ER+/HER2- Low Prolif,57.0,3.0,Died of Disease
MB-5360,66,Mastectomy,Breast Cancer,Breast Mixed Ductal and Lobular Carcinoma,High,No,LumA,3.0,Positve,Positive,2,Neutral,Negative,Mixed,Yes,Post,8,Left,0.0,10.0,3.14,MDLC,161.1333333,Deceased,Negative,Yes,159.01,Not Recurred,Female,ER+/HER2- Low Prolif,70.0,3.0,Died of Other Causes
MB-5361,76,Mastectomy,Breast Cancer,Breast Invasive Ductal Carcinoma,High,No,LumA,3.0,Positve,Positive,2,Gain,Negative,Ductal/NST,Yes,Post,8,Left,1.0,4.0,4.08,IDC,15.36666667,Deceased,Positive,No,12.86,Recurred,Female,ER+/HER2- High Prolif,40.0,2.0,Died of Disease
MB-5364,56,Breast Conserving,Breast Cancer,Breast Invasive Ductal Carcinoma,Moderate,No,Normal,3.0,Positve,Positive,3,Neutral,Negative,Medullary,Yes,Post,3,Left,0.0,5.0,4.03,IDC,125.7666667,Deceased,Positive,Yes,124.11,Recurred,Female,ER+/HER2- Low Prolif,15.0,1.0,Died of Disease
MB-5365,79,Mastectomy,Breast Cancer,Breast Invasive Ductal Carcinoma,High,No,LumA,3.0,Positve,Positive,2,Neutral,Negative,Ductal/NST,Yes,Post,7,Left,2.0,8.0,4.05,IDC,23.03333333,Deceased,Positive,No,12.93,Recurred,Female,ER+/HER2- Low Prolif,25.0,2.0,Died of Disease
MB-5366,75,Mastectomy,Breast Cancer,Breast Invasive Lobular Carcinoma,High,No,Her2,3.0,Positve,Positive,3,Gain,Negative,Lobular,Yes,Post,5,Left,1.0,2.0,5.08,ILC,243.1666667,Living,Negative,No,239.97,Not Recurred,Female,ER+/HER2- Low Prolif,40.0,2.0,Living
MB-5368,77,Mastectomy,Breast Cancer,Invasive Breast Carcinoma,Low,No,Normal,3.0,Positve,Positive,3,Gain,Negative,Lobular,Yes,Post,5,Right,1.0,8.0,5.03,BRCA,100.1333333,Deceased,Positive,No,98.82,Not Recurred,Female,ER+/HER2- Low Prolif,15.0,2.0,Died of Other Causes
MB-5369,66,Breast Conserving,Breast Cancer,Breast Mixed Ductal and Lobular Carcinoma,High,No,LumA,3.0,Positve,Positive,2,Neutral,Negative,Mixed,Yes,Post,5,Left,0.0,2.0,3.05,MDLC,39.3,Deceased,Positive,Yes,34.8,Recurred,Female,ER+/HER2- Low Prolif,25.0,2.0,Died of Disease
MB-5370,62,Breast Conserving,Breast Cancer,Breast Invasive Ductal Carcinoma,Moderate,No,LumB,3.0,Positve,Positive,3,Neutral,Negative,Ductal/NST,Yes,Post,5,Left,0.0,5.0,4.044,IDC,119.3,Deceased,Positive,Yes,69.51,Recurred,Female,ER+/HER2- High Prolif,22.0,2.0,Died of Other Causes
MB-5373,67,Breast Conserving,Breast Cancer,Breast Invasive Ductal Carcinoma,Low,No,LumB,3.0,Positve,Positive,3,Neutral,Negative,Ductal/NST,Yes,Post,5,Right,1.0,4.0,5.05,IDC,2.533333333,Living,Negative,Yes,2.5,Not Recurred,Female,ER+/HER2- Low Prolif,25.0,2.0,Living
MB-5377,35,Mastectomy,Breast Cancer,Breast Invasive Ductal Carcinoma,High,Yes,LumB,3.0,Negative,Positive,3,Neutral,Negative,Ductal/NST,Yes,Pre,8,Right,7.0,9.0,6.09,IDC,102.0,Deceased,Positive,Yes,100.66,Recurred,Female,ER+/HER2- Low Prolif,45.0,2.0,Died of Disease
MB-5378,57,Mastectomy,Breast Cancer,Breast Invasive Ductal Carcinoma,High,Yes,Basal,3.0,Negative,Positive,3,Neutral,Negative,Ductal/NST,No,Post,10,Right,3.0,6.0,5.09,IDC,12.26666667,Deceased,Negative,Yes,10.82,Recurred,Female,ER+/HER2- Low Prolif,45.0,3.0,Died of Disease
MB-5381,44,Mastectomy,Breast Cancer,Breast Invasive Ductal Carcinoma,Moderate,Yes,Her2,3.0,Negative,Negative,3,Gain,Positive,Ductal/NST,Yes,Pre,5,Right,2.0,8.0,5.1,IDC,201.8333333,Deceased,Negative,Yes,199.18,Recurred,Female,ER+/HER2- Low Prolif,50.0,2.0,Died of Disease
MB-5382,69,Breast Conserving,Breast Cancer,Breast Invasive Ductal Carcinoma,High,No,LumA,3.0,Positve,Positive,2,Neutral,Negative,Ductal/NST,Yes,Post,7,Right,4.0,7.0,5.06,IDC,116.2333333,Deceased,Positive,Yes,114.7,Not Recurred,Female,ER+/HER2- Low Prolif,30.0,2.0,Died of Other Causes
MB-5383,83,Mastectomy,Breast Cancer,Breast Invasive Ductal Carcinoma,Moderate,No,LumA,3.0,Positve,Positive,2,Neutral,Negative,Ductal/NST,Yes,Post,8,Left,3.0,5.0,4.15,IDC,113.6666667,Deceased,Positive,No,75.72,Recurred,Female,ER+/HER2- Low Prolif,75.0,2.0,Died of Disease
MB-5384,61,Mastectomy,Breast Cancer,Invasive Breast Carcinoma,High,No,LumA,3.0,Positve,Positive,2,Gain,Negative,Ductal/NST,Yes,Post,1,Left,0.0,6.0,3.026,BRCA,71.16666667,Deceased,Positive,No,61.71,Recurred,Female,ER+/HER2- High Prolif,13.0,2.0,Died of Other Causes
MB-5385,83,Breast Conserving,Breast Cancer,Invasive Breast Carcinoma,Moderate,No,LumA,3.0,Positve,Positive,1,Gain,Negative,Ductal/NST,Yes,Post,1,Left,0.0,6.0,2.04,BRCA,148.8,Deceased,Positive,Yes,146.84,Not Recurred,Female,ER+/HER2- Low Prolif,20.0,1.0,Died of Other Causes
MB-5386,65,Mastectomy,Breast Cancer,Breast Invasive Ductal Carcinoma,Low,No,LumB,3.0,Positve,Positive,2,Gain,Negative,Ductal/NST,Yes,Post,7,Left,0.0,6.0,3.04,IDC,192.2,Living,Positive,Yes,189.67,Not Recurred,Female,ER+/HER2- High Prolif,20.0,1.0,Living
MB-5387,45,Breast Conserving,Breast Cancer,Invasive Breast Carcinoma,High,Yes,Basal,3.0,Negative,Negative,3,Neutral,Negative,Ductal/NST,No,Pre,10,Right,0.0,6.0,5.026,BRCA,45.63333333,Deceased,Negative,Yes,34.05,Recurred,Female,ER+/HER2- High Prolif,13.0,2.0,Died of Disease
MB-5388,69,Breast Conserving,Breast Cancer,Breast Mixed Ductal and Lobular Carcinoma,High,No,LumA,3.0,Positve,Positive,2,Neutral,Negative,Mixed,No,Post,7,Right,0.0,3.0,3.03,MDLC,146.9333333,Deceased,Positive,Yes,145.0,Not Recurred,Female,ER+/HER2- Low Prolif,15.0,1.0,Died of Other Causes
MB-5389,64,Breast Conserving,Breast Cancer,Breast Invasive Ductal Carcinoma,High,No,LumA,3.0,Positve,Positive,2,Neutral,Negative,Ductal/NST,Yes,Post,7,Left,0.0,8.0,3.062,IDC,124.7666667,Deceased,Positive,Yes,123.13,Not Recurred,Female,ER+/HER2- High Prolif,31.0,2.0,Died of Other Causes
MB-5390,37,Breast Conserving,Breast Cancer,Breast Invasive Lobular Carcinoma,High,Yes,Basal,3.0,Negative,Negative,3,Neutral,Negative,Lobular,Yes,Pre,10,Left,12.0,5.0,6.026,ILC,30.93333333,Deceased,Negative,Yes,25.23,Recurred,Female,ER+/HER2- High Prolif,13.0,3.0,Died of Disease
MB-5392,57,Mastectomy,Breast Cancer,Breast Invasive Lobular Carcinoma,High,No,claudin-low,3.0,Negative,Negative,3,Neutral,Negative,Lobular,Yes,Post,10,Right,0.0,10.0,4.028,ILC,237.2666667,Living,Negative,No,234.14,Not Recurred,Female,ER+/HER2- High Prolif,14.0,1.0,Living
MB-5393,82,Mastectomy,Breast Cancer,Breast Mixed Ductal and Lobular Carcinoma,Moderate,No,LumB,3.0,Positve,Positive,2,Neutral,Negative,Mixed,No,Post,7,Right,0.0,5.0,3.044,MDLC,154.0,Deceased,Positive,No,151.97,Not Recurred,Female,ER+/HER2- Low Prolif,22.0,2.0,Died of Other Causes
MB-5394,72,Mastectomy,Breast Cancer,Invasive Breast Carcinoma,Moderate,No,Her2,3.0,Positve,Negative,2,Gain,Positive,Mixed,Yes,Post,1,Right,0.0,5.0,4.056,BRCA,193.6,Living,Negative,Yes,191.05,Not Recurred,Female,ER+/HER2- Low Prolif,28.0,3.0,Living
MB-5395,71,Breast Conserving,Breast Cancer,Breast Invasive Ductal Carcinoma,High,No,LumA,3.0,Positve,Positive,3,Neutral,Negative,Ductal/NST,No,Post,3,Right,0.0,6.0,4.028,IDC,165.1666667,Living,Positive,Yes,162.99,Not Recurred,Female,ER+/HER2- Low Prolif,14.0,1.0,Living
MB-5396,61,Breast Conserving,Breast Cancer,Breast Invasive Ductal Carcinoma,Moderate,No,LumB,3.0,Positve,Positive,3,Neutral,Negative,Ductal/NST,Yes,Post,9,Left,0.0,9.0,4.028,IDC,165.6666667,Living,Negative,Yes,163.49,Not Recurred,Female,ER+/HER2- High Prolif,14.0,1.0,Living
MB-5398,71,Mastectomy,Breast Cancer,Breast Invasive Ductal Carcinoma,High,No,LumA,3.0,Positve,Positive,2,Neutral,Negative,Ductal/NST,Yes,Post,3,Left,4.0,3.0,5.04,IDC,213.0,Living,Positive,Yes,210.2,Not Recurred,Female,ER+/HER2- Low Prolif,20.0,2.0,Living
MB-5399,73,Mastectomy,Breast Cancer,Breast Invasive Ductal Carcinoma,Low,No,LumA,3.0,Positve,Positive,2,Neutral,Negative,Ductal/NST,Yes,Post,3,Left,2.0,6.0,2.044,IDC,106.8,Deceased,Negative,No,105.39,Recurred,Female,ER+/HER2- Low Prolif,22.0,2.0,Died of Disease
MB-5401,75,Mastectomy,Breast Cancer,Breast Mixed Ductal and Lobular Carcinoma,Moderate,No,LumA,3.0,Positve,Positive,2,Neutral,Negative,Mixed,Yes,Post,7,Right,0.0,3.0,3.024,MDLC,70.16666667,Living,Positive,No,69.24,Not Recurred,Female,ER+/HER2- Low Prolif,12.0,1.0,Living
MB-5402,81,Mastectomy,Breast Cancer,Breast Invasive Ductal Carcinoma,High,No,LumA,3.0,Positve,Positive,2,Gain,Negative,Ductal/NST,No,Post,7,Right,0.0,5.0,3.032,IDC,107.7666667,Deceased,Positive,No,106.35,Not Recurred,Female,ER+/HER2- High Prolif,16.0,1.0,Died of Other Causes
MB-5403,85,Breast Conserving,Breast Cancer,Breast Invasive Ductal Carcinoma,High,No,LumA,3.0,Positve,Positive,2,Neutral,Negative,Ductal/NST,Yes,Post,8,Right,10.0,1.0,5.05,IDC,95.73333333,Deceased,Positive,No,94.47,Not Recurred,Female,ER+/HER2- Low Prolif,25.0,2.0,Died of Other Causes
MB-5404,81,Mastectomy,Breast Cancer,Breast Invasive Ductal Carcinoma,High,No,LumA,3.0,Positve,Positive,2,Neutral,Negative,Ductal/NST,Yes,Post,8,Right,3.0,11.0,4.07,IDC,74.73333333,Deceased,Positive,No,73.26,Recurred,Female,ER+/HER2- High Prolif,35.0,2.0,Died of Disease
MB-5405,64,Breast Conserving,Breast Cancer,Invasive Breast Carcinoma,High,No,claudin-low,3.0,Positve,Positive,3,Neutral,Negative,Ductal/NST,Yes,Post,3,Right,2.0,6.0,5.05,BRCA,117.6,Living,Negative,Yes,116.05,Not Recurred,Female,ER+/HER2- High Prolif,25.0,2.0,Living
MB-5406,80,Breast Conserving,Breast Cancer,Breast Mixed Ductal and Lobular Carcinoma,High,No,LumB,3.0,Positve,Positive,3,Neutral,Negative,Mixed,Yes,Post,9,Right,5.0,6.0,3.06,MDLC,97.43333333,Deceased,Positive,Yes,94.28,Recurred,Female,ER+/HER2- High Prolif,30.0,2.0,Died of Disease
MB-5407,36,Breast Conserving,Breast Cancer,Breast Invasive Ductal Carcinoma,Low,No,LumA,3.0,Positve,Positive,3,Gain,Negative,Ductal/NST,No,Pre,8,Right,0.0,9.0,4.002,IDC,205.6,Living,Positive,Yes,15.46,Recurred,Female,ER+/HER2- Low Prolif,1.0,1.0,Living
MB-5408,65,Breast Conserving,Breast Cancer,Breast Invasive Ductal Carcinoma,Moderate,No,claudin-low,3.0,Positve,Negative,2,Gain,Negative,Ductal/NST,No,Post,8,Right,0.0,6.0,3.032,IDC,101.4,Living,Negative,Yes,100.07,Not Recurred,Female,ER+/HER2- Low Prolif,16.0,1.0,Living
MB-5409,51,Mastectomy,Breast Cancer,Breast Invasive Ductal Carcinoma,High,Yes,Her2,3.0,Negative,Negative,3,Gain,Positive,Ductal/NST,Yes,Post,5,Left,5.0,9.0,6.044,IDC,198.1333333,Living,Negative,Yes,195.53,Not Recurred,Female,ER+/HER2- Low Prolif,22.0,2.0,Living
MB-5410,66,Breast Conserving,Breast Cancer,Breast Invasive Ductal Carcinoma,High,No,LumA,3.0,Positve,Positive,3,Neutral,Negative,Ductal/NST,Yes,Post,8,Right,0.0,7.0,4.06,IDC,202.7666667,Living,Positive,Yes,200.1,Not Recurred,Female,ER+/HER2- Low Prolif,30.0,2.0,Living
MB-5411,43,Mastectomy,Breast Cancer,Breast Invasive Ductal Carcinoma,High,Yes,Her2,3.0,Negative,Negative,3,Gain,Positive,Ductal/NST,No,Pre,5,Left,1.0,6.0,5.036,IDC,26.0,Deceased,Negative,No,18.09,Recurred,Female,ER+/HER2- Low Prolif,18.0,2.0,Died of Disease
MB-5412,51,Breast Conserving,Breast Cancer,Breast Invasive Ductal Carcinoma,High,No,LumA,3.0,Positve,Positive,2,Neutral,Negative,Ductal/NST,No,Post,3,Right,0.0,10.0,3.028,IDC,220.2333333,Living,Positive,Yes,182.86,Recurred,Female,ER+/HER2- Low Prolif,14.0,1.0,Living
MB-5413,71,Breast Conserving,Breast Cancer,Breast Invasive Ductal Carcinoma,Moderate,No,LumA,3.0,Positve,Positive,2,Gain,Negative,Ductal/NST,Yes,Post,7,Right,0.0,10.0,3.03,IDC,157.8333333,Deceased,Positive,Yes,155.76,Not Recurred,Female,ER+/HER2- Low Prolif,15.0,1.0,Died of Other Causes
MB-5414,61,Breast Conserving,Breast Cancer,Breast Invasive Ductal Carcinoma,High,No,LumB,3.0,Positve,Positive,3,Gain,Positive,Ductal/NST,Yes,Post,9,Left,1.0,2.0,5.05,IDC,140.6,Deceased,Negative,Yes,138.75,Not Recurred,Female,ER+/HER2- Low Prolif,25.0,2.0,Died of Other Causes
MB-5417,45,Mastectomy,Breast Cancer,Breast Invasive Ductal Carcinoma,High,Yes,Her2,3.0,Negative,Negative,3,Gain,Positive,Ductal/NST,No,Pre,5,Left,4.0,10.0,6.12,IDC,107.0666667,Living,Negative,Yes,105.66,Not Recurred,Female,ER+/HER2- Low Prolif,60.0,3.0,Living
MB-5418,64,Mastectomy,Breast Cancer,Breast Invasive Ductal Carcinoma,High,No,LumB,3.0,Positve,Positive,3,Gain,Positive,Ductal/NST,Yes,Post,5,Left,1.0,4.0,5.05,IDC,207.1666667,Living,Positive,No,204.44,Not Recurred,Female,ER+/HER2- Low Prolif,25.0,2.0,Living
MB-5420,71,Breast Conserving,Breast Cancer,Breast Invasive Ductal Carcinoma,Low,No,Basal,3.0,Positve,Positive,3,Gain,Positive,Ductal/NST,No,Post,5,Left,0.0,4.0,4.04,IDC,193.9,Living,Negative,Yes,191.35,Not Recurred,Female,ER+/HER2- Low Prolif,20.0,1.0,Living
MB-5421,68,Breast Conserving,Breast Cancer,Breast Invasive Ductal Carcinoma,High,No,Basal,3.0,Negative,Negative,3,Neutral,Negative,Ductal/NST,No,Post,10,Left,0.0,4.0,4.04,IDC,194.5666667,Living,Negative,Yes,192.01,Not Recurred,Female,ER+/HER2- Low Prolif,20.0,1.0,Living
MB-5422,47,Mastectomy,Breast Cancer,Breast Invasive Ductal Carcinoma,Moderate,No,LumA,3.0,Positve,Positive,1,Neutral,Negative,Ductal/NST,No,Pre,6,Right,0.0,6.0,2.064,IDC,46.06666667,Deceased,Positive,No,17.89,Recurred,Female,ER+/HER2- Low Prolif,32.0,2.0,Died of Disease
MB-5424,66,Mastectomy,Breast Cancer,Breast Mixed Ductal and Lobular Carcinoma,Moderate,No,LumA,3.0,Positve,Positive,2,Neutral,Negative,Mixed,No,Post,2,Right,0.0,4.0,3.026,MDLC,83.53333333,Deceased,Positive,No,40.99,Recurred,Female,ER+/HER2- Low Prolif,13.0,1.0,Died of Disease
MB-5425,67,Mastectomy,Breast Cancer,Breast Invasive Ductal Carcinoma,High,No,LumA,3.0,Positve,Positive,2,Neutral,Negative,Ductal/NST,Yes,Post,7,Left,3.0,7.0,4.08,IDC,49.46666667,Deceased,Positive,No,28.68,Recurred,Female,ER+/HER2- Low Prolif,40.0,2.0,Died of Disease
MB-5426,53,Breast Conserving,Breast Cancer,Breast Invasive Ductal Carcinoma,Low,Yes,Basal,3.0,Negative,Negative,3,Gain,Positive,Ductal/NST,Yes,Post,10,Left,11.0,4.0,6.05,IDC,34.63333333,Deceased,Positive,Yes,12.76,Recurred,Female,ER+/HER2- Low Prolif,25.0,2.0,Died of Disease
MB-5427,83,Breast Conserving,Breast Cancer,Breast Invasive Ductal Carcinoma,Moderate,No,Basal,3.0,Negative,Negative,2,Neutral,Negative,Ductal/NST,Yes,Post,9,Right,0.0,6.0,3.05,IDC,155.7333333,Deceased,Negative,Yes,153.68,Not Recurred,Female,ER+/HER2- Low Prolif,25.0,2.0,Died of Other Causes
MB-5428,55,Breast Conserving,Breast Cancer,Breast Mixed Ductal and Lobular Carcinoma,Low,No,LumA,3.0,Positve,Positive,2,Neutral,Negative,Mixed,Yes,Post,9,Left,0.0,5.0,3.03,MDLC,150.4666667,Living,Positive,Yes,148.49,Not Recurred,Female,ER+/HER2- Low Prolif,15.0,1.0,Living
MB-5429,86,Mastectomy,Breast Cancer,Breast Invasive Ductal Carcinoma,High,No,LumA,3.0,Positve,Positive,2,Neutral,Negative,Ductal/NST,No,Post,9,Left,0.0,4.0,3.04,IDC,30.7,Deceased,Negative,No,30.3,Not Recurred,Female,ER+/HER2- Low Prolif,20.0,1.0,Died of Other Causes
MB-5431,49,Breast Conserving,Breast Cancer,Breast Invasive Ductal Carcinoma,Low,No,claudin-low,3.0,Positve,Positive,2,Neutral,Negative,Ductal/NST,No,Pre,9,Left,0.0,9.0,3.03,IDC,15.86666667,Deceased,Positive,Yes,7.11,Recurred,Female,ER-/HER2-,15.0,1.0,Died of Disease
MB-5432,61,Breast Conserving,Breast Cancer,Breast Invasive Ductal Carcinoma,High,No,LumA,3.0,Positve,Positive,2,Neutral,Negative,Ductal/NST,Yes,Post,7,Left,1.0,3.0,4.044,IDC,98.5,Deceased,Positive,Yes,97.2,Not Recurred,Female,ER+/HER2- High Prolif,22.0,2.0,Died of Other Causes
MB-5433,69,Mastectomy,Breast Cancer,Breast Invasive Ductal Carcinoma,High,No,LumA,3.0,Positve,Positive,2,Gain,Negative,Ductal/NST,Yes,Post,7,Right,0.0,4.0,3.06,IDC,176.3666667,Deceased,Positive,No,174.05,Recurred,Female,ER+/HER2- High Prolif,30.0,2.0,Died of Disease
MB-5434,71,Mastectomy,Breast Cancer,Breast Invasive Ductal Carcinoma,Low,No,LumB,3.0,Positve,Positive,3,Neutral,Negative,Ductal/NST,Yes,Post,9,Left,1.0,18.0,5.11,IDC,45.16666667,Deceased,Positive,No,37.53,Recurred,Female,ER+/HER2- High Prolif,55.0,3.0,Died of Disease
MB-5435,77,Mastectomy,Breast Cancer,Breast Invasive Ductal Carcinoma,Moderate,No,LumB,3.0,Positve,Positive,3,Neutral,Negative,Ductal/NST,Yes,Post,9,Left,0.0,2.0,1.05,IDC,104.0,Deceased,Positive,No,102.63,Not Recurred,Female,ER+/HER2- High Prolif,25.0,2.0,Died of Other Causes
MB-5440,49,Breast Conserving,Breast Cancer,Breast Invasive Ductal Carcinoma,High,Yes,claudin-low,3.0,Negative,Negative,3,Neutral,Negative,Ductal/NST,No,Pre,10,Left,1.0,8.0,5.036,IDC,196.6333333,Living,Negative,Yes,194.05,Not Recurred,Female,ER+/HER2- High Prolif,18.0,2.0,Living
MB-5441,90,Mastectomy,Breast Cancer,Breast Invasive Ductal Carcinoma,Moderate,No,Her2,3.0,Negative,Negative,3,Gain,Positive,Ductal/NST,Yes,Post,10,Right,0.0,12.0,4.07,IDC,9.7,Deceased,Negative,No,9.57,Not Recurred,Female,ER+/HER2- Low Prolif,35.0,3.0,Died of Other Causes
MB-5442,44,Breast Conserving,Breast Cancer,Breast Invasive Ductal Carcinoma,High,Yes,Basal,3.0,Negative,Negative,3,Neutral,Negative,Ductal/NST,No,Pre,10,Right,2.0,4.0,5.07,IDC,205.8,Living,Positive,Yes,12.34,Recurred,Female,ER+/HER2- Low Prolif,35.0,2.0,Living
MB-5444,49,Breast Conserving,Breast Cancer,Breast Mixed Ductal and Lobular Carcinoma,Low,No,LumA,3.0,Positve,Positive,1,Neutral,Negative,Mixed,No,Pre,7,Left,0.0,6.0,2.03,MDLC,240.4333333,Living,Positive,Yes,237.27,Not Recurred,Female,ER+/HER2- Low Prolif,15.0,4.0,Living
MB-5446,51,Mastectomy,Breast Cancer,Breast Invasive Ductal Carcinoma,Moderate,Yes,Her2,3.0,Negative,Negative,3,Neutral,Negative,Ductal/NST,Yes,Post,7,Left,1.0,7.0,5.05,IDC,162.8333333,Deceased,Negative,Yes,123.75,Recurred,Female,ER+/HER2- Low Prolif,25.0,2.0,Died of Disease
MB-5447,68,Breast Conserving,Breast Cancer,Breast Invasive Ductal Carcinoma,Low,No,LumB,3.0,Positve,Positive,3,Neutral,Negative,Ductal/NST,Yes,Post,6,Left,5.0,6.0,3.024,IDC,148.8666667,Deceased,Positive,Yes,146.91,Recurred,Female,ER+/HER2- High Prolif,12.0,3.0,Died of Disease
MB-5450,38,Breast Conserving,Breast Cancer,Breast Invasive Ductal Carcinoma,Low,No,claudin-low,3.0,Negative,Negative,3,Neutral,Negative,Ductal/NST,No,Pre,10,Right,0.0,6.0,4.024,IDC,190.2,Living,Negative,Yes,187.7,Not Recurred,Female,ER+/HER2- High Prolif,12.0,1.0,Living
MB-5451,43,Breast Conserving,Breast Cancer,Breast Mixed Ductal and Lobular Carcinoma,Moderate,No,LumA,3.0,Positve,Positive,2,Neutral,Negative,Mixed,No,Pre,8,Right,0.0,11.0,3.03,MDLC,189.9,Living,Positive,Yes,187.4,Not Recurred,Female,ER+/HER2- Low Prolif,15.0,1.0,Living
MB-5452,66,Breast Conserving,Breast Cancer,Breast Invasive Ductal Carcinoma,Moderate,No,LumA,3.0,Positve,Positive,2,Neutral,Negative,Ductal/NST,Yes,Post,2,Right,3.0,6.0,4.036,IDC,16.16666667,Deceased,Positive,Yes,15.95,Not Recurred,Female,ER+/HER2- Low Prolif,18.0,2.0,Died of Other Causes
MB-5453,36,Breast Conserving,Breast Cancer,Breast Invasive Ductal Carcinoma,Low,Yes,Normal,3.0,Negative,Negative,3,Neutral,Negative,Ductal/NST,No,Pre,2,Left,3.0,9.0,5.06,IDC,57.3,Deceased,Positive,Yes,46.28,Recurred,Female,ER+/HER2- Low Prolif,30.0,2.0,Died of Disease
MB-5454,55,Breast Conserving,Breast Cancer,Breast Invasive Ductal Carcinoma,Moderate,No,LumB,3.0,Positve,Positive,3,Neutral,Negative,Ductal/NST,Yes,Post,10,Left,4.0,6.0,6.06,IDC,50.66666667,Deceased,Negative,Yes,40.56,Recurred,Female,ER+/HER2- High Prolif,30.0,2.0,Died of Disease
MB-5455,73,Mastectomy,Breast Cancer,Breast Mixed Ductal and Lobular Carcinoma,Moderate,No,LumA,3.0,Positve,Positive,2,Neutral,Negative,Mixed,Yes,Post,10,Right,2.0,9.0,4.02,MDLC,61.8,Deceased,Negative,No,13.32,Recurred,Female,ER+/HER2- Low Prolif,10.0,2.0,Died of Other Causes
MB-5457,52,Breast Conserving,Breast Cancer,Breast Invasive Ductal Carcinoma,Moderate,No,LumA,3.0,Positve,Positive,2,Neutral,Negative,Ductal/NST,Yes,Post,3,Right,0.0,8.0,3.032,IDC,164.5666667,Deceased,Positive,No,46.12,Recurred,Female,ER+/HER2- Low Prolif,16.0,1.0,Died of Disease
MB-5458,54,Mastectomy,Breast Cancer,Breast Invasive Ductal Carcinoma,Low,Yes,Basal,3.0,Negative,Negative,3,Gain,Positive,Ductal/NST,No,Post,5,Right,1.0,7.0,5.05,IDC,183.4333333,Living,Negative,No,181.02,Not Recurred,Female,ER+/HER2- Low Prolif,25.0,2.0,Living
MB-5459,64,Breast Conserving,Breast Cancer,Breast Invasive Ductal Carcinoma,Moderate,No,LumB,3.0,Positve,Positive,3,Gain,Positive,Ductal/NST,Yes,Post,5,Right,1.0,3.0,5.04,IDC,90.8,Deceased,Negative,Yes,85.1,Recurred,Female,ER+/HER2- Low Prolif,20.0,2.0,Died of Disease
MB-5460,55,Breast Conserving,Breast Cancer,Breast Mixed Ductal and Lobular Carcinoma,Low,No,Basal,3.0,Positve,Positive,3,Neutral,Negative,Mixed,No,Post,9,Left,1.0,3.0,4.01,MDLC,218.6333333,Living,Positive,Yes,97.73,Recurred,Female,ER+/HER2- High Prolif,5.0,1.0,Living
MB-5463,71,Mastectomy,Breast Cancer,Breast Invasive Lobular Carcinoma,High,No,LumB,3.0,Positve,Positive,3,Neutral,Negative,Lobular,Yes,Post,9,Right,16.0,3.0,3.096,ILC,58.13333333,Deceased,Positive,Yes,57.37,Not Recurred,Female,ER+/HER2- High Prolif,48.0,2.0,Died of Other Causes
MB-5464,65,Breast Conserving,Breast Cancer,Breast Invasive Ductal Carcinoma,Moderate,No,LumA,3.0,Positve,Positive,3,Neutral,Negative,Ductal/NST,Yes,Post,9,Left,2.0,3.0,2.036,IDC,116.5333333,Deceased,Positive,Yes,115.0,Not Recurred,Female,ER+/HER2- Low Prolif,18.0,2.0,Died of Other Causes
MB-5465,69,Breast Conserving,Breast Cancer,Breast Invasive Ductal Carcinoma,Low,No,Basal,3.0,Negative,Negative,3,Loss,Negative,Ductal/NST,Yes,Post,10,Right,0.0,7.0,4.05,IDC,18.8,Deceased,Negative,Yes,15.26,Recurred,Female,ER+/HER2- Low Prolif,25.0,2.0,Died of Disease
MB-5467,36,Mastectomy,Breast Cancer,Breast Invasive Ductal Carcinoma,Low,No,Normal,3.0,Positve,Positive,3,Neutral,Negative,Ductal/NST,No,Pre,7,Right,0.0,7.0,4.02,IDC,186.1,Living,Positive,No,16.97,Recurred,Female,ER+/HER2- High Prolif,10.0,1.0,Living
MB-5468,48,Breast Conserving,Breast Cancer,Breast Invasive Ductal Carcinoma,High,Yes,Basal,3.0,Negative,Negative,3,Gain,Positive,Ductal/NST,No,Pre,10,Right,1.0,5.0,5.05,IDC,99.36666667,Living,Negative,Yes,98.06,Not Recurred,Female,ER+/HER2- High Prolif,25.0,2.0,Living
MB-5470,48,Mastectomy,Breast Cancer,Breast Mixed Ductal and Lobular Carcinoma,Moderate,No,Basal,3.0,Positve,Positive,1,Neutral,Negative,Mixed,No,Pre,9,Right,0.0,6.0,2.0,MDLC,42.06666667,Deceased,Positive,No,30.2,Recurred,Female,ER+/HER2- High Prolif,25.0,2.0,Died of Disease
MB-5471,67,Mastectomy,Breast Cancer,Breast Invasive Ductal Carcinoma,Moderate,No,LumA,3.0,Positve,Positive,3,Neutral,Negative,Ductal/NST,No,Post,3,Right,0.0,10.0,4.026,IDC,185.7666667,Living,Negative,No,183.32,Not Recurred,Female,ER+/HER2- High Prolif,13.0,1.0,Living
MB-5472,74,Breast Conserving,Breast Cancer,Breast Invasive Ductal Carcinoma,High,No,LumA,3.0,Positve,Positive,2,Neutral,Negative,Ductal/NST,Yes,Post,8,Right,0.0,3.0,3.05,IDC,19.56666667,Deceased,Positive,Yes,15.36,Recurred,Female,ER+/HER2- Low Prolif,25.0,1.0,Died of Disease
MB-5473,72,Mastectomy,Breast Cancer,Breast Invasive Ductal Carcinoma,High,No,LumA,3.0,Positve,Positive,3,Neutral,Negative,Ductal/NST,Yes,Post,3,Right,5.0,3.0,6.07,IDC,125.9,Deceased,Positive,Yes,124.24,Not Recurred,Female,ER+/HER2- Low Prolif,35.0,2.0,Died of Other Causes
MB-5474,46,Mastectomy,Breast Cancer,Breast Invasive Ductal Carcinoma,Moderate,Yes,claudin-low,3.0,Negative,Negative,3,Gain,Positive,Ductal/NST,No,Pre,5,Left,1.0,9.0,5.07,IDC,226.7,Living,Negative,No,223.72,Not Recurred,Female,ER+/HER2- Low Prolif,35.0,2.0,Living
MB-5475,73,Mastectomy,Breast Cancer,Breast Invasive Ductal Carcinoma,High,No,LumB,3.0,Positve,Positive,2,Neutral,Negative,Ductal/NST,Yes,Post,2,Left,3.0,4.0,4.046,IDC,2.533333333,Deceased,Positive,No,2.5,Not Recurred,Female,ER+/HER2- Low Prolif,23.0,2.0,Died of Other Causes
MB-5477,59,Mastectomy,Breast Cancer,Breast Invasive Ductal Carcinoma,High,No,LumB,3.0,Positve,Positive,2,Neutral,Negative,Other,Yes,Post,3,Right,0.0,5.0,3.07,BREAST,110.4666667,Living,Positive,No,109.01,Not Recurred,Female,ER+/HER2- High Prolif,35.0,2.0,Living
MB-5478,72,Mastectomy,Breast Cancer,Breast Mixed Ductal and Lobular Carcinoma,Moderate,No,LumA,3.0,Positve,Positive,3,Neutral,Negative,Mixed,Yes,Post,3,Right,21.0,3.0,6.04,MDLC,34.3,Deceased,Negative,Yes,10.86,Recurred,Female,ER+/HER2- Low Prolif,20.0,3.0,Died of Other Causes
MB-5481,57,Breast Conserving,Breast Cancer,Breast Invasive Ductal Carcinoma,High,No,LumB,3.0,Positve,Positive,3,Undef,Negative,Ductal/NST,Yes,Post,6,Left,1.0,4.0,5.06,IDC,46.36666667,Deceased,Negative,Yes,24.05,Recurred,Female,ER+/HER2- High Prolif,30.0,2.0,Died of Disease
MB-5482,40,Breast Conserving,Breast Cancer,Breast Invasive Ductal Carcinoma,Moderate,Yes,Basal,3.0,Negative,Positive,3,Loss,Negative,Ductal/NST,No,Pre,10,Right,2.0,6.0,5.032,IDC,17.66666667,Deceased,Negative,Yes,11.78,Recurred,Female,ER+/HER2- High Prolif,16.0,2.0,Died of Disease
MB-5483,44,Breast Conserving,Breast Cancer,Breast Invasive Ductal Carcinoma,High,Yes,Her2,3.0,Negative,Negative,2,Gain,Positive,Ductal/NST,No,Pre,5,Right,6.0,13.0,5.05,IDC,42.43333333,Deceased,Negative,Yes,21.71,Recurred,Female,ER+/HER2- High Prolif,25.0,2.0,Died of Disease
MB-5484,47,Breast Conserving,Breast Cancer,Breast Invasive Lobular Carcinoma,Moderate,No,LumA,3.0,Positve,Positive,2,Neutral,Negative,Lobular,Yes,Pre,7,Right,0.0,7.0,3.04,ILC,238.5,Living,Positive,Yes,235.36,Not Recurred,Female,ER+/HER2- Low Prolif,20.0,1.0,Living
MB-5485,80,Mastectomy,Breast Cancer,Breast Invasive Ductal Carcinoma,Moderate,No,LumB,3.0,Positve,Positive,3,Neutral,Negative,Ductal/NST,Yes,Post,9,Left,2.0,2.0,5.06,IDC,31.8,Deceased,Negative,Yes,20.39,Recurred,Female,ER+/HER2- High Prolif,30.0,2.0,Died of Other Causes
MB-5486,75,Breast Conserving,Breast Cancer,Breast Invasive Ductal Carcinoma,High,No,LumB,3.0,Positve,Positive,3,Loss,Negative,Ductal/NST,Yes,Post,9,Left,0.0,13.0,4.05,IDC,123.3,Deceased,Positive,Yes,115.66,Recurred,Female,ER+/HER2- High Prolif,25.0,2.0,Died of Disease
MB-5489,53,Breast Conserving,Breast Cancer,Breast Invasive Ductal Carcinoma,High,No,LumA,3.0,Positve,Positive,2,Neutral,Negative,Ductal/NST,No,Post,3,Right,0.0,3.0,3.03,IDC,216.9666667,Living,Positive,No,140.13,Recurred,Female,ER+/HER2- Low Prolif,15.0,1.0,Living
MB-5490,65,Mastectomy,Breast Cancer,Breast Invasive Ductal Carcinoma,High,No,LumA,3.0,Positve,Positive,2,Neutral,Negative,Ductal/NST,No,Post,8,Left,0.0,5.0,3.08,IDC,51.2,Deceased,Positive,No,8.03,Recurred,Female,ER+/HER2- Low Prolif,40.0,2.0,Died of Disease
MB-5491,72,Mastectomy,Breast Cancer,Breast Invasive Ductal Carcinoma,Moderate,No,LumB,3.0,Positve,Positive,3,Neutral,Negative,Ductal/NST,No,Post,8,Right,0.0,10.0,4.13,IDC,65.83333333,Deceased,Positive,No,15.36,Recurred,Female,ER+/HER2- High Prolif,65.0,2.0,Died of Disease
MB-5492,74,Mastectomy,Breast Cancer,Breast Invasive Lobular Carcinoma,Low,No,LumA,3.0,Positve,Positive,3,Neutral,Negative,Lobular,Yes,Post,3,Right,6.0,8.0,6.102,ILC,23.36666667,Deceased,Negative,No,12.76,Recurred,Female,ER+/HER2- Low Prolif,51.0,2.0,Died of Disease
MB-5493,69,Mastectomy,Breast Cancer,Breast Invasive Lobular Carcinoma,High,No,LumB,3.0,Positve,Positive,3,Loss,Negative,Lobular,Yes,Post,2,Right,0.0,9.0,4.102,ILC,57.23333333,Deceased,Negative,No,20.56,Recurred,Female,ER+/HER2- High Prolif,51.0,2.0,Died of Disease
MB-5495,42,Mastectomy,Breast Cancer,Breast Invasive Ductal Carcinoma,High,No,LumA,3.0,Positve,Positive,2,Neutral,Negative,Ductal/NST,Yes,Pre,2,Right,0.0,9.0,3.04,IDC,228.8,Living,Positive,No,225.79,Not Recurred,Female,ER+/HER2- Low Prolif,20.0,2.0,Living
MB-5497,69,Breast Conserving,Breast Cancer,Breast Invasive Ductal Carcinoma,Moderate,No,LumB,3.0,Positve,Positive,2,Loss,Negative,Ductal/NST,No,Post,1,Right,0.0,6.0,3.04,IDC,237.5,Living,Positive,Yes,26.81,Recurred,Female,ER+/HER2- High Prolif,20.0,1.0,Living
MB-5498,64,Breast Conserving,Breast Cancer,Breast Invasive Ductal Carcinoma,Moderate,No,Her2,3.0,Positve,Positive,3,Gain,Negative,Ductal/NST,No,Post,1,Left,0.0,6.0,4.03,IDC,225.1666667,Living,Negative,Yes,222.2,Not Recurred,Female,ER+/HER2- High Prolif,15.0,1.0,Living
MB-5499,65,Mastectomy,Breast Cancer,Breast Invasive Ductal Carcinoma,High,No,LumA,3.0,Positve,Positive,1,Neutral,Negative,Tubular/ cribriform,No,Post,1,Right,0.0,5.0,2.04,IDC,123.7333333,Living,Positive,No,122.11,Not Recurred,Female,ER+/HER2- Low Prolif,20.0,1.0,Living
MB-5502,51,Breast Conserving,Breast Cancer,Breast Invasive Ductal Carcinoma,High,No,LumB,3.0,Positve,Positive,2,Neutral,Negative,Ductal/NST,No,Post,7,Left,0.0,7.0,3.056,IDC,189.7333333,Living,Positive,Yes,187.24,Not Recurred,Female,ER+/HER2- High Prolif,28.0,2.0,Living
MB-5505,74,Breast Conserving,Breast Cancer,Breast Mixed Ductal and Lobular Carcinoma,Moderate,No,LumB,3.0,Positve,Positive,2,Neutral,Negative,Mixed,No,Post,3,Left,0.0,7.0,3.03,MDLC,164.6,Deceased,Positive,Yes,33.68,Recurred,Female,ER+/HER2- High Prolif,15.0,1.0,Died of Disease
MB-5510,75,Mastectomy,Breast Cancer,Breast Mixed Ductal and Lobular Carcinoma,Moderate,No,LumA,3.0,Positve,Positive,3,Neutral,Negative,Mixed,Yes,Post,3,Left,0.0,10.0,4.07,MDLC,103.1,Deceased,Positive,No,101.74,Recurred,Female,ER+/HER2- Low Prolif,35.0,1.0,Died of Disease
MB-5511,54,Breast Conserving,Breast Cancer,Breast Invasive Ductal Carcinoma,High,No,Her2,3.0,Negative,Negative,3,Neutral,Negative,Ductal/NST,No,Post,10,Left,0.0,13.0,4.04,IDC,158.9666667,Living,Positive,No,156.88,Not Recurred,Female,ER+/HER2- Low Prolif,20.0,1.0,Living
MB-5513,86,Mastectomy,Breast Cancer,Breast Invasive Ductal Carcinoma,Low,No,Basal,3.0,Positve,Positive,2,Loss,Negative,Ductal/NST,Yes,Post,6,Right,4.0,7.0,5.058,IDC,36.63333333,Deceased,Positive,No,34.51,Recurred,Female,ER+/HER2- High Prolif,29.0,2.0,Died of Disease
MB-5514,63,Breast Conserving,Breast Cancer,Breast Invasive Ductal Carcinoma,High,No,LumA,3.0,Positve,Positive,2,Neutral,Negative,Ductal/NST,Yes,Post,6,Right,1.0,1.0,4.04,IDC,182.9,Living,Positive,Yes,180.49,Not Recurred,Female,ER+/HER2- Low Prolif,20.0,2.0,Living
MB-5518,72,Breast Conserving,Breast Cancer,Breast Invasive Ductal Carcinoma,High,No,LumB,3.0,Positve,Positive,3,Neutral,Negative,Ductal/NST,Yes,Post,6,Left,1.0,4.0,5.04,IDC,30.86666667,Deceased,Positive,Yes,22.34,Recurred,Female,ER+/HER2- High Prolif,20.0,2.0,Died of Disease
MB-5519,72,Mastectomy,Breast Cancer,Breast Invasive Ductal Carcinoma,High,No,LumA,3.0,Positve,Positive,2,Neutral,Negative,Ductal/NST,Yes,Post,8,Left,1.0,7.0,4.09,IDC,169.2333333,Deceased,Positive,No,167.01,Not Recurred,Female,ER+/HER2- High Prolif,45.0,2.0,Died of Other Causes
MB-5520,38,Mastectomy,Breast Cancer,Breast Mixed Ductal and Lobular Carcinoma,High,No,LumA,3.0,Positve,Positive,3,Neutral,Negative,Mixed,Yes,Pre,7,Left,4.0,5.0,6.05,MDLC,16.3,Deceased,Negative,No,0.82,Recurred,Female,ER+/HER2- High Prolif,25.0,2.0,Died of Disease
MB-5521,69,Breast Conserving,Breast Cancer,Breast Invasive Ductal Carcinoma,High,No,LumB,3.0,Positve,Positive,3,Neutral,Negative,Ductal/NST,Yes,Post,7,Left,0.0,10.0,4.09,IDC,124.8,Living,Negative,Yes,123.16,Not Recurred,Female,ER+/HER2- High Prolif,45.0,2.0,Living
MB-5525,63,Breast Conserving,Breast Cancer,Breast Invasive Mixed Mucinous Carcinoma,Moderate,No,LumB,3.0,Positve,Positive,3,Neutral,Negative,Mucinous,Yes,Post,7,Right,0.0,9.0,4.056,IMMC,2.0,Living,Negative,Yes,1.97,Not Recurred,Female,ER+/HER2- High Prolif,28.0,2.0,Living
MB-5526,45,Breast Conserving,Breast Cancer,Breast Invasive Ductal Carcinoma,High,No,Basal,3.0,Negative,Negative,3,Neutral,Negative,Ductal/NST,No,Pre,10,Right,0.0,10.0,4.04,IDC,151.0666667,Living,Negative,Yes,149.08,Not Recurred,Female,ER+/HER2- High Prolif,20.0,1.0,Living
MB-5527,53,Mastectomy,Breast Cancer,Breast Invasive Ductal Carcinoma,High,Yes,claudin-low,3.0,Negative,Negative,2,Gain,Positive,Ductal/NST,Yes,Post,10,Left,8.0,3.0,5.022,IDC,180.5666667,Living,Negative,Yes,178.19,Not Recurred,Female,ER+/HER2- High Prolif,11.0,2.0,Living
MB-5529,40,Breast Conserving,Breast Cancer,Breast Invasive Ductal Carcinoma,High,Yes,Basal,3.0,Negative,Negative,3,Neutral,Negative,Ductal/NST,No,Pre,10,Left,2.0,5.0,5.07,IDC,14.8,Deceased,Negative,Yes,10.56,Recurred,Female,ER+/HER2- High Prolif,35.0,2.0,Died of Disease
MB-5530,50,Mastectomy,Breast Cancer,Breast Invasive Ductal Carcinoma,Low,No,Basal,3.0,Positve,Positive,3,Neutral,Negative,Ductal/NST,Yes,Post,7,Left,2.0,6.0,5.05,IDC,185.9333333,Living,Positive,No,183.49,Not Recurred,Female,ER+/HER2- High Prolif,25.0,2.0,Living
MB-5531,66,Breast Conserving,Breast Cancer,Breast Invasive Ductal Carcinoma,High,No,claudin-low,3.0,Negative,Negative,2,Neutral,Negative,Ductal/NST,No,Post,10,Right,0.0,7.0,3.03,IDC,183.9666667,Living,Negative,Yes,181.55,Not Recurred,Female,ER+/HER2- High Prolif,15.0,1.0,Living
MB-5532,69,Mastectomy,Breast Cancer,Breast Invasive Ductal Carcinoma,High,No,LumA,3.0,Positve,Positive,2,Gain,Negative,Ductal/NST,Yes,Post,7,Right,2.0,3.0,4.06,IDC,79.86666667,Deceased,Negative,No,66.18,Recurred,Female,ER+/HER2- High Prolif,30.0,2.0,Died of Disease
MB-5533,71,Breast Conserving,Breast Cancer,Breast Mixed Ductal and Lobular Carcinoma,Low,No,Normal,3.0,Positve,Positive,3,Neutral,Negative,Mixed,Yes,Post,1,Left,1.0,7.0,5.04,MDLC,158.0333333,Living,Positive,Yes,155.95,Not Recurred,Female,ER+/HER2- Low Prolif,20.0,2.0,Living
MB-5534,80,Mastectomy,Breast Cancer,Breast Invasive Ductal Carcinoma,Moderate,No,claudin-low,3.0,Positve,Positive,2,Neutral,Negative,Ductal/NST,Yes,Post,1,Left,10.0,4.0,5.05,IDC,79.1,Deceased,Negative,Yes,42.6,Recurred,Female,ER+/HER2- Low Prolif,25.0,3.0,Died of Disease
MB-5535,49,Mastectomy,Breast Cancer,Breast Invasive Ductal Carcinoma,High,Yes,Her2,3.0,Negative,Negative,3,Gain,Positive,Ductal/NST,Yes,Pre,5,Left,4.0,5.0,6.044,IDC,120.1333333,Deceased,Negative,Yes,83.32,Recurred,Female,ER+/HER2- Low Prolif,22.0,2.0,Died of Disease
MB-5540,76,Breast Conserving,Breast Cancer,Breast Mixed Ductal and Lobular Carcinoma,High,No,LumB,3.0,Positve,Positive,3,Gain,Positive,Mixed,Yes,Post,1,Left,4.0,7.0,6.04,MDLC,48.43333333,Deceased,Negative,No,20.99,Recurred,Female,ER+/HER2- High Prolif,20.0,2.0,Died of Disease
MB-5541,60,Breast Conserving,Breast Cancer,Breast Invasive Ductal Carcinoma,Moderate,No,LumA,3.0,Positve,Positive,2,Gain,Negative,Ductal/NST,Yes,Post,1,Left,0.0,4.0,3.04,IDC,200.1333333,Living,Positive,Yes,57.99,Recurred,Female,ER+/HER2- Low Prolif,20.0,1.0,Living
MB-5543,79,Breast Conserving,Breast Cancer,Breast Invasive Ductal Carcinoma,Low,No,LumA,3.0,Positve,Positive,3,Loss,Negative,Ductal/NST,Yes,Post,3,Left,0.0,8.0,4.08,IDC,34.43333333,Deceased,Positive,No,33.98,Not Recurred,Female,ER+/HER2- Low Prolif,40.0,2.0,Died of Other Causes
MB-5546,40,Mastectomy,Breast Cancer,Invasive Breast Carcinoma,High,No,Normal,3.0,Positve,Positive,2,Neutral,Negative,Ductal/NST,No,Pre,7,Right,0.0,8.0,3.01,BRCA,233.2666667,Living,Positive,No,101.05,Recurred,Female,ER+/HER2- Low Prolif,5.0,1.0,Living
MB-5547,43,Breast Conserving,Breast Cancer,Breast Invasive Ductal Carcinoma,Moderate,Yes,Basal,3.0,Negative,Negative,3,Neutral,Negative,Ductal/NST,No,Pre,10,Right,1.0,5.0,5.06,IDC,98.56666667,Living,Negative,Yes,97.27,Not Recurred,Female,ER+/HER2- Low Prolif,30.0,2.0,Living
MB-5548,62,Mastectomy,Breast Cancer,Breast Invasive Ductal Carcinoma,High,No,claudin-low,3.0,Negative,Negative,3,Neutral,Negative,Ductal/NST,No,Post,10,Left,0.0,3.0,4.1,IDC,25.33333333,Living,Negative,No,25.0,Not Recurred,Female,ER+/HER2- Low Prolif,50.0,2.0,Living
MB-5549,54,Breast Conserving,Breast Cancer,Breast Invasive Ductal Carcinoma,Moderate,Yes,Her2,3.0,Negative,Negative,2,Gain,Positive,Ductal/NST,No,Post,1,Left,2.0,6.0,4.04,IDC,88.93333333,Deceased,Negative,Yes,67.93,Recurred,Female,ER+/HER2- Low Prolif,20.0,2.0,Died of Disease
MB-5550,84,Mastectomy,Breast Cancer,Breast Invasive Ductal Carcinoma,Moderate,No,LumA,3.0,Positve,Positive,2,Neutral,Negative,Ductal/NST,Yes,Post,3,Left,0.0,3.0,3.052,IDC,171.3,Deceased,Positive,No,169.05,Not Recurred,Female,ER+/HER2- High Prolif,26.0,2.0,Died of Other Causes
MB-5551,67,Breast Conserving,Breast Cancer,Breast Invasive Ductal Carcinoma,Moderate,No,Basal,3.0,Negative,Negative,3,Neutral,Negative,Ductal/NST,Yes,Post,10,Right,0.0,8.0,4.054,IDC,182.2333333,Living,Negative,Yes,179.84,Not Recurred,Female,ER+/HER2- High Prolif,27.0,2.0,Living
MB-5552,69,Breast Conserving,Breast Cancer,Breast Invasive Ductal Carcinoma,Moderate,No,LumB,3.0,Positve,Positive,3,Neutral,Negative,Ductal/NST,Yes,Post,6,Left,2.0,4.0,2.08,IDC,34.7,Deceased,Positive,No,23.26,Recurred,Female,ER+/HER2- High Prolif,40.0,2.0,Died of Disease
MB-5553,70,Mastectomy,Breast Cancer,Breast Invasive Ductal Carcinoma,Low,No,LumB,3.0,Positve,Positive,2,Neutral,Negative,Ductal/NST,Yes,Post,2,Right,0.0,5.0,3.06,IDC,154.5,Deceased,Positive,No,152.47,Not Recurred,Female,ER+/HER2- High Prolif,30.0,2.0,Died of Other Causes
MB-5554,57,Breast Conserving,Breast Cancer,Breast Invasive Lobular Carcinoma,Moderate,No,LumA,3.0,Positve,Positive,1,Neutral,Negative,Lobular,Yes,Post,2,Right,0.0,5.0,2.052,ILC,229.8333333,Living,Positive,Yes,226.81,Not Recurred,Female,ER+/HER2- High Prolif,26.0,2.0,Living
MB-5556,53,Breast Conserving,Breast Cancer,Breast Invasive Ductal Carcinoma,High,No,LumB,3.0,Positve,Positive,3,Neutral,Negative,Ductal/NST,Yes,Post,1,Right,0.0,9.0,4.04,IDC,225.4,Living,Negative,Yes,222.43,Not Recurred,Female,ER+/HER2- High Prolif,20.0,1.0,Living
MB-5558,35,Mastectomy,Breast Cancer,Breast Invasive Ductal Carcinoma,Low,Yes,Basal,3.0,Negative,Negative,3,Gain,Positive,Ductal/NST,No,Pre,5,Right,1.0,9.0,5.15,IDC,25.03333333,Living,Positive,No,24.7,Not Recurred,Female,ER+/HER2- High Prolif,75.0,3.0,Living
MB-5559,42,Mastectomy,Breast Cancer,Invasive Breast Carcinoma,Low,Yes,Basal,3.0,Negative,Positive,3,Neutral,Negative,Ductal/NST,No,Pre,10,Left,1.0,4.0,5.096,BRCA,18.83333333,Deceased,Positive,Yes,11.58,Recurred,Female,ER+/HER2- High Prolif,48.0,2.0,Died of Disease
MB-5560,44,Breast Conserving,Breast Cancer,Breast Invasive Ductal Carcinoma,Moderate,No,Basal,3.0,Negative,Negative,2,Loss,Negative,Ductal/NST,No,Pre,10,Right,0.0,2.0,3.03,IDC,186.6,Living,Negative,Yes,184.14,Not Recurred,Female,ER+/HER2- High Prolif,15.0,1.0,Living
MB-5562,73,Breast Conserving,Breast Cancer,Breast Invasive Ductal Carcinoma,Moderate,No,LumB,3.0,Positve,Positive,2,Neutral,Negative,Ductal/NST,No,Post,2,Left,0.0,2.0,3.03,IDC,102.9666667,Deceased,Positive,Yes,41.28,Recurred,Female,ER+/HER2- High Prolif,15.0,1.0,Died of Other Causes
MB-5563,76,Mastectomy,Breast Cancer,Breast Invasive Lobular Carcinoma,Low,No,LumA,3.0,Positve,Positive,2,Gain,Negative,Lobular,No,Post,3,Right,0.0,7.0,3.03,ILC,117.6666667,Deceased,Negative,No,116.12,Not Recurred,Female,ER+/HER2- Low Prolif,15.0,1.0,Died of Other Causes
MB-5565,64,Breast Conserving,Breast Cancer,Breast Invasive Ductal Carcinoma,High,Yes,claudin-low,3.0,Negative,Negative,3,Neutral,Negative,Ductal/NST,Yes,Post,10,Left,2.0,3.0,5.06,IDC,194.1,Deceased,Positive,Yes,191.55,Not Recurred,Female,ER+/HER2- Low Prolif,30.0,2.0,Died of Other Causes
MB-5566,38,Breast Conserving,Breast Cancer,Breast Invasive Ductal Carcinoma,High,Yes,Basal,3.0,Negative,Negative,3,Neutral,Negative,Ductal/NST,Yes,Pre,10,Right,14.0,3.0,6.064,IDC,234.4,Living,Negative,Yes,20.23,Recurred,Female,ER+/HER2- Low Prolif,32.0,2.0,Living
MB-5567,74,Breast Conserving,Breast Cancer,Breast Mixed Ductal and Lobular Carcinoma,Moderate,No,LumA,3.0,Positve,Positive,2,Neutral,Negative,Mixed,Yes,Post,3,Right,0.0,5.0,3.04,MDLC,178.5666667,Deceased,Positive,Yes,176.22,Not Recurred,Female,ER+/HER2- Low Prolif,20.0,1.0,Died of Other Causes
MB-5571,78,Mastectomy,Breast Cancer,Breast Invasive Ductal Carcinoma,High,No,LumA,3.0,Positve,Positive,2,Neutral,Negative,Ductal/NST,Yes,Post,7,Left,1.0,5.0,4.05,IDC,153.8666667,Deceased,Positive,No,66.74,Recurred,Female,ER+/HER2- Low Prolif,25.0,2.0,Died of Disease
MB-5572,47,Breast Conserving,Breast Cancer,Breast Invasive Ductal Carcinoma,High,No,claudin-low,3.0,Negative,Negative,3,Neutral,Negative,Ductal/NST,No,Pre,10,Right,0.0,2.0,4.03,IDC,178.6333333,Living,Negative,Yes,176.28,Not Recurred,Female,ER+/HER2- Low Prolif,15.0,1.0,Living
MB-5575,52,Breast Conserving,Breast Cancer,Breast Invasive Ductal Carcinoma,High,No,LumB,3.0,Positve,Positive,2,Neutral,Negative,Ductal/NST,Yes,Post,1,Left,0.0,3.0,3.04,IDC,117.6666667,Deceased,Positive,Yes,116.12,Not Recurred,Female,ER+/HER2- High Prolif,20.0,1.0,Died of Other Causes
MB-5576,67,Breast Conserving,Breast Cancer,Breast Mixed Ductal and Lobular Carcinoma,Moderate,No,LumB,3.0,Positve,Positive,3,Neutral,Negative,Mixed,Yes,Post,1,Left,0.0,10.0,4.04,MDLC,194.0,Living,Positive,Yes,191.45,Not Recurred,Female,ER+/HER2- High Prolif,20.0,1.0,Living
MB-5577,68,Mastectomy,Breast Cancer,Breast Invasive Lobular Carcinoma,High,No,claudin-low,3.0,Positve,Negative,3,Neutral,Negative,Lobular,Yes,Post,3,Right,8.0,9.0,6.12,ILC,55.4,Deceased,Negative,No,44.57,Recurred,Female,ER+/HER2- High Prolif,60.0,3.0,Died of Disease
MB-5579,68,Breast Conserving,Breast Cancer,Breast Mixed Ductal and Lobular Carcinoma,Moderate,No,LumA,3.0,Positve,Positive,3,Neutral,Negative,Mixed,Yes,Post,2,Right,4.0,5.0,6.06,MDLC,90.6,Deceased,Positive,Yes,79.9,Recurred,Female,ER+/HER2- Low Prolif,30.0,2.0,Died of Disease
MB-5580,75,Mastectomy,Breast Cancer,Breast Invasive Ductal Carcinoma,Moderate,No,LumA,3.0,Positve,Positive,2,Neutral,Negative,Ductal/NST,Yes,Post,2,Left,0.0,9.0,3.05,IDC,71.63333333,Deceased,Positive,No,70.69,Not Recurred,Female,ER+/HER2- Low Prolif,25.0,2.0,Died of Other Causes
MB-5582,46,Breast Conserving,Breast Cancer,Breast Invasive Ductal Carcinoma,Moderate,No,LumA,3.0,Positve,Positive,2,Neutral,Negative,Tubular/ cribriform,No,Pre,3,Left,0.0,6.0,3.02,IDC,222.3333333,Living,Positive,Yes,219.41,Not Recurred,Female,ER+/HER2- Low Prolif,10.0,1.0,Living
MB-5583,50,Breast Conserving,Breast Cancer,Breast Invasive Ductal Carcinoma,Moderate,No,LumA,3.0,Positve,Positive,2,Neutral,Negative,Ductal/NST,No,Post,7,Left,0.0,3.0,3.032,IDC,111.3666667,Living,Positive,Yes,109.9,Not Recurred,Female,ER+/HER2- Low Prolif,16.0,1.0,Living
MB-5584,69,Breast Conserving,Breast Cancer,Breast Invasive Ductal Carcinoma,High,No,Her2,3.0,Positve,Positive,3,Neutral,Negative,Ductal/NST,Yes,Post,1,Left,0.0,23.0,4.04,IDC,91.1,Deceased,Negative,No,89.9,Not Recurred,Female,ER+/HER2- High Prolif,20.0,1.0,Died of Other Causes
MB-5585,75,Mastectomy,Breast Cancer,Breast Invasive Ductal Carcinoma,High,No,LumA,3.0,Positve,Positive,2,Neutral,Negative,Ductal/NST,Yes,Post,8,Right,0.0,23.0,3.07,IDC,53.9,Deceased,Negative,No,49.18,Recurred,Female,ER+/HER2- Low Prolif,35.0,2.0,Died of Disease
MB-5588,66,Mastectomy,Breast Cancer,Breast Mixed Ductal and Lobular Carcinoma,Moderate,No,claudin-low,3.0,Positve,Positive,3,Neutral,Negative,Mixed,Yes,Post,8,Right,2.0,3.0,5.036,MDLC,81.13333333,Deceased,Negative,No,69.31,Recurred,Female,ER+/HER2- Low Prolif,18.0,2.0,Died of Disease
MB-5589,70,Breast Conserving,Breast Cancer,Breast Invasive Ductal Carcinoma,High,No,LumA,3.0,Positve,Positive,2,Neutral,Negative,Ductal/NST,Yes,Post,8,Right,0.0,5.0,3.04,IDC,185.1333333,Living,Positive,Yes,182.7,Not Recurred,Female,ER+/HER2- Low Prolif,20.0,2.0,Living
MB-5590,64,Breast Conserving,Breast Cancer,Breast Invasive Ductal Carcinoma,Moderate,No,LumB,3.0,Positve,Positive,3,Neutral,Negative,Ductal/NST,Yes,Post,8,Right,0.0,12.0,4.052,IDC,17.83333333,Living,Positive,No,17.6,Not Recurred,Female,ER+/HER2- High Prolif,26.0,2.0,Living
MB-5591,46,Breast Conserving,Breast Cancer,Breast Invasive Ductal Carcinoma,Moderate,No,LumA,3.0,Positve,Positive,2,Neutral,Negative,Ductal/NST,Yes,Pre,3,Left,0.0,14.0,3.03,IDC,155.3666667,Deceased,Positive,No,23.03,Recurred,Female,ER+/HER2- Low Prolif,15.0,2.0,Died of Other Causes
MB-5592,66,Breast Conserving,Breast Cancer,Breast Invasive Lobular Carcinoma,Low,No,LumB,3.0,Positve,Positive,2,Neutral,Negative,Lobular,No,Post,8,Left,0.0,11.0,3.04,ILC,26.33333333,Deceased,Positive,Yes,17.7,Recurred,Female,ER+/HER2- High Prolif,20.0,2.0,Died of Other Causes
MB-5593,40,Mastectomy,Breast Cancer,Breast Invasive Lobular Carcinoma,Low,Yes,Her2,3.0,Negative,Negative,3,Gain,Positive,Lobular,No,Pre,5,Left,1.0,11.0,5.07,ILC,92.5,Deceased,Negative,Yes,32.96,Recurred,Female,ER+/HER2- High Prolif,35.0,2.0,Died of Disease
MB-5596,54,Mastectomy,Breast Cancer,Breast Invasive Lobular Carcinoma,Moderate,No,LumA,3.0,Positve,Positive,2,Neutral,Negative,Lobular,Yes,Post,3,Right,20.0,11.0,5.06,ILC,167.9333333,Deceased,Positive,No,123.68,Recurred,Female,ER+/HER2- Low Prolif,30.0,2.0,Died of Disease
MB-5597,75,Mastectomy,Breast Cancer,Breast Invasive Ductal Carcinoma,Moderate,No,LumA,3.0,Positve,Positive,2,Gain,Negative,Ductal/NST,Yes,Post,3,Left,1.0,8.0,4.06,IDC,32.73333333,Deceased,Positive,No,32.3,Not Recurred,Female,ER+/HER2- Low Prolif,30.0,2.0,Died of Other Causes
MB-5599,62,Breast Conserving,Breast Cancer,Breast Invasive Ductal Carcinoma,High,No,LumA,3.0,Positve,Positive,2,Neutral,Negative,Ductal/NST,Yes,Post,7,Right,3.0,5.0,4.04,IDC,224.8666667,Living,Positive,Yes,221.91,Not Recurred,Female,ER+/HER2- Low Prolif,20.0,2.0,Living
MB-5601,61,Breast Conserving,Breast Cancer,Breast Invasive Ductal Carcinoma,High,No,LumA,3.0,Positve,Positive,2,Neutral,Negative,Ductal/NST,Yes,Post,3,Left,3.0,5.0,4.032,IDC,214.8,Deceased,Negative,Yes,211.97,Not Recurred,Female,ER+/HER2- Low Prolif,16.0,2.0,Died of Other Causes
MB-5602,39,Breast Conserving,Breast Cancer,Breast Invasive Ductal Carcinoma,High,Yes,Basal,3.0,Negative,Negative,3,Neutral,Negative,Ductal/NST,No,Pre,10,Left,8.0,5.0,6.08,IDC,224.4333333,Living,Negative,Yes,221.48,Not Recurred,Female,ER+/HER2- Low Prolif,40.0,2.0,Living
MB-5603,70,Mastectomy,Breast Cancer,Breast Invasive Ductal Carcinoma,High,No,LumA,3.0,Positve,Positive,2,Neutral,Negative,Ductal/NST,Yes,Post,2,Left,2.0,2.0,4.04,IDC,171.6333333,Deceased,Negative,Yes,169.38,Not Recurred,Female,ER+/HER2- Low Prolif,20.0,2.0,Died of Other Causes
MB-5604,66,Breast Conserving,Breast Cancer,Breast Invasive Ductal Carcinoma,High,No,LumB,3.0,Positve,Positive,2,Gain,Negative,Ductal/NST,Yes,Post,1,Right,2.0,5.0,4.05,IDC,145.6333333,Living,Positive,Yes,143.72,Not Recurred,Female,ER+/HER2- High Prolif,25.0,2.0,Living
MB-5605,40,Breast Conserving,Breast Cancer,Breast Invasive Ductal Carcinoma,High,No,LumB,3.0,Positve,Positive,2,Loss,Negative,Ductal/NST,No,Pre,3,Right,0.0,4.0,3.05,IDC,123.7,Living,Positive,Yes,122.07,Not Recurred,Female,ER+/HER2- High Prolif,25.0,2.0,Living
MB-5613,80,Breast Conserving,Breast Cancer,Breast Invasive Ductal Carcinoma,High,No,LumB,3.0,Positve,Positive,2,Neutral,Negative,Ductal/NST,Yes,Post,10,Left,1.0,7.0,4.1,IDC,212.3666667,Deceased,Positive,No,209.57,Not Recurred,Female,ER+/HER2- High Prolif,50.0,3.0,Died of Other Causes
MB-5614,62,Breast Conserving,Breast Cancer,Breast Invasive Ductal Carcinoma,Low,No,LumA,3.0,Positve,Positive,3,Gain,Negative,Ductal/NST,No,Post,9,Left,0.0,9.0,4.034,IDC,116.4333333,Deceased,Positive,Yes,82.63,Recurred,Female,ER+/HER2- Low Prolif,17.0,1.0,Died of Disease
MB-5616,41,Breast Conserving,Breast Cancer,Breast Invasive Ductal Carcinoma,Moderate,Yes,claudin-low,3.0,Negative,Negative,3,Neutral,Negative,Ductal/NST,No,Pre,10,Left,4.0,3.0,6.04,IDC,180.6333333,Living,Negative,Yes,178.26,Not Recurred,Female,ER+/HER2- Low Prolif,20.0,2.0,Living
MB-5617,81,Breast Conserving,Breast Cancer,Breast Invasive Ductal Carcinoma,High,No,LumA,3.0,Positve,Positive,2,Neutral,Negative,Ductal/NST,Yes,Post,10,Right,1.0,2.0,4.064,IDC,128.2,Deceased,Positive,Yes,126.51,Not Recurred,Female,ER+/HER2- Low Prolif,32.0,2.0,Died of Other Causes
MB-5620,79,Mastectomy,Breast Cancer,Breast Invasive Ductal Carcinoma,Moderate,No,LumA,3.0,Positve,Positive,2,Neutral,Negative,Ductal/NST,Yes,Post,8,Left,2.0,6.0,4.062,IDC,42.06666667,Deceased,Positive,No,37.53,Recurred,Female,ER+/HER2- Low Prolif,31.0,2.0,Died of Disease
MB-5622,62,Breast Conserving,Breast Cancer,Breast Invasive Ductal Carcinoma,High,No,LumB,3.0,Positve,Positive,3,Neutral,Negative,Ductal/NST,Yes,Post,1,Left,0.0,4.0,4.046,IDC,182.9333333,Living,Positive,Yes,180.53,Not Recurred,Female,ER+/HER2- High Prolif,23.0,2.0,Living
MB-5623,44,Mastectomy,Breast Cancer,Breast Invasive Ductal Carcinoma,High,No,LumB,3.0,Positve,Positive,2,Neutral,Negative,Ductal/NST,Yes,Pre,3,Right,0.0,12.0,3.04,IDC,137.8,Deceased,Positive,No,135.99,Not Recurred,Female,ER+/HER2- High Prolif,20.0,1.0,Died of Other Causes
MB-5624,55,Breast Conserving,Breast Cancer,Breast Invasive Ductal Carcinoma,High,Yes,Basal,3.0,Negative,Negative,3,Neutral,Negative,Ductal/NST,Yes,Post,10,Right,1.0,17.0,5.05,IDC,136.0,Living,Negative,Yes,134.21,Not Recurred,Female,ER+/HER2- High Prolif,25.0,1.0,Living
MB-5625,45,Mastectomy,Breast Cancer,Breast Invasive Ductal Carcinoma,Moderate,Yes,Basal,3.0,Negative,Negative,3,Neutral,Negative,Ductal/NST,No,Pre,9,Right,1.0,17.0,5.08,IDC,32.3,Deceased,Negative,No,30.2,Recurred,Female,ER+/HER2- High Prolif,40.0,1.0,Died of Disease
MB-5626,73,Mastectomy,Breast Cancer,Breast Invasive Ductal Carcinoma,High,No,LumA,3.0,Positve,Positive,2,Neutral,Negative,Ductal/NST,Yes,Post,8,Right,5.0,4.0,5.04,IDC,82.96666667,Living,Negative,Yes,81.88,Not Recurred,Female,ER+/HER2- Low Prolif,20.0,2.0,Living
MB-5628,65,Breast Conserving,Breast Cancer,Breast Invasive Ductal Carcinoma,High,No,LumB,3.0,Positve,Positive,3,Gain,Positive,Ductal/NST,Yes,Post,5,Right,4.0,6.0,6.0,IDC,42.6,Deceased,Positive,Yes,14.28,Recurred,Female,ER+/HER2- High Prolif,20.0,2.0,Died of Disease
MB-5629,71,Breast Conserving,Breast Cancer,Breast Invasive Ductal Carcinoma,Moderate,No,LumA,3.0,Positve,Positive,2,Neutral,Negative,Ductal/NST,Yes,Post,3,Left,0.0,6.0,3.06,IDC,103.8,Deceased,Positive,Yes,102.43,Not Recurred,Female,ER+/HER2- High Prolif,30.0,2.0,Died of Other Causes
MB-5632,78,Mastectomy,Breast Cancer,Breast Invasive Ductal Carcinoma,High,No,LumB,3.0,Positve,Positive,2,Gain,Negative,Ductal/NST,Yes,Post,9,Left,4.0,5.0,5.07,IDC,38.16666667,Deceased,Negative,Yes,19.7,Recurred,Female,ER+/HER2- High Prolif,35.0,2.0,Died of Disease
MB-5633,62,Mastectomy,Breast Cancer,Breast Invasive Ductal Carcinoma,Moderate,Yes,claudin-low,3.0,Negative,Negative,3,Neutral,Negative,Ductal/NST,No,Post,9,Left,7.0,2.0,6.06,IDC,35.03333333,Deceased,Negative,Yes,29.28,Recurred,Female,ER+/HER2- High Prolif,30.0,3.0,Died of Disease
MB-5634,55,Mastectomy,Breast Cancer,Breast Invasive Ductal Carcinoma,High,No,Basal,3.0,Negative,Negative,3,Neutral,Negative,Ductal/NST,No,Post,10,Right,0.0,4.0,4.06,IDC,62.9,Deceased,Negative,No,54.8,Recurred,Female,ER+/HER2- High Prolif,30.0,2.0,Died of Disease
MB-5635,57,Breast Conserving,Breast Cancer,Breast Invasive Ductal Carcinoma,High,No,LumA,3.0,Positve,Positive,2,Gain,Negative,Ductal/NST,Yes,Post,10,Right,0.0,8.0,3.03,IDC,21.06666667,Deceased,Negative,Yes,9.93,Recurred,Female,ER+/HER2- Low Prolif,15.0,1.0,Died of Disease
MB-5636,68,Mastectomy,Breast Cancer,Breast Invasive Ductal Carcinoma,High,No,LumB,3.0,Positve,Positive,2,Gain,Negative,Ductal/NST,Yes,Post,9,Right,2.0,4.0,2.06,IDC,108.3,Deceased,Positive,No,73.45,Recurred,Female,ER+/HER2- High Prolif,30.0,1.0,Died of Other Causes
MB-5638,65,Breast Conserving,Breast Cancer,Breast Invasive Ductal Carcinoma,Moderate,No,LumA,3.0,Positve,Positive,2,Neutral,Negative,Ductal/NST,Yes,Post,7,Left,0.0,3.0,3.04,IDC,195.7,Deceased,Positive,Yes,193.13,Not Recurred,Female,ER+/HER2- High Prolif,20.0,1.0,Died of Other Causes
MB-5640,58,Mastectomy,Breast Cancer,Breast Invasive Ductal Carcinoma,Low,No,Normal,3.0,Positve,Positive,2,Neutral,Negative,Ductal/NST,No,Post,7,Left,0.0,5.0,3.002,IDC,172.3,Living,Positive,No,170.03,Not Recurred,Female,ER+/HER2- Low Prolif,1.0,1.0,Living
MB-5641,78,Breast Conserving,Breast Cancer,Breast Invasive Ductal Carcinoma,Low,No,LumB,3.0,Positve,Positive,3,Loss,Negative,Ductal/NST,Yes,Post,7,Left,0.0,3.0,4.044,IDC,181.8666667,Living,Positive,Yes,179.47,Not Recurred,Female,ER+/HER2- High Prolif,22.0,2.0,Living
MB-5642,68,Mastectomy,Breast Cancer,Breast Invasive Ductal Carcinoma,Moderate,No,LumA,3.0,Positve,Positive,2,Neutral,Negative,Ductal/NST,Yes,Post,7,Left,1.0,4.0,4.068,IDC,156.8,Deceased,Positive,Yes,154.74,Not Recurred,Female,ER+/HER2- Low Prolif,34.0,3.0,Died of Other Causes
MB-5645,71,Breast Conserving,Breast Cancer,Breast Invasive Ductal Carcinoma,High,No,LumA,3.0,Positve,Positive,2,Neutral,Negative,Ductal/NST,Yes,Post,7,Right,0.0,6.0,3.04,IDC,22.23333333,Deceased,Positive,Yes,21.94,Not Recurred,Female,ER+/HER2- Low Prolif,20.0,1.0,Died of Other Causes
MB-5646,58,Breast Conserving,Breast Cancer,Breast Mixed Ductal and Lobular Carcinoma,Moderate,No,LumB,3.0,Positve,Positive,3,Neutral,Negative,Mixed,Yes,Post,1,Right,0.0,7.0,4.06,MDLC,167.1,Deceased,Negative,Yes,164.9,Not Recurred,Female,ER+/HER2- High Prolif,30.0,2.0,Died of Other Causes
MB-5647,65,Mastectomy,Breast Cancer,Breast Invasive Ductal Carcinoma,High,No,LumA,3.0,Positve,Positive,3,Neutral,Negative,Ductal/NST,Yes,Post,6,Right,11.0,5.0,6.07,IDC,30.8,Deceased,Negative,Yes,30.39,Not Recurred,Female,ER+/HER2- High Prolif,35.0,2.0,Died of Other Causes
MB-5648,74,Breast Conserving,Breast Cancer,Breast Invasive Ductal Carcinoma,Low,No,LumA,3.0,Positve,Positive,2,Neutral,Negative,Ductal/NST,Yes,Post,8,Right,11.0,5.0,4.08,IDC,199.9666667,Deceased,Positive,Yes,197.34,Not Recurred,Female,ER+/HER2- Low Prolif,40.0,2.0,Died of Other Causes
MB-5651,51,Breast Conserving,Breast Cancer,Breast Mixed Ductal and Lobular Carcinoma,Moderate,Yes,claudin-low,3.0,Negative,Negative,3,Neutral,Negative,Mixed,Yes,Post,3,Right,1.0,7.0,5.052,MDLC,21.0,Deceased,Negative,Yes,13.62,Recurred,Female,ER+/HER2- Low Prolif,26.0,2.0,Died of Disease
MB-5652,68,Breast Conserving,Breast Cancer,Breast Invasive Ductal Carcinoma,Moderate,No,Normal,3.0,Negative,Positive,3,Gain,Negative,Ductal/NST,Yes,Post,3,Left,0.0,7.0,4.03,IDC,104.6666667,Deceased,Negative,Yes,103.29,Not Recurred,Female,ER+/HER2- Low Prolif,15.0,1.0,Died of Other Causes
MB-5653,60,Mastectomy,Breast Cancer,Breast Invasive Ductal Carcinoma,High,No,LumB,3.0,Positve,Positive,3,Neutral,Negative,Ductal/NST,Yes,Post,9,Left,0.0,6.0,4.05,IDC,194.6,Living,Negative,No,192.04,Not Recurred,Female,ER+/HER2- High Prolif,25.0,2.0,Living
MB-5654,82,Mastectomy,Breast Cancer,Breast Invasive Ductal Carcinoma,High,No,LumB,3.0,Positve,Positive,2,Neutral,Negative,Ductal/NST,Yes,Post,8,Left,1.0,6.0,4.11,IDC,173.0333333,Deceased,Positive,No,170.76,Not Recurred,Female,ER+/HER2- High Prolif,55.0,2.0,Died of Other Causes
MB-5655,67,Mastectomy,Breast Cancer,Breast Invasive Ductal Carcinoma,High,No,Basal,3.0,Negative,Negative,3,Neutral,Negative,Ductal/NST,Yes,Post,10,Right,0.0,9.0,4.05,IDC,191.8,Living,Negative,No,189.28,Not Recurred,Female,ER+/HER2- High Prolif,25.0,2.0,Living
MB-5656,74,Mastectomy,Breast Cancer,Breast Invasive Ductal Carcinoma,Low,No,Normal,3.0,Positve,Positive,2,Neutral,Negative,Ductal/NST,No,Post,3,Left,0.0,11.0,3.032,IDC,126.4,Deceased,Positive,No,24.64,Recurred,Female,ER+/HER2- Low Prolif,16.0,1.0,Died of Other Causes
MB-6001,68,Mastectomy,Breast Cancer,Breast Mixed Ductal and Lobular Carcinoma,Moderate,No,LumA,5.0,Positve,Positive,2,Neutral,Negative,Mixed,Yes,Post,3,Left,0.0,4.0,3.03,MDLC,135.3,Deceased,Negative,No,133.52,Not Recurred,Female,ER+/HER2- Low Prolif,15.0,1.0,Died of Other Causes
MB-6006,86,Mastectomy,Breast Cancer,Breast Invasive Lobular Carcinoma,Moderate,No,LumA,5.0,Positve,Positive,1,Neutral,Negative,Lobular,Yes,Post,3,Left,0.0,10.0,2.032,ILC,63.56666667,Deceased,Positive,No,62.73,Not Recurred,Female,ER+/HER2- Low Prolif,16.0,1.0,Died of Other Causes
MB-6007,70,Mastectomy,Breast Cancer,Breast Invasive Lobular Carcinoma,High,No,Her2,5.0,Positve,Positive,2,Neutral,Negative,Lobular,Yes,Post,3,Right,0.0,20.0,3.05,ILC,70.53333333,Deceased,Negative,No,69.61,Not Recurred,Female,ER+/HER2- High Prolif,25.0,2.0,Died of Other Causes
MB-6008,80,Mastectomy,Breast Cancer,Breast Invasive Lobular Carcinoma,High,No,LumB,5.0,Positve,Positive,3,Neutral,Negative,Lobular,No,Post,9,Left,0.0,8.0,4.05,ILC,69.1,Deceased,Positive,No,29.47,Recurred,Female,ER+/HER2- High Prolif,25.0,2.0,Died of Disease
MB-6010,70,Mastectomy,Breast Cancer,Breast Invasive Ductal Carcinoma,High,No,LumB,5.0,Positve,Positive,3,Neutral,Negative,Ductal/NST,Yes,Post,10,Left,0.0,7.0,4.03,IDC,218.2333333,Living,Negative,No,215.36,Not Recurred,Female,ER+/HER2- High Prolif,15.0,2.0,Living
MB-6011,59,Mastectomy,Breast Cancer,Breast Invasive Ductal Carcinoma,High,No,LumB,5.0,Positve,Positive,3,Gain,Negative,Ductal/NST,No,Post,1,Left,0.0,7.0,1.05,IDC,211.1333333,Deceased,Negative,No,208.36,Recurred,Female,ER+/HER2- High Prolif,25.0,2.0,Died of Disease
MB-6012,67,Mastectomy,Breast Cancer,Breast Invasive Lobular Carcinoma,Moderate,No,LumA,5.0,Positve,Positive,2,Neutral,Negative,Lobular,No,Post,8,Left,0.0,8.0,3.066,ILC,144.4333333,Deceased,Positive,No,142.53,Not Recurred,Female,ER+/HER2- High Prolif,33.0,2.0,Died of Other Causes
MB-6014,44,Mastectomy,Breast Cancer,Breast Invasive Lobular Carcinoma,Low,No,Normal,5.0,Negative,Positive,1,Neutral,Negative,Lobular,No,Pre,8,Right,0.0,2.0,2.114,ILC,191.9333333,Deceased,Positive,No,189.41,Not Recurred,Female,ER+/HER2- Low Prolif,57.0,2.0,Died of Other Causes
MB-6016,87,Breast Conserving,Breast Cancer,Breast Invasive Ductal Carcinoma,Moderate,No,LumA,5.0,Positve,Positive,2,Neutral,Negative,Ductal/NST,No,Post,8,Right,0.0,4.0,3.046,IDC,143.5333333,Deceased,Positive,No,141.64,Not Recurred,Female,ER+/HER2- Low Prolif,23.0,2.0,Died of Other Causes
MB-6017,72,Mastectomy,Breast Cancer,Breast Invasive Ductal Carcinoma,Moderate,No,LumA,5.0,Positve,Positive,1,Neutral,Negative,Ductal/NST,Yes,Post,3,Left,0.0,5.0,2.06,IDC,70.9,Deceased,Positive,No,69.97,Not Recurred,Female,ER+/HER2- Low Prolif,30.0,2.0,Died of Other Causes
MB-6018,65,Mastectomy,Breast Cancer,Breast Invasive Ductal Carcinoma,Low,No,LumA,5.0,Positve,Positive,2,Neutral,Negative,Ductal/NST,No,Post,8,Right,0.0,5.0,3.05,IDC,143.1666667,Deceased,Positive,No,141.28,Recurred,Female,ER+/HER2- Low Prolif,25.0,2.0,Died of Disease
MB-6019,67,Mastectomy,Breast Cancer,Breast Invasive Ductal Carcinoma,High,No,Normal,5.0,Positve,Positive,2,Neutral,Negative,Ductal/NST,No,Post,8,Left,0.0,9.0,3.14,IDC,13.53333333,Deceased,Negative,No,13.36,Not Recurred,Female,ER+/HER2- Low Prolif,70.0,2.0,Died of Other Causes
MB-6020,75,Mastectomy,Breast Cancer,Breast Invasive Ductal Carcinoma,Low,No,LumB,5.0,Positve,Positive,2,Gain,Positive,Ductal/NST,No,Post,1,Left,0.0,9.0,3.04,IDC,48.26666667,Deceased,Negative,No,47.63,Not Recurred,Female,ER+/HER2- Low Prolif,20.0,2.0,Died of Other Causes
MB-6022,90,Mastectomy,Breast Cancer,Breast Invasive Ductal Carcinoma,High,No,LumB,5.0,Positve,Positive,2,Neutral,Negative,Ductal/NST,Yes,Post,8,Right,2.0,6.0,4.1,IDC,52.06666667,Deceased,Positive,No,8.22,Recurred,Female,ER+/HER2- High Prolif,50.0,2.0,Died of Disease
MB-6023,60,Mastectomy,Breast Cancer,Breast Invasive Lobular Carcinoma,Moderate,No,Normal,5.0,Positve,Positive,2,Neutral,Negative,Lobular,No,Post,8,Right,0.0,5.0,3.068,ILC,232.9666667,Living,Negative,No,229.9,Not Recurred,Female,ER+/HER2- High Prolif,34.0,2.0,Living
MB-6024,65,Mastectomy,Breast Cancer,Breast Invasive Ductal Carcinoma,Moderate,No,LumA,5.0,Positve,Positive,2,Neutral,Negative,Ductal/NST,No,Post,8,Right,2.0,3.0,4.04,IDC,252.2666667,Deceased,Positive,No,248.95,Recurred,Female,ER+/HER2- Low Prolif,20.0,2.0,Died of Disease
MB-6026,87,Mastectomy,Breast Cancer,Breast Invasive Ductal Carcinoma,Moderate,No,LumB,5.0,Positve,Positive,2,Neutral,Negative,Ductal/NST,No,Post,1,Right,0.0,10.0,3.05,IDC,49.73333333,Deceased,Negative,No,49.08,Not Recurred,Female,ER+/HER2- High Prolif,25.0,2.0,Died of Other Causes
MB-6029,63,Breast Conserving,Breast Cancer,Breast Invasive Ductal Carcinoma,High,No,LumA,5.0,Positve,Positive,3,Neutral,Negative,Other,Yes,Post,7,Left,6.0,13.0,6.02,BREAST,278.3666667,Deceased,Positive,Yes,139.51,Recurred,Female,ER+/HER2- Low Prolif,10.0,2.0,Died of Disease
MB-6030,66,Mastectomy,Breast Cancer,Breast Invasive Ductal Carcinoma,High,No,LumA,5.0,Positve,Positive,1,Neutral,Negative,Ductal/NST,Yes,Post,7,Left,0.0,6.0,2.04,IDC,145.3666667,Deceased,Positive,No,65.0,Recurred,Female,ER+/HER2- Low Prolif,20.0,2.0,Died of Other Causes
MB-6036,44,Mastectomy,Breast Cancer,Breast Invasive Ductal Carcinoma,Moderate,No,claudin-low,5.0,Negative,Negative,3,Gain,Positive,Ductal/NST,No,Pre,10,Left,0.0,7.0,4.04,IDC,287.9333333,Living,Negative,No,284.14,Not Recurred,Female,ER+/HER2- Low Prolif,20.0,2.0,Living
MB-6039,65,Mastectomy,Breast Cancer,Breast Invasive Ductal Carcinoma,High,No,Her2,5.0,Positve,Positive,3,Gain,Negative,Ductal/NST,Yes,Post,9,Right,1.0,5.0,5.07,IDC,73.13333333,Deceased,Positive,No,10.39,Recurred,Female,ER+/HER2- High Prolif,35.0,2.0,Died of Other Causes
MB-6042,70,Mastectomy,Breast Cancer,Breast Invasive Ductal Carcinoma,High,No,Normal,5.0,Positve,Positive,2,Neutral,Negative,Ductal/NST,No,Post,3,Right,0.0,9.0,3.06,IDC,263.4333333,Living,Positive,No,259.97,Not Recurred,Female,ER+/HER2- Low Prolif,30.0,2.0,Living
MB-6044,70,Mastectomy,Breast Cancer,Breast Invasive Ductal Carcinoma,Moderate,No,Her2,5.0,Positve,Positive,2,Neutral,Negative,Ductal/NST,No,Post,6,Right,0.0,6.0,3.06,IDC,219.1,Deceased,Negative,No,216.22,Not Recurred,Female,ER+/HER2- High Prolif,30.0,2.0,Died of Other Causes
MB-6047,72,Mastectomy,Breast Cancer,Breast Invasive Ductal Carcinoma,High,No,Her2,5.0,Positve,Positive,2,Neutral,Negative,Other,Yes,Post,9,Right,12.0,14.0,5.03,BREAST,37.86666667,Deceased,Positive,No,12.93,Recurred,Female,ER+/HER2- High Prolif,15.0,2.0,Died of Disease
MB-6048,58,Mastectomy,Breast Cancer,Breast Invasive Ductal Carcinoma,High,No,Her2,5.0,Positve,Positive,2,Gain,Positive,Ductal/NST,Yes,Post,9,Left,0.0,3.0,3.05,IDC,168.2,Deceased,Positive,No,165.99,Not Recurred,Female,ER+/HER2- High Prolif,25.0,2.0,Died of Other Causes
MB-6049,62,Mastectomy,Breast Cancer,Breast Invasive Ductal Carcinoma,High,No,Her2,5.0,Positve,Positive,2,Gain,Positive,Ductal/NST,No,Post,5,Left,0.0,20.0,3.08,IDC,264.2333333,Living,Positive,No,260.76,Not Recurred,Female,ER+/HER2- High Prolif,40.0,2.0,Living
MB-6050,51,Mastectomy,Breast Cancer,Breast Invasive Ductal Carcinoma,High,No,LumA,5.0,Positve,Positive,2,Neutral,Negative,Ductal/NST,No,Post,8,Right,0.0,3.0,3.04,IDC,192.2,Living,Positive,No,189.67,Not Recurred,Female,ER+/HER2- Low Prolif,20.0,2.0,Living
MB-6051,65,Mastectomy,Breast Cancer,Breast Invasive Ductal Carcinoma,Moderate,No,LumA,5.0,Positve,Positive,2,Neutral,Negative,Ductal/NST,Yes,Post,3,Right,1.0,5.0,4.072,IDC,186.8333333,Deceased,Negative,No,182.43,Recurred,Female,ER+/HER2- Low Prolif,36.0,2.0,Died of Disease
MB-6052,36,Mastectomy,Breast Cancer,Breast Invasive Ductal Carcinoma,Low,No,claudin-low,5.0,Negative,Negative,3,Neutral,Negative,Ductal/NST,No,Pre,3,Left,0.0,6.0,4.03,IDC,255.3666667,Living,Negative,No,252.01,Not Recurred,Female,ER+/HER2- Low Prolif,15.0,2.0,Living
MB-6053,69,Mastectomy,Breast Cancer,Breast Invasive Ductal Carcinoma,Moderate,No,LumB,5.0,Positve,Positive,1,Neutral,Negative,Ductal/NST,Yes,Post,1,Left,2.0,4.0,3.052,IDC,250.8,Living,Negative,No,247.5,Not Recurred,Female,ER+/HER2- High Prolif,26.0,2.0,Living
MB-6055,33,Breast Conserving,Breast Cancer,Breast Invasive Ductal Carcinoma,High,Yes,claudin-low,5.0,Negative,Negative,3,Neutral,Negative,Medullary,No,Pre,10,Left,2.0,12.0,5.05,IDC,200.4333333,Living,Negative,Yes,197.8,Not Recurred,Female,ER+/HER2- High Prolif,25.0,2.0,Living
MB-6058,41,Mastectomy,Breast Cancer,Breast Invasive Ductal Carcinoma,High,Yes,Basal,5.0,Negative,Negative,2,Neutral,Negative,Ductal/NST,No,Pre,10,Right,2.0,10.0,4.036,IDC,22.66666667,Deceased,Negative,No,18.32,Recurred,Female,ER+/HER2- High Prolif,18.0,2.0,Died of Disease
MB-6059,50,Mastectomy,Breast Cancer,Breast Invasive Ductal Carcinoma,High,Yes,Normal,5.0,Negative,Positive,2,Neutral,Negative,Ductal/NST,No,Post,7,Right,1.0,6.0,4.096,IDC,278.4666667,Living,Positive,No,274.8,Not Recurred,Female,ER+/HER2- High Prolif,48.0,2.0,Living
MB-6060,53,Mastectomy,Breast Cancer,Breast Invasive Ductal Carcinoma,High,No,LumB,5.0,Positve,Positive,3,Gain,Negative,Ductal/NST,No,Post,5,Left,0.0,12.0,4.06,IDC,38.03333333,Deceased,Positive,No,37.53,Not Recurred,Female,ER+/HER2- High Prolif,30.0,2.0,Died of Other Causes
MB-6062,31,Breast Conserving,Breast Cancer,Breast Invasive Ductal Carcinoma,High,No,claudin-low,5.0,Negative,Negative,3,Neutral,Negative,Medullary,No,Pre,10,Left,0.0,7.0,4.044,IDC,282.3666667,Living,Negative,Yes,278.65,Not Recurred,Female,ER+/HER2- High Prolif,22.0,2.0,Living
MB-6063,58,Mastectomy,Breast Cancer,Breast Invasive Ductal Carcinoma,High,Yes,Normal,5.0,Negative,Negative,3,Gain,Positive,Ductal/NST,No,Post,5,Left,16.0,2.0,6.24,IDC,15.6,Deceased,Negative,No,0.36,Recurred,Female,ER+/HER2- High Prolif,120.0,2.0,Died of Disease
MB-6065,76,Mastectomy,Breast Cancer,Breast Invasive Ductal Carcinoma,High,No,LumA,5.0,Positve,Positive,1,Neutral,Negative,Ductal/NST,Yes,Post,8,Right,1.0,10.0,3.096,IDC,188.5333333,Deceased,Positive,No,186.05,Not Recurred,Female,ER+/HER2- Low Prolif,48.0,2.0,Died of Other Causes
MB-6068,43,Mastectomy,Breast Cancer,Breast Invasive Ductal Carcinoma,Moderate,No,Basal,5.0,Negative,Negative,2,Neutral,Negative,Ductal/NST,No,Pre,8,Right,0.0,5.0,3.0,IDC,182.6,Deceased,Positive,No,180.2,Not Recurred,Female,ER+/HER2- Low Prolif,48.0,2.0,Died of Other Causes
MB-6069,75,Breast Conserving,Breast Cancer,Breast Invasive Ductal Carcinoma,Moderate,No,LumA,5.0,Positve,Positive,2,Neutral,Negative,Ductal/NST,Yes,Post,7,Right,5.0,5.0,5.04,IDC,258.1333333,Deceased,Positive,Yes,254.74,Not Recurred,Female,ER+/HER2- Low Prolif,20.0,2.0,Died of Other Causes
MB-6071,72,Mastectomy,Breast Cancer,Breast Invasive Ductal Carcinoma,High,No,LumA,5.0,Positve,Positive,2,Neutral,Negative,Ductal/NST,Yes,Post,7,Left,7.0,9.0,5.068,IDC,57.4,Deceased,Positive,No,50.72,Recurred,Female,ER+/HER2- High Prolif,34.0,2.0,Died of Disease
MB-6075,84,Mastectomy,Breast Cancer,Breast Invasive Ductal Carcinoma,High,No,LumB,5.0,Positve,Positive,2,Neutral,Negative,Ductal/NST,No,Post,7,Left,0.0,3.0,3.05,IDC,182.3333333,Deceased,Positive,No,179.93,Recurred,Female,ER+/HER2- High Prolif,25.0,2.0,Died of Disease
MB-6077,70,Mastectomy,Breast Cancer,Breast Invasive Ductal Carcinoma,Low,No,NC,5.0,Positve,Positive,2,Neutral,Negative,Ductal/NST,No,Post,7,Left,0.0,6.0,3.032,IDC,170.2666667,Deceased,Positive,No,168.03,Not Recurred,Female,ER+/HER2- High Prolif,16.0,2.0,Died of Other Causes
MB-6079,68,Breast Conserving,Breast Cancer,Breast Invasive Ductal Carcinoma,Moderate,No,LumB,5.0,Positve,Positive,2,Neutral,Negative,Ductal/NST,Yes,Post,9,Right,0.0,5.0,3.0,IDC,239.1666667,Deceased,Negative,Yes,171.88,Recurred,Female,ER+/HER2- High Prolif,16.0,2.0,Died of Disease
MB-6080,79,Mastectomy,Breast Cancer,Breast Invasive Ductal Carcinoma,High,No,LumB,5.0,Positve,Positive,3,Neutral,Negative,Medullary,Yes,Post,9,Right,5.0,4.0,6.06,IDC,54.1,Deceased,Positive,Yes,27.07,Recurred,Female,ER+/HER2- High Prolif,30.0,3.0,Died of Disease
MB-6082,46,Mastectomy,Breast Cancer,Breast Invasive Ductal Carcinoma,Low,Yes,Normal,5.0,Negative,Positive,2,Neutral,Positive,Ductal/NST,No,Pre,7,Right,8.0,15.0,5.14,IDC,102.5,Deceased,Negative,No,101.15,Recurred,Female,ER+/HER2- Low Prolif,70.0,3.0,Died of Disease
MB-6083,73,Mastectomy,Breast Cancer,Breast Invasive Ductal Carcinoma,High,No,LumA,5.0,Positve,Positive,2,Neutral,Negative,Ductal/NST,Yes,Post,8,Left,0.0,11.0,3.042,IDC,164.0333333,Deceased,Positive,No,161.88,Not Recurred,Female,ER+/HER2- Low Prolif,21.0,3.0,Died of Other Causes
MB-6085,58,Mastectomy,Breast Cancer,Breast Invasive Ductal Carcinoma,High,Yes,Her2,5.0,Negative,Negative,2,Gain,Positive,Ductal/NST,Yes,Post,8,Right,4.0,12.0,5.052,IDC,23.9,Living,Negative,No,23.59,Not Recurred,Female,ER+/HER2- Low Prolif,26.0,3.0,Living
MB-6092,80,Breast Conserving,Breast Cancer,Breast Mixed Ductal and Lobular Carcinoma,Moderate,No,Normal,5.0,Positve,Positive,2,Neutral,Negative,Mixed,No,Post,3,Right,0.0,6.0,3.042,MDLC,2.3,Deceased,Negative,No,2.27,Not Recurred,Female,ER+/HER2- Low Prolif,21.0,3.0,Died of Other Causes
MB-6097,68,Breast Conserving,Breast Cancer,Breast Invasive Ductal Carcinoma,High,No,LumA,5.0,Positve,Positive,2,Neutral,Negative,Ductal/NST,Yes,Post,8,Right,1.0,6.0,4.016,IDC,159.7,Deceased,Negative,Yes,157.6,Not Recurred,Female,ER+/HER2- High Prolif,8.0,3.0,Died of Other Causes
MB-6098,28,Mastectomy,Breast Cancer,Breast Invasive Ductal Carcinoma,High,Yes,Basal,5.0,Negative,Negative,3,Neutral,Negative,Ductal/NST,No,Pre,10,Left,1.0,6.0,5.16,IDC,10.63333333,Deceased,Negative,No,0.69,Recurred,Female,ER+/HER2- High Prolif,80.0,3.0,Died of Disease
MB-6100,53,Breast Conserving,Breast Cancer,Breast Invasive Ductal Carcinoma,High,Yes,Her2,5.0,Negative,Negative,2,Gain,Positive,Ductal/NST,No,Post,5,Left,2.0,4.0,4.06,IDC,10.06666667,Deceased,Negative,Yes,8.06,Recurred,Female,ER+/HER2- High Prolif,30.0,3.0,Died of Disease
MB-6101,82,Mastectomy,Breast Cancer,Breast Invasive Ductal Carcinoma,High,No,Normal,5.0,Positve,Positive,2,Neutral,Negative,Ductal/NST,No,Post,7,Left,0.0,10.0,3.07,IDC,77.5,Deceased,Positive,No,76.48,Not Recurred,Female,ER+/HER2- High Prolif,35.0,3.0,Died of Other Causes
MB-6103,66,Mastectomy,Breast Cancer,Breast Mixed Ductal and Lobular Carcinoma,Low,No,Normal,5.0,Positve,Positive,2,Neutral,Negative,Mixed,Yes,Post,3,Left,0.0,4.0,3.0,MDLC,239.4,Living,Negative,No,236.25,Not Recurred,Female,ER+/HER2- Low Prolif,35.0,3.0,Living
MB-6105,78,Mastectomy,Breast Cancer,Breast Mixed Ductal and Lobular Carcinoma,Moderate,No,Her2,5.0,Positve,Positive,1,Neutral,Positive,Mixed,No,Post,7,Left,0.0,6.0,2.026,MDLC,192.2,Deceased,Positive,No,189.67,Not Recurred,Female,ER+/HER2- High Prolif,13.0,3.0,Died of Other Causes
MB-6107,71,Mastectomy,Breast Cancer,Breast Invasive Lobular Carcinoma,Moderate,No,Normal,5.0,Positve,Positive,3,Neutral,Negative,Lobular,Yes,Post,3,Left,0.0,13.0,4.0,ILC,123.3333333,Deceased,Positive,No,121.71,Not Recurred,Female,ER+/HER2- Low Prolif,13.0,3.0,Died of Other Causes
MB-6108,38,Mastectomy,Breast Cancer,Breast Invasive Ductal Carcinoma,High,No,LumA,5.0,Positve,Positive,2,Loss,Negative,Ductal/NST,Yes,Pre,3,Right,0.0,2.0,3.036,IDC,193.9666667,Living,Positive,No,191.41,Not Recurred,Female,ER+/HER2- Low Prolif,18.0,1.0,Living
MB-6113,39,Mastectomy,Breast Cancer,Breast Invasive Ductal Carcinoma,High,Yes,Her2,5.0,Negative,Positive,2,Gain,Positive,Ductal/NST,No,Pre,5,Left,2.0,4.0,4.04,IDC,124.5666667,Deceased,Negative,No,122.34,Recurred,Female,ER+/HER2- Low Prolif,20.0,2.0,Died of Disease
MB-6114,70,Mastectomy,Breast Cancer,Breast Invasive Ductal Carcinoma,High,Yes,Her2,5.0,Negative,Positive,2,Gain,Positive,Ductal/NST,No,Post,5,Right,10.0,6.0,5.056,IDC,66.83333333,Living,Positive,No,65.95,Not Recurred,Female,ER+/HER2- High Prolif,28.0,2.0,Living
MB-6116,66,Mastectomy,Breast Cancer,Breast Invasive Ductal Carcinoma,High,No,Her2,5.0,Negative,Positive,2,Gain,Positive,Ductal/NST,No,Post,5,Right,0.0,11.0,3.06,IDC,193.1333333,Living,Positive,No,190.59,Not Recurred,Female,ER+/HER2- High Prolif,30.0,2.0,Living
MB-6118,41,Breast Conserving,Breast Cancer,Breast Invasive Ductal Carcinoma,Low,No,LumA,5.0,Positve,Positive,2,Neutral,Negative,Ductal/NST,No,Pre,3,Right,0.0,8.0,3.03,IDC,264.6,Living,Positive,Yes,93.09,Recurred,Female,ER+/HER2- Low Prolif,15.0,1.0,Living
MB-6122,54,Mastectomy,Breast Cancer,Breast Invasive Ductal Carcinoma,Moderate,Yes,Basal,5.0,Negative,Positive,2,Loss,Negative,Ductal/NST,No,Post,3,Left,3.0,7.0,4.07,IDC,260.2,Living,Positive,No,256.78,Not Recurred,Female,ER+/HER2- Low Prolif,35.0,1.0,Living
MB-6124,76,Mastectomy,Breast Cancer,Breast Invasive Ductal Carcinoma,High,No,LumA,5.0,Positve,Positive,3,Neutral,Negative,Ductal/NST,Yes,Post,3,Right,15.0,7.0,6.03,IDC,115.6333333,Deceased,Positive,No,114.11,Not Recurred,Female,ER+/HER2- High Prolif,15.0,1.0,Died of Other Causes
MB-6125,63,Mastectomy,Breast Cancer,Breast Invasive Ductal Carcinoma,Moderate,No,Normal,5.0,Positve,Positive,2,Neutral,Negative,Ductal/NST,Yes,Post,3,Left,0.0,7.0,3.03,IDC,153.9,Deceased,Positive,No,151.88,Not Recurred,Female,ER+/HER2- Low Prolif,15.0,1.0,Died of Other Causes
MB-6131,57,Mastectomy,Breast Cancer,Breast Invasive Ductal Carcinoma,High,No,Her2,5.0,Positve,Negative,2,Gain,Positive,Ductal/NST,No,Post,5,Left,0.0,10.0,3.122,IDC,257.6666667,Living,Negative,No,254.28,Not Recurred,Female,ER+/HER2- Low Prolif,61.0,1.0,Living
MB-6133,74,Mastectomy,Breast Cancer,Breast Invasive Lobular Carcinoma,High,No,LumA,5.0,Positve,Positive,2,Neutral,Negative,Lobular,No,Post,3,Right,0.0,7.0,3.078,ILC,61.8,Deceased,Negative,No,60.99,Recurred,Female,ER+/HER2- High Prolif,39.0,1.0,Died of Disease
MB-6135,69,Mastectomy,Breast Cancer,Breast Invasive Ductal Carcinoma,High,No,LumB,5.0,Positve,Positive,2,Neutral,Negative,Ductal/NST,Yes,Post,9,Right,1.0,7.0,4.03,IDC,78.6,Deceased,Positive,No,12.83,Recurred,Female,ER+/HER2- High Prolif,15.0,1.0,Died of Other Causes
MB-6138,85,Mastectomy,Breast Cancer,Breast Mixed Ductal and Lobular Carcinoma,Moderate,No,LumB,5.0,Positve,Positive,3,Neutral,Negative,Mixed,Yes,Post,3,Left,4.0,6.0,6.074,MDLC,25.63333333,Deceased,Negative,No,24.41,Recurred,Female,ER+/HER2- Low Prolif,37.0,2.0,Died of Disease
MB-6141,79,Mastectomy,Breast Cancer,Breast Invasive Lobular Carcinoma,High,No,LumB,5.0,Positve,Positive,3,Neutral,Negative,Lobular,Yes,Post,8,Left,4.0,1.0,6.0,ILC,78.86666667,Deceased,Negative,No,77.83,Not Recurred,Female,ER+/HER2- High Prolif,37.0,2.0,Died of Other Causes
MB-6143,60,Breast Conserving,Breast Cancer,Breast Invasive Ductal Carcinoma,Moderate,No,claudin-low,5.0,Negative,Negative,3,Neutral,Negative,Ductal/NST,No,Post,9,Right,0.0,6.0,4.092,IDC,255.6,Living,Negative,Yes,252.24,Not Recurred,Female,ER+/HER2- High Prolif,46.0,2.0,Living
MB-6144,64,Mastectomy,Breast Cancer,Breast Invasive Ductal Carcinoma,High,No,claudin-low,5.0,Positve,Negative,2,Neutral,Negative,Medullary,No,Post,10,Left,0.0,1.0,3.04,IDC,254.9333333,Living,Negative,No,251.58,Not Recurred,Female,ER+/HER2- High Prolif,20.0,2.0,Living
MB-6145,60,Mastectomy,Breast Cancer,Breast Mixed Ductal and Lobular Carcinoma,High,No,LumB,5.0,Positve,Positive,2,Loss,Negative,Mixed,Yes,Post,7,Left,3.0,3.0,4.09,MDLC,34.33333333,Deceased,Negative,No,20.79,Recurred,Female,ER+/HER2- High Prolif,45.0,2.0,Died of Disease
MB-6146,51,Mastectomy,Breast Cancer,Breast Invasive Ductal Carcinoma,High,No,Her2,5.0,Positve,Positive,3,Neutral,Negative,Ductal/NST,Yes,Post,7,Left,3.0,7.0,5.012,IDC,89.6,Deceased,Positive,No,36.71,Recurred,Female,ER+/HER2- High Prolif,6.0,2.0,Died of Disease
MB-6147,76,Mastectomy,Breast Cancer,Breast Invasive Lobular Carcinoma,Low,No,claudin-low,5.0,Positve,Positive,1,Neutral,Negative,Lobular,Yes,Post,7,Right,0.0,6.0,2.03,ILC,238.0666667,Deceased,Positive,No,234.93,Not Recurred,Female,ER+/HER2- Low Prolif,15.0,2.0,Died of Other Causes
MB-6149,70,Mastectomy,Breast Cancer,Breast Invasive Ductal Carcinoma,High,No,LumA,5.0,Positve,Positive,1,Gain,Negative,Ductal/NST,No,Post,7,Right,0.0,4.0,2.052,IDC,74.93333333,Deceased,Positive,No,73.95,Not Recurred,Female,ER+/HER2- High Prolif,26.0,2.0,Died of Other Causes
MB-6150,59,Mastectomy,Breast Cancer,Breast Invasive Ductal Carcinoma,High,No,LumB,5.0,Positve,Positive,2,Neutral,Negative,Ductal/NST,No,Post,7,Left,0.0,7.0,3.042,IDC,77.66666667,Deceased,Negative,No,71.81,Recurred,Female,ER+/HER2- High Prolif,21.0,2.0,Died of Other Causes
MB-6152,60,Mastectomy,Breast Cancer,Breast Invasive Ductal Carcinoma,High,No,Basal,5.0,Positve,Negative,2,Neutral,Negative,Ductal/NST,No,Post,10,Right,0.0,13.0,3.034,IDC,228.9,Living,Negative,No,225.89,Not Recurred,Female,ER+/HER2- High Prolif,17.0,2.0,Living
MB-6154,71,Mastectomy,Breast Cancer,Breast Invasive Ductal Carcinoma,Moderate,No,LumB,5.0,Positve,Positive,2,Neutral,Negative,Ductal/NST,No,Post,8,Right,0.0,4.0,3.05,IDC,195.3,Living,Positive,No,192.73,Not Recurred,Female,ER+/HER2- High Prolif,25.0,2.0,Living
MB-6156,49,Mastectomy,Breast Cancer,Breast Invasive Ductal Carcinoma,High,No,Her2,5.0,Positve,Negative,3,Gain,Positive,Ductal/NST,No,Pre,5,Left,0.0,4.0,4.05,IDC,58.93333333,Deceased,Positive,No,28.75,Recurred,Female,ER+/HER2- High Prolif,25.0,2.0,Died of Disease
MB-6157,86,Mastectomy,Breast Cancer,Breast Invasive Ductal Carcinoma,Moderate,No,Basal,5.0,Positve,Positive,3,Gain,Positive,Ductal/NST,Yes,Post,5,Left,14.0,4.0,6.07,IDC,15.86666667,Deceased,Negative,Yes,12.53,Recurred,Female,ER+/HER2- High Prolif,35.0,2.0,Died of Disease
MB-6160,46,Mastectomy,Breast Cancer,Breast Invasive Ductal Carcinoma,Moderate,Yes,Her2,5.0,Negative,Negative,2,Gain,Positive,Medullary,No,Pre,9,Right,1.0,4.0,4.0,IDC,247.3666667,Living,Negative,No,244.11,Not Recurred,Female,ER+/HER2- High Prolif,20.0,2.0,Living
MB-6163,71,Mastectomy,Breast Cancer,Breast Mixed Ductal and Lobular Carcinoma,High,No,LumA,5.0,Positve,Positive,2,Neutral,Negative,Mixed,Yes,Post,8,Right,6.0,5.0,5.07,MDLC,88.66666667,Deceased,Positive,No,48.29,Recurred,Female,ER+/HER2- High Prolif,35.0,2.0,Died of Other Causes
MB-6164,77,Mastectomy,Breast Cancer,Breast Invasive Ductal Carcinoma,High,No,LumB,5.0,Positve,Positive,2,Neutral,Negative,Ductal/NST,Yes,Post,3,Left,5.0,8.0,5.026,IDC,205.9,Living,Positive,No,203.19,Not Recurred,Female,ER+/HER2- High Prolif,13.0,2.0,Living
MB-6167,75,Mastectomy,Breast Cancer,Breast Invasive Lobular Carcinoma,High,No,LumA,5.0,Positve,Positive,2,Neutral,Negative,Lobular,Yes,Post,8,Left,6.0,7.0,5.03,ILC,122.8,Deceased,Negative,No,121.18,Not Recurred,Female,ER+/HER2- Low Prolif,15.0,2.0,Died of Other Causes
MB-6168,64,Mastectomy,Breast Cancer,Breast Mixed Ductal and Lobular Carcinoma,High,No,LumA,5.0,Positve,Positive,2,Neutral,Negative,Mixed,No,Post,7,Left,0.0,8.0,3.04,MDLC,225.7,Deceased,Positive,No,222.73,Not Recurred,Female,ER+/HER2- Low Prolif,20.0,2.0,Died of Other Causes
MB-6169,39,Mastectomy,Breast Cancer,Breast Invasive Ductal Carcinoma,Moderate,No,Basal,5.0,Positve,Negative,3,Gain,Positive,Ductal/NST,No,Pre,7,Left,0.0,7.0,4.05,IDC,84.73333333,Deceased,Negative,No,83.62,Not Recurred,Female,ER+/HER2- Low Prolif,25.0,2.0,Died of Other Causes
MB-6171,70,Mastectomy,Breast Cancer,Breast Invasive Ductal Carcinoma,High,No,LumA,5.0,Positve,Positive,2,Neutral,Negative,Ductal/NST,Yes,Post,3,Left,0.0,4.0,3.08,IDC,220.3,Living,Positive,No,217.4,Not Recurred,Female,ER+/HER2- Low Prolif,40.0,2.0,Living
MB-6178,38,Breast Conserving,Breast Cancer,Breast Invasive Ductal Carcinoma,Moderate,No,Basal,5.0,Negative,Negative,3,Neutral,Negative,Ductal/NST,No,Pre,10,Left,8.0,6.0,6.064,IDC,33.13333333,Deceased,Negative,No,17.53,Recurred,Female,ER+/HER2- Low Prolif,32.0,2.0,Died of Disease
MB-6179,59,Mastectomy,Breast Cancer,Breast Mixed Ductal and Lobular Carcinoma,High,No,LumA,5.0,Positve,Positive,1,Neutral,Negative,Mixed,No,Post,8,Right,0.0,6.0,2.066,MDLC,58.46666667,Deceased,Positive,No,22.4,Recurred,Female,ER+/HER2- High Prolif,33.0,2.0,Died of Disease
MB-6181,83,Mastectomy,Breast Cancer,Breast Invasive Ductal Carcinoma,High,No,LumA,5.0,Positve,Positive,1,Neutral,Negative,Ductal/NST,Yes,Post,8,Left,1.0,5.0,3.03,IDC,54.93333333,Deceased,Positive,No,54.21,Not Recurred,Female,ER+/HER2- High Prolif,15.0,2.0,Died of Other Causes
MB-6182,56,Breast Conserving,Breast Cancer,Breast Invasive Ductal Carcinoma,High,No,Her2,5.0,Positve,Negative,3,Gain,Positive,Ductal/NST,No,Post,1,Left,0.0,14.0,4.042,IDC,208.8,Living,Negative,Yes,206.05,Not Recurred,Female,ER+/HER2- High Prolif,21.0,2.0,Living
MB-6183,66,Mastectomy,Breast Cancer,Breast Invasive Ductal Carcinoma,High,No,LumB,5.0,Positve,Positive,2,Neutral,Negative,Ductal/NST,No,Post,8,Left,0.0,8.0,3.036,IDC,79.13333333,Deceased,Positive,No,78.09,Not Recurred,Female,ER+/HER2- High Prolif,18.0,2.0,Died of Other Causes
MB-6184,35,Mastectomy,Breast Cancer,Breast Invasive Ductal Carcinoma,High,Yes,Her2,5.0,Positve,Positive,3,Neutral,Negative,Ductal/NST,Yes,Pre,2,Right,9.0,5.0,6.1,IDC,185.7,Deceased,Positive,No,125.16,Recurred,Female,ER+/HER2- High Prolif,50.0,2.0,Died of Disease
MB-6185,75,Mastectomy,Breast Cancer,Breast Mixed Ductal and Lobular Carcinoma,Low,No,LumA,5.0,Positve,Positive,1,Neutral,Negative,Mixed,No,Post,3,Right,0.0,6.0,2.032,MDLC,197.7333333,Deceased,Positive,No,195.13,Not Recurred,Female,ER+/HER2- Low Prolif,16.0,2.0,Died of Other Causes
MB-6187,70,Mastectomy,Breast Cancer,Breast Invasive Ductal Carcinoma,Low,No,claudin-low,5.0,Positve,Positive,3,Gain,Negative,Ductal/NST,Yes,Post,3,Right,0.0,2.0,4.158,IDC,37.76666667,Deceased,Positive,No,37.27,Not Recurred,Female,ER+/HER2- Low Prolif,79.0,2.0,Died of Other Causes
MB-6188,41,Mastectomy,Breast Cancer,Breast Invasive Ductal Carcinoma,High,No,claudin-low,5.0,Negative,Negative,3,Gain,Negative,Ductal/NST,No,Pre,10,Right,11.0,7.0,6.056,IDC,23.76666667,Living,Negative,No,23.45,Not Recurred,Female,ER+/HER2- Low Prolif,28.0,2.0,Living
MB-6189,56,Breast Conserving,Breast Cancer,Breast Mixed Ductal and Lobular Carcinoma,Moderate,No,LumB,5.0,Positve,Positive,2,Neutral,Negative,Mixed,Yes,Post,7,Right,0.0,4.0,3.084,MDLC,240.2,Living,Positive,Yes,237.04,Not Recurred,Female,ER+/HER2- High Prolif,42.0,2.0,Living
MB-6190,79,Mastectomy,Breast Cancer,Breast Invasive Ductal Carcinoma,High,No,LumA,5.0,Positve,Positive,2,Neutral,Negative,Ductal/NST,Yes,Post,7,Right,3.0,7.0,4.056,IDC,24.63333333,Deceased,Negative,No,24.31,Not Recurred,Female,ER+/HER2- Low Prolif,28.0,2.0,Died of Other Causes
MB-6192,78,Mastectomy,Breast Cancer,Breast Invasive Ductal Carcinoma,High,No,LumB,5.0,Positve,Positive,2,Neutral,Negative,Ductal/NST,Yes,Post,6,Left,2.0,7.0,4.07,IDC,42.63333333,Deceased,Positive,No,42.07,Not Recurred,Female,ER+/HER2- High Prolif,35.0,2.0,Died of Other Causes
MB-6194,44,Mastectomy,Breast Cancer,Breast Mixed Ductal and Lobular Carcinoma,High,Yes,Normal,5.0,Negative,Negative,2,Neutral,Negative,Mixed,No,Pre,6,Left,9.0,8.0,5.05,MDLC,52.46666667,Deceased,Positive,Yes,0.0,Recurred,Female,ER+/HER2- Low Prolif,25.0,2.0,Died of Disease
MB-6195,66,Mastectomy,Breast Cancer,Breast Invasive Lobular Carcinoma,High,No,LumA,5.0,Positve,Positive,2,Neutral,Negative,Lobular,Yes,Post,3,Left,0.0,8.0,3.046,ILC,202.2333333,Living,Negative,No,199.57,Not Recurred,Female,ER+/HER2- Low Prolif,23.0,2.0,Living
MB-6200,65,Mastectomy,Breast Cancer,Breast Invasive Ductal Carcinoma,High,No,LumA,5.0,Positve,Positive,3,Neutral,Negative,Ductal/NST,Yes,Post,9,Left,1.0,3.0,5.06,IDC,30.06666667,Deceased,Negative,No,18.32,Recurred,Female,ER+/HER2- High Prolif,30.0,2.0,Died of Disease
MB-6201,79,Breast Conserving,Breast Cancer,Breast Invasive Ductal Carcinoma,High,No,LumB,5.0,Positve,Positive,2,Neutral,Negative,Ductal/NST,No,Post,9,Left,0.0,5.0,3.02,IDC,222.7,Deceased,Positive,Yes,219.77,Not Recurred,Female,ER+/HER2- High Prolif,10.0,2.0,Died of Other Causes
MB-6204,41,Mastectomy,Breast Cancer,Breast Invasive Ductal Carcinoma,High,No,Normal,5.0,Positve,Positive,3,Neutral,Negative,Ductal/NST,Yes,Pre,9,Left,0.0,4.0,4.046,IDC,56.76666667,Deceased,Positive,No,56.02,Not Recurred,Female,ER+/HER2- Low Prolif,23.0,2.0,Died of Other Causes
MB-6207,80,Mastectomy,Breast Cancer,Breast Invasive Ductal Carcinoma,High,No,LumA,5.0,Positve,Positive,2,Neutral,Negative,Ductal/NST,No,Post,8,Right,0.0,6.0,3.03,IDC,118.3,Deceased,Negative,No,116.74,Not Recurred,Female,ER+/HER2- Low Prolif,15.0,2.0,Died of Other Causes
MB-6208,56,Breast Conserving,Breast Cancer,Breast Invasive Ductal Carcinoma,High,No,Normal,5.0,Positve,Positive,2,Neutral,Negative,Ductal/NST,Yes,Post,3,Left,2.0,8.0,4.04,IDC,221.2,Living,Negative,Yes,218.29,Not Recurred,Female,ER+/HER2- High Prolif,20.0,2.0,Living
MB-6211,82,Mastectomy,Breast Cancer,Breast Invasive Ductal Carcinoma,High,No,LumA,5.0,Positve,Positive,2,Neutral,Negative,Ductal/NST,No,Post,8,Left,0.0,4.0,3.046,IDC,42.3,Deceased,Positive,No,41.74,Not Recurred,Female,ER+/HER2- Low Prolif,23.0,2.0,Died of Other Causes
MB-6212,61,Breast Conserving,Breast Cancer,Breast Invasive Ductal Carcinoma,High,No,LumA,5.0,Positve,Positive,2,Neutral,Negative,Other,No,Post,7,Left,0.0,4.0,3.03,BREAST,224.2333333,Living,Positive,Yes,221.28,Not Recurred,Female,ER+/HER2- Low Prolif,15.0,1.0,Living
MB-6213,60,Mastectomy,Breast Cancer,Breast Invasive Ductal Carcinoma,High,No,LumA,5.0,Positve,Positive,2,Neutral,Negative,Ductal/NST,No,Post,7,Right,0.0,4.0,3.044,IDC,203.5333333,Deceased,Positive,No,200.86,Not Recurred,Female,ER+/HER2- Low Prolif,22.0,1.0,Died of Other Causes
MB-6214,74,Mastectomy,Breast Cancer,Breast Invasive Ductal Carcinoma,High,No,LumA,5.0,Positve,Positive,2,Neutral,Negative,Ductal/NST,Yes,Post,3,Left,1.0,2.0,4.04,IDC,174.5,Deceased,Positive,No,172.2,Not Recurred,Female,ER+/HER2- Low Prolif,20.0,1.0,Died of Other Causes
MB-6217,47,Mastectomy,Breast Cancer,Breast Invasive Mixed Mucinous Carcinoma,Moderate,Yes,LumB,5.0,Negative,Positive,1,Gain,Negative,Mucinous,Yes,Pre,9,Right,3.0,6.0,3.0,IMMC,211.5333333,Deceased,Positive,No,208.75,Not Recurred,Female,ER+/HER2- High Prolif,20.0,1.0,Died of Other Causes
MB-6218,49,Mastectomy,Breast Cancer,Breast Invasive Ductal Carcinoma,High,No,LumA,5.0,Positve,Positive,3,Gain,Negative,Ductal/NST,No,Pre,1,Left,0.0,7.0,4.044,IDC,147.7666667,Deceased,Negative,No,101.15,Recurred,Female,ER+/HER2- Low Prolif,22.0,2.0,Died of Disease
MB-6223,58,Breast Conserving,Breast Cancer,Breast Invasive Ductal Carcinoma,High,Yes,Basal,5.0,Negative,Negative,3,Neutral,Negative,Medullary,No,Post,10,Left,2.0,5.0,5.04,IDC,221.9333333,Living,Negative,Yes,219.01,Not Recurred,Female,ER+/HER2- Low Prolif,20.0,2.0,Living
MB-6224,66,Mastectomy,Breast Cancer,Breast Invasive Ductal Carcinoma,High,Yes,Her2,5.0,Negative,Negative,3,Gain,Positive,Ductal/NST,No,Post,5,Left,31.0,4.0,6.02,IDC,35.46666667,Deceased,Positive,Yes,26.51,Recurred,Female,ER+/HER2- Low Prolif,10.0,2.0,Died of Disease
MB-6225,68,Mastectomy,Breast Cancer,Breast Invasive Ductal Carcinoma,High,No,LumA,5.0,Positve,Positive,2,Neutral,Negative,Ductal/NST,No,Post,7,Right,0.0,17.0,3.032,IDC,117.8666667,Living,Positive,No,116.32,Not Recurred,Female,ER+/HER2- Low Prolif,16.0,1.0,Living
MB-6226,73,Mastectomy,Breast Cancer,Breast Mixed Ductal and Lobular Carcinoma,Moderate,No,Normal,5.0,Positve,Positive,2,Neutral,Negative,Mixed,Yes,Post,8,Left,0.0,5.0,3.074,MDLC,35.36666667,Deceased,Positive,No,34.9,Not Recurred,Female,ER+/HER2- High Prolif,37.0,1.0,Died of Other Causes
MB-6228,37,Mastectomy,Breast Cancer,Breast Invasive Ductal Carcinoma,Moderate,No,claudin-low,5.0,Negative,Negative,3,Neutral,Negative,Ductal/NST,No,Pre,8,Left,3.0,5.0,5.04,IDC,200.1,Living,Positive,No,197.47,Not Recurred,Female,ER+/HER2- High Prolif,20.0,1.0,Living
MB-6229,75,Mastectomy,Breast Cancer,Breast Invasive Ductal Carcinoma,High,No,LumA,5.0,Positve,Positive,1,Neutral,Negative,Ductal/NST,No,Post,8,Right,0.0,5.0,2.03,IDC,0.1,Deceased,Positive,No,0.1,Recurred,Female,ER+/HER2- Low Prolif,15.0,1.0,Died of Disease
MB-6230,52,Mastectomy,Breast Cancer,Breast Invasive Ductal Carcinoma,High,No,LumA,5.0,Positve,Positive,2,Neutral,Negative,Ductal/NST,Yes,Post,3,Left,0.0,5.0,5.042,IDC,74.8,Deceased,Positive,No,0.0,Recurred,Female,ER+/HER2- Low Prolif,21.0,1.0,Died of Disease
MB-6231,77,Mastectomy,Breast Cancer,Breast Invasive Ductal Carcinoma,High,No,Normal,5.0,Positve,Positive,3,Loss,Negative,Ductal/NST,No,Post,3,Left,0.0,7.0,4.04,IDC,72.56666667,Deceased,Positive,No,71.61,Not Recurred,Female,ER+/HER2- Low Prolif,20.0,1.0,Died of Other Causes
MB-6232,71,Mastectomy,Breast Cancer,Breast Mixed Ductal and Lobular Carcinoma,High,No,LumA,5.0,Positve,Positive,2,Neutral,Negative,Mixed,Yes,Post,3,Left,4.0,11.0,5.06,MDLC,85.0,Deceased,Positive,No,83.88,Not Recurred,Female,ER+/HER2- Low Prolif,30.0,2.0,Died of Other Causes
MB-6233,70,Breast Conserving,Breast Cancer,Breast Mixed Ductal and Lobular Carcinoma,High,No,LumB,5.0,Positve,Positive,1,Neutral,Negative,Mixed,No,Post,8,Left,0.0,9.0,2.04,MDLC,201.1666667,Living,Positive,Yes,198.52,Not Recurred,Female,ER+/HER2- Low Prolif,20.0,1.0,Living
MB-6234,66,Mastectomy,Breast Cancer,Breast Mixed Ductal and Lobular Carcinoma,Moderate,No,Normal,5.0,Positve,Positive,2,Neutral,Negative,Mixed,No,Post,8,Left,0.0,4.0,3.0,MDLC,213.3666667,Living,Positive,No,210.56,Not Recurred,Female,ER+/HER2- Low Prolif,20.0,1.0,Living
MB-6237,75,Mastectomy,Breast Cancer,Breast Invasive Ductal Carcinoma,High,No,Basal,5.0,Negative,Negative,3,Gain,Negative,Ductal/NST,No,Post,10,Right,0.0,4.0,4.04,IDC,105.2,Deceased,Negative,No,103.82,Not Recurred,Female,ER+/HER2- Low Prolif,20.0,1.0,Died of Other Causes
MB-6238,84,Mastectomy,Breast Cancer,Breast Mixed Ductal and Lobular Carcinoma,High,No,LumA,5.0,Positve,Positive,2,Neutral,Negative,Mixed,No,Post,7,Left,0.0,6.0,3.058,MDLC,172.9666667,Deceased,Positive,No,170.69,Recurred,Female,ER+/HER2- Low Prolif,29.0,1.0,Died of Disease
MB-6239,52,Breast Conserving,Breast Cancer,Breast Mixed Ductal and Lobular Carcinoma,High,Yes,Normal,5.0,Positve,Positive,2,Neutral,Negative,Mixed,No,Post,8,Right,6.0,5.0,5.04,MDLC,200.3333333,Living,Positive,Yes,197.7,Not Recurred,Female,ER+/HER2- High Prolif,20.0,2.0,Living
MB-6242,41,Breast Conserving,Breast Cancer,Breast Invasive Ductal Carcinoma,High,Yes,Basal,5.0,Negative,Negative,3,Neutral,Negative,Ductal/NST,No,Pre,10,Left,8.0,15.0,6.11,IDC,165.4333333,Living,Negative,Yes,163.26,Not Recurred,Female,ER+/HER2- High Prolif,55.0,2.0,Living
MB-6245,47,Breast Conserving,Breast Cancer,Breast Invasive Ductal Carcinoma,High,No,Basal,5.0,Negative,Negative,3,Neutral,Negative,Ductal/NST,No,Pre,10,Right,0.0,5.0,4.04,IDC,177.6333333,Living,Negative,No,175.3,Not Recurred,Female,ER+/HER2- High Prolif,20.0,2.0,Living
MB-6246,58,Mastectomy,Breast Cancer,Breast Invasive Ductal Carcinoma,High,Yes,Her2,5.0,Negative,Negative,3,Gain,Positive,Ductal/NST,No,Post,5,Left,2.0,9.0,5.06,IDC,52.9,Deceased,Negative,No,52.2,Not Recurred,Female,ER+/HER2- High Prolif,30.0,2.0,Died of Other Causes
MB-6248,51,Mastectomy,Breast Cancer,Breast Invasive Ductal Carcinoma,High,Yes,Basal,5.0,Negative,Negative,3,Neutral,Negative,Ductal/NST,Yes,Post,10,Left,1.0,8.0,5.11,IDC,182.8333333,Living,Negative,Yes,180.43,Not Recurred,Female,ER+/HER2- High Prolif,55.0,2.0,Living
MB-6251,48,Mastectomy,Breast Cancer,Breast Invasive Ductal Carcinoma,High,Yes,Basal,5.0,Negative,Negative,3,Loss,Negative,Ductal/NST,No,Pre,10,Right,1.0,6.0,5.06,IDC,14.7,Deceased,Negative,Yes,12.2,Recurred,Female,ER+/HER2- High Prolif,30.0,2.0,Died of Disease
MB-6253,62,Breast Conserving,Breast Cancer,Breast Invasive Lobular Carcinoma,High,No,LumA,5.0,Positve,Positive,1,Neutral,Negative,Lobular,No,Post,8,Left,0.0,7.0,2.022,ILC,194.3666667,Living,Positive,Yes,191.81,Not Recurred,Female,ER+/HER2- Low Prolif,11.0,2.0,Living
MB-6254,78,Mastectomy,Breast Cancer,Breast Invasive Mixed Mucinous Carcinoma,Moderate,No,LumB,5.0,Positve,Positive,2,Neutral,Negative,Mucinous,Yes,Post,2,Left,0.0,4.0,3.142,IMMC,60.9,Deceased,Positive,No,60.1,Recurred,Female,ER+/HER2- Low Prolif,71.0,2.0,Died of Disease
MB-6256,67,Breast Conserving,Breast Cancer,Breast Invasive Ductal Carcinoma,High,No,LumA,5.0,Positve,Positive,1,Neutral,Negative,Ductal/NST,No,Post,3,Right,0.0,5.0,2.028,IDC,127.8333333,Deceased,Positive,Yes,126.15,Not Recurred,Female,ER+/HER2- Low Prolif,14.0,2.0,Died of Other Causes
MB-6257,49,Breast Conserving,Breast Cancer,Breast Invasive Ductal Carcinoma,High,No,LumB,5.0,Positve,Positive,3,Neutral,Negative,Ductal/NST,Yes,Pre,8,Left,0.0,3.0,4.032,IDC,91.0,Living,Positive,Yes,89.8,Not Recurred,Female,ER+/HER2- High Prolif,16.0,2.0,Living
MB-6263,79,Mastectomy,Breast Cancer,Breast Invasive Ductal Carcinoma,Moderate,No,LumA,5.0,Positve,Positive,2,Neutral,Negative,Ductal/NST,Yes,Post,8,Left,8.0,5.0,5.048,IDC,75.86666667,Living,Negative,No,74.87,Not Recurred,Female,ER+/HER2- High Prolif,24.0,2.0,Living
MB-6271,64,Breast Conserving,Breast Cancer,Breast Invasive Ductal Carcinoma,High,No,LumA,5.0,Positve,Positive,2,Loss,Negative,Ductal/NST,No,Post,7,Right,0.0,11.0,3.05,IDC,157.7333333,Living,Negative,No,155.66,Not Recurred,Female,ER+/HER2- High Prolif,25.0,2.0,Living
MB-6272,36,Breast Conserving,Breast Cancer,Breast Invasive Ductal Carcinoma,Low,Yes,claudin-low,5.0,Negative,Negative,3,Neutral,Negative,Ductal/NST,No,Pre,10,Right,3.0,6.0,5.0,IDC,22.4,Deceased,Negative,Yes,17.5,Recurred,Female,ER+/HER2- High Prolif,25.0,2.0,Died of Disease
MB-6273,43,Mastectomy,Breast Cancer,Breast Invasive Ductal Carcinoma,High,Yes,LumA,5.0,Negative,Positive,2,Neutral,Negative,Tubular/ cribriform,No,Pre,3,Right,1.0,9.0,4.032,IDC,189.4333333,Living,Positive,No,186.94,Not Recurred,Female,ER+/HER2- High Prolif,16.0,2.0,Living
MB-6280,53,Mastectomy,Breast Cancer,Breast Invasive Ductal Carcinoma,High,Yes,Basal,5.0,Negative,Negative,3,Neutral,Negative,Ductal/NST,No,Post,10,Left,1.0,6.0,5.088,IDC,27.86666667,Deceased,Negative,Yes,9.05,Recurred,Female,ER+/HER2- High Prolif,44.0,2.0,Died of Disease
MB-6281,75,Breast Conserving,Breast Cancer,Breast Invasive Ductal Carcinoma,High,No,LumB,5.0,Positve,Positive,2,Neutral,Negative,Ductal/NST,Yes,Post,6,Left,7.0,6.0,5.01,IDC,3.5,Deceased,Positive,No,3.45,Not Recurred,Female,ER+/HER2- High Prolif,5.0,2.0,Died of Other Causes
MB-6283,73,Mastectomy,Breast Cancer,Breast Invasive Lobular Carcinoma,Low,No,LumA,5.0,Positve,Positive,3,Neutral,Negative,Lobular,Yes,Post,7,Left,1.0,10.0,5.05,ILC,92.4,Deceased,Positive,No,91.18,Not Recurred,Female,ER+/HER2- High Prolif,25.0,2.0,Died of Other Causes
MB-6284,67,Breast Conserving,Breast Cancer,Breast Invasive Lobular Carcinoma,Moderate,No,LumB,5.0,Positve,Positive,2,Loss,Negative,Other,Yes,Post,9,Right,0.0,3.0,3.06,BREAST,88.33333333,Deceased,Positive,Yes,87.17,Not Recurred,Female,ER+/HER2- High Prolif,30.0,2.0,Died of Other Causes
MB-6286,85,Mastectomy,Breast Cancer,Breast Invasive Ductal Carcinoma,Moderate,No,LumA,5.0,Positve,Positive,2,Neutral,Negative,Ductal/NST,No,Post,3,Left,0.0,4.0,3.04,IDC,49.53333333,Deceased,Positive,No,48.88,Not Recurred,Female,ER+/HER2- High Prolif,20.0,2.0,Died of Other Causes
MB-6287,58,Mastectomy,Breast Cancer,Breast Invasive Ductal Carcinoma,Moderate,Yes,LumB,5.0,Negative,Positive,3,Loss,Negative,Ductal/NST,No,Post,1,Right,1.0,5.0,5.07,IDC,35.2,Deceased,Positive,Yes,13.65,Recurred,Female,ER+/HER2- High Prolif,35.0,2.0,Died of Disease
MB-6288,74,Breast Conserving,Breast Cancer,Breast Invasive Ductal Carcinoma,High,No,LumB,5.0,Positve,Positive,3,Neutral,Negative,Ductal/NST,Yes,Post,6,Left,0.0,5.0,4.046,IDC,100.3,Deceased,Positive,Yes,60.49,Recurred,Female,ER+/HER2- High Prolif,23.0,2.0,Died of Disease
MB-6297,52,Breast Conserving,Breast Cancer,Breast Invasive Ductal Carcinoma,High,No,LumA,5.0,Positve,Positive,2,Gain,Negative,Ductal/NST,Yes,Post,8,Right,0.0,6.0,3.06,IDC,170.8666667,Living,Negative,Yes,168.62,Not Recurred,Female,ER+/HER2- High Prolif,30.0,2.0,Living
MB-6300,62,Mastectomy,Breast Cancer,Breast Invasive Ductal Carcinoma,High,No,LumB,5.0,Positve,Positive,2,Neutral,Negative,Ductal/NST,Yes,Post,3,Left,1.0,6.0,4.03,IDC,63.83333333,Deceased,Positive,No,62.99,Not Recurred,Female,ER+/HER2- High Prolif,15.0,2.0,Died of Other Causes
MB-6302,67,Mastectomy,Breast Cancer,Breast Invasive Ductal Carcinoma,High,No,LumB,5.0,Positve,Positive,3,Neutral,Negative,Ductal/NST,Yes,Post,9,Left,5.0,4.0,6.054,IDC,125.8666667,Deceased,Negative,Yes,124.21,Not Recurred,Female,ER+/HER2- High Prolif,27.0,2.0,Died of Other Causes
MB-6305,52,Mastectomy,Breast Cancer,Breast Invasive Ductal Carcinoma,High,Yes,claudin-low,5.0,Negative,Negative,3,Gain,Negative,Medullary,No,Post,10,Left,3.0,9.0,5.06,IDC,89.53333333,Deceased,Negative,Yes,40.1,Recurred,Female,ER+/HER2- High Prolif,30.0,2.0,Died of Disease
MB-6306,78,Breast Conserving,Breast Cancer,Breast Invasive Ductal Carcinoma,High,No,LumB,5.0,Positve,Positive,3,Gain,Negative,Ductal/NST,Yes,Post,1,Left,0.0,5.0,4.058,IDC,64.6,Deceased,Positive,Yes,63.75,Not Recurred,Female,ER+/HER2- High Prolif,29.0,2.0,Died of Other Causes
MB-6308,81,Breast Conserving,Breast Cancer,Breast Invasive Ductal Carcinoma,High,No,LumA,5.0,Positve,Positive,2,Neutral,Negative,Ductal/NST,Yes,Post,8,Right,9.0,7.0,5.046,IDC,151.9333333,Deceased,Positive,Yes,149.93,Not Recurred,Female,ER+/HER2- High Prolif,23.0,2.0,Died of Other Causes
MB-6312,85,Mastectomy,Breast Cancer,Breast Invasive Ductal Carcinoma,High,No,LumB,5.0,Positve,Positive,3,Neutral,Negative,Ductal/NST,Yes,Post,9,Right,0.0,7.0,4.078,IDC,162.7666667,Living,Negative,No,160.63,Not Recurred,Female,ER+/HER2- High Prolif,39.0,2.0,Living
MB-6314,68,Breast Conserving,Breast Cancer,Breast Invasive Mixed Mucinous Carcinoma,High,No,Her2,5.0,Positve,Positive,2,Gain,Positive,Mucinous,No,Post,1,Left,0.0,5.0,3.028,IMMC,134.8333333,Living,Negative,No,36.15,Recurred,Female,ER+/HER2- High Prolif,14.0,2.0,Living
MB-6317,86,Mastectomy,Breast Cancer,Breast Invasive Ductal Carcinoma,Moderate,No,LumB,5.0,Positve,Positive,3,Gain,Negative,Ductal/NST,Yes,Post,2,Right,3.0,7.0,5.106,IDC,29.23333333,Deceased,Positive,No,28.85,Not Recurred,Female,ER+/HER2- High Prolif,53.0,2.0,Died of Other Causes
MB-6318,81,Mastectomy,Breast Cancer,Breast Invasive Ductal Carcinoma,High,No,Her2,5.0,Positve,Negative,3,Neutral,Negative,Ductal/NST,No,Post,10,Right,0.0,14.0,4.07,IDC,109.2333333,Deceased,Negative,No,107.8,Not Recurred,Female,ER+/HER2- High Prolif,35.0,2.0,Died of Other Causes
MB-6319,57,Breast Conserving,Breast Cancer,Breast Invasive Lobular Carcinoma,High,Yes,Normal,5.0,Negative,Positive,2,Neutral,Negative,Lobular,Yes,Post,3,Right,6.0,2.0,5.124,ILC,154.7,Living,Positive,Yes,152.66,Not Recurred,Female,ER+/HER2- Low Prolif,62.0,2.0,Living
MB-6322,80,Breast Conserving,Breast Cancer,Breast Mixed Ductal and Lobular Carcinoma,High,No,LumB,5.0,Positve,Positive,2,Neutral,Negative,Mixed,Yes,Post,3,Left,9.0,11.0,5.05,MDLC,80.36666667,Deceased,Negative,Yes,73.29,Recurred,Female,ER+/HER2- High Prolif,25.0,2.0,Died of Other Causes
MB-6327,76,Mastectomy,Breast Cancer,Breast Invasive Mixed Mucinous Carcinoma,High,No,LumB,5.0,Positve,Positive,1,Neutral,Negative,Mucinous,Yes,Post,7,Left,10.0,6.0,4.12,IMMC,18.26666667,Deceased,Negative,Yes,15.39,Recurred,Female,ER+/HER2- High Prolif,60.0,2.0,Died of Disease
MB-6328,75,Mastectomy,Breast Cancer,Breast Invasive Ductal Carcinoma,High,No,LumA,5.0,Positve,Positive,1,Neutral,Negative,Ductal/NST,Yes,Post,2,Right,0.0,2.0,2.06,IDC,126.6666667,Living,Positive,No,125.0,Not Recurred,Female,ER+/HER2- High Prolif,30.0,2.0,Living
MB-6329,68,Breast Conserving,Breast Cancer,Breast Invasive Ductal Carcinoma,High,No,LumB,5.0,Negative,Positive,3,Neutral,Negative,Ductal/NST,Yes,Post,9,Right,0.0,7.0,4.046,IDC,81.5,Deceased,Positive,No,80.43,Not Recurred,Female,ER+/HER2- High Prolif,23.0,2.0,Died of Other Causes
MB-6330,36,Mastectomy,Breast Cancer,Breast Invasive Ductal Carcinoma,High,Yes,Her2,5.0,Negative,Negative,2,Gain,Positive,Ductal/NST,Yes,Pre,9,Right,2.0,4.0,4.04,IDC,140.3333333,Living,Negative,Yes,138.49,Not Recurred,Female,ER+/HER2- High Prolif,20.0,2.0,Living
MB-6334,60,Mastectomy,Breast Cancer,Breast Invasive Ductal Carcinoma,High,No,Her2,5.0,Negative,Positive,3,Gain,Positive,Ductal/NST,Yes,Post,9,Right,0.0,6.0,4.042,IDC,128.1,Living,Positive,No,126.41,Not Recurred,Female,ER+/HER2- High Prolif,21.0,2.0,Living
MB-6336,63,Mastectomy,Breast Cancer,Breast Invasive Ductal Carcinoma,Moderate,Yes,Basal,5.0,Negative,Negative,3,Neutral,Negative,Ductal/NST,No,Post,2,Right,18.0,2.0,6.05,IDC,17.2,Deceased,Negative,Yes,12.07,Recurred,Female,ER+/HER2- High Prolif,25.0,2.0,Died of Disease
MB-6337,58,Mastectomy,Breast Cancer,Breast Invasive Ductal Carcinoma,High,Yes,Basal,5.0,Negative,Negative,3,Gain,Positive,Ductal/NST,No,Post,5,Right,14.0,7.0,6.11,IDC,110.8666667,Deceased,Negative,Yes,109.41,Not Recurred,Female,ER+/HER2- High Prolif,55.0,2.0,Died of Other Causes
MB-6344,82,Mastectomy,Breast Cancer,Breast Invasive Ductal Carcinoma,Moderate,No,LumB,5.0,Positve,Positive,2,Neutral,Negative,Ductal/NST,No,Post,1,Right,0.0,9.0,3.12,IDC,152.9333333,Deceased,Negative,No,100.79,Recurred,Female,ER+/HER2- High Prolif,60.0,2.0,Died of Disease
MB-6346,63,Breast Conserving,Breast Cancer,Breast Invasive Mixed Mucinous Carcinoma,High,No,LumB,5.0,Positve,Positive,2,Neutral,Negative,Mucinous,No,Post,8,Right,0.0,3.0,3.044,IMMC,281.5,Living,Positive,Yes,277.8,Not Recurred,Female,ER+/HER2- High Prolif,22.0,2.0,Living
MB-6358,57,Mastectomy,Breast Cancer,Breast Invasive Lobular Carcinoma,High,No,Her2,5.0,Positve,Negative,2,Gain,Positive,Lobular,No,Post,5,Right,0.0,4.0,3.05,ILC,37.86666667,Deceased,Negative,No,37.37,Recurred,Female,ER+/HER2- High Prolif,25.0,2.0,Died of Disease
MB-6359,73,Mastectomy,Breast Cancer,Breast Invasive Ductal Carcinoma,High,No,Her2,5.0,Positve,Positive,2,Neutral,Negative,Ductal/NST,No,Post,6,Left,0.0,8.0,3.044,IDC,85.03333333,Deceased,Negative,No,70.59,Recurred,Female,ER+/HER2- High Prolif,22.0,2.0,Died of Disease
MB-6363,60,Mastectomy,Breast Cancer,Breast Invasive Ductal Carcinoma,Moderate,Yes,Basal,5.0,Negative,Negative,3,Gain,Positive,Ductal/NST,No,Post,5,Right,7.0,7.0,6.05,IDC,16.7,Deceased,Negative,Yes,0.0,Recurred,Female,ER+/HER2- High Prolif,25.0,2.0,Died of Disease
MB-7000,69,Mastectomy,Breast Cancer,Breast,Moderate,No,LumB,4.0,Positve,Positive,2,Gain,Negative,Other,Yes,Post,1,Left,1.0,9.0,4.022,BREAST,97.4,Living,Positive,No,96.12,Not Recurred,Female,ER+/HER2- High Prolif,11.0,2.0,Living
MB-7001,72,Breast Conserving,Breast Cancer,Breast Invasive Ductal Carcinoma,High,No,LumA,4.0,Positve,Positive,2,Gain,Positive,Ductal/NST,Yes,Post,5,Left,0.0,9.0,3.02,IDC,102.7,Living,Negative,Yes,101.35,Not Recurred,Female,ER+/HER2- High Prolif,10.0,2.0,Living
MB-7002,74,Mastectomy,Breast Cancer,Breast Invasive Ductal Carcinoma,Moderate,No,LumB,4.0,Positve,Positive,2,Loss,Negative,Ductal/NST,Yes,Post,5,Left,0.0,7.0,3.032,IDC,57.93333333,Living,Positive,No,57.17,Not Recurred,Female,ER+/HER2- High Prolif,16.0,2.0,Living
MB-7003,50,Mastectomy,Breast Cancer,Breast Invasive Ductal Carcinoma,Low,No,Normal,4.0,Positve,Positive,2,Neutral,Negative,Ductal/NST,Yes,Post,3,Right,2.0,5.0,4.054,IDC,91.23333333,Deceased,Positive,No,90.03,Not Recurred,Female,ER+/HER2- Low Prolif,27.0,2.0,Died of Other Causes
MB-7004,74,Mastectomy,Breast Cancer,Breast Invasive Lobular Carcinoma,Moderate,No,LumA,4.0,Positve,Positive,2,Neutral,Negative,Lobular,Yes,Post,8,Right,4.0,9.0,5.06,ILC,50.46666667,Living,Negative,Yes,49.8,Not Recurred,Female,ER+/HER2- Low Prolif,30.0,2.0,Living
MB-7005,70,Breast Conserving,Breast Cancer,Breast Invasive Ductal Carcinoma,High,No,LumB,4.0,Positve,Positive,1,Neutral,Negative,Ductal/NST,Yes,Post,8,Right,2.0,2.0,3.052,IDC,45.33333333,Living,Negative,Yes,44.74,Not Recurred,Female,ER+/HER2- Low Prolif,26.0,2.0,Living
MB-7006,58,Breast Conserving,Breast Cancer,Breast Invasive Ductal Carcinoma,Low,No,LumA,4.0,Positve,Positive,1,Neutral,Negative,Ductal/NST,Yes,Post,3,Left,1.0,11.0,3.038,IDC,109.9333333,Living,Positive,Yes,108.49,Not Recurred,Female,ER+/HER2- Low Prolif,19.0,2.0,Living
MB-7007,54,Mastectomy,Breast Cancer,Breast Invasive Ductal Carcinoma,High,Yes,Basal,4.0,Negative,Negative,3,Gain,Negative,Ductal/NST,No,Post,10,Left,1.0,7.0,5.034,IDC,58.6,Living,Negative,Yes,57.83,Not Recurred,Female,ER+/HER2- Low Prolif,17.0,2.0,Living
MB-7008,69,Mastectomy,Breast Cancer,Breast Invasive Ductal Carcinoma,High,No,claudin-low,4.0,Negative,Negative,3,Neutral,Negative,Ductal/NST,No,Post,10,Right,0.0,2.0,4.048,IDC,50.9,Deceased,Negative,No,50.23,Not Recurred,Female,ER+/HER2- Low Prolif,24.0,2.0,Died of Other Causes
MB-7009,68,Breast Conserving,Breast Cancer,Breast Invasive Ductal Carcinoma,High,Yes,Basal,4.0,Negative,Negative,3,Neutral,Negative,Ductal/NST,No,Post,10,Right,2.0,3.0,5.054,IDC,54.76666667,Deceased,Negative,Yes,18.85,Recurred,Female,ER+/HER2- Low Prolif,27.0,2.0,Died of Disease
MB-7010,70,Mastectomy,Breast Cancer,Breast Invasive Ductal Carcinoma,Moderate,No,LumA,4.0,Positve,Positive,1,Neutral,Negative,Ductal/NST,Yes,Post,7,Right,0.0,7.0,2.046,IDC,74.03333333,Living,Positive,No,73.06,Not Recurred,Female,ER+/HER2- Low Prolif,23.0,2.0,Living
MB-7011,68,Mastectomy,Breast Cancer,Breast Mixed Ductal and Lobular Carcinoma,Moderate,No,LumB,4.0,Positve,Positive,3,Gain,Negative,Mixed,Yes,Post,9,Left,0.0,3.0,4.08,MDLC,70.06666667,Deceased,Positive,Yes,69.14,Not Recurred,Female,ER+/HER2- High Prolif,40.0,2.0,Died of Other Causes
MB-7012,60,Breast Conserving,Breast Cancer,Breast Invasive Ductal Carcinoma,High,Yes,Basal,4.0,Negative,Negative,3,Neutral,Negative,Ductal/NST,No,Post,10,Left,0.0,5.0,4.04,IDC,19.83333333,Deceased,Negative,Yes,12.47,Recurred,Female,ER+/HER2- High Prolif,20.0,2.0,Died of Disease
MB-7013,30,Breast Conserving,Breast Cancer,Breast Invasive Ductal Carcinoma,High,No,LumA,4.0,Positve,Positive,1,Neutral,Negative,Ductal/NST,Yes,Pre,8,Right,0.0,5.0,2.036,IDC,46.43333333,Living,Positive,Yes,45.82,Not Recurred,Female,ER+/HER2- Low Prolif,18.0,2.0,Living
MB-7014,67,Breast Conserving,Breast Cancer,Breast Mixed Ductal and Lobular Carcinoma,High,No,Basal,4.0,Positve,Positive,3,Neutral,Negative,Mixed,Yes,Post,1,Left,1.0,16.0,5.038,MDLC,68.7,Living,Positive,Yes,67.8,Not Recurred,Female,ER+/HER2- High Prolif,19.0,2.0,Living
MB-7015,63,Breast Conserving,Breast Cancer,Breast Invasive Ductal Carcinoma,High,No,LumB,4.0,Positve,Positive,3,Neutral,Negative,Ductal/NST,Yes,Post,8,Right,0.0,3.0,4.05,IDC,78.16666667,Living,Positive,Yes,77.14,Not Recurred,Female,ER+/HER2- High Prolif,25.0,2.0,Living
MB-7017,36,Breast Conserving,Breast Cancer,Breast Mixed Ductal and Lobular Carcinoma,High,Yes,claudin-low,4.0,Negative,Negative,3,Neutral,Negative,Mixed,No,Pre,10,Right,1.0,5.0,5.054,MDLC,135.3333333,Living,Negative,Yes,133.55,Not Recurred,Female,ER+/HER2- High Prolif,27.0,2.0,Living
MB-7018,72,Mastectomy,Breast Cancer,Breast Invasive Ductal Carcinoma,Moderate,Yes,Her2,4.0,Negative,Positive,2,Neutral,Negative,Ductal/NST,No,Post,9,Right,3.0,5.0,4.08,IDC,86.53333333,Deceased,Negative,Yes,84.57,Recurred,Female,ER+/HER2- High Prolif,40.0,2.0,Died of Disease
MB-7019,68,Mastectomy,Breast Cancer,Breast Invasive Ductal Carcinoma,Moderate,No,LumB,4.0,Positve,Positive,2,Neutral,Negative,Ductal/NST,Yes,Post,3,Left,0.0,8.0,3.042,IDC,80.73333333,Deceased,Positive,No,79.67,Not Recurred,Female,ER+/HER2- Low Prolif,21.0,2.0,Died of Other Causes
MB-7020,44,Mastectomy,Breast Cancer,Breast Invasive Ductal Carcinoma,Moderate,Yes,Her2,4.0,Negative,Negative,3,Gain,Positive,Ductal/NST,No,Pre,5,Left,2.0,10.0,5.054,IDC,71.63333333,Deceased,Negative,No,38.68,Recurred,Female,ER+/HER2- Low Prolif,27.0,2.0,Died of Disease
MB-7022,70,Mastectomy,Breast Cancer,Breast Invasive Ductal Carcinoma,High,No,LumB,4.0,Positve,Positive,2,Neutral,Negative,Ductal/NST,Yes,Post,8,Left,0.0,7.0,3.068,IDC,85.5,Living,Positive,No,84.38,Not Recurred,Female,ER+/HER2- High Prolif,34.0,2.0,Living
MB-7023,66,Mastectomy,Breast Cancer,Breast Invasive Ductal Carcinoma,High,Yes,claudin-low,4.0,Negative,Negative,3,Neutral,Negative,Ductal/NST,No,Post,10,Right,2.0,6.0,5.08,IDC,27.96666667,Deceased,Negative,Yes,6.38,Recurred,Female,ER+/HER2- High Prolif,40.0,2.0,Died of Disease
MB-7024,54,Mastectomy,Breast Cancer,Breast Invasive Ductal Carcinoma,High,No,LumB,4.0,Positve,Positive,3,Neutral,Negative,Ductal/NST,Yes,Post,1,Left,0.0,9.0,4.036,IDC,70.26666667,Living,Negative,No,69.34,Not Recurred,Female,ER+/HER2- High Prolif,18.0,2.0,Living
MB-7025,65,Breast Conserving,Breast Cancer,Breast Invasive Ductal Carcinoma,High,No,claudin-low,4.0,Negative,Negative,3,Neutral,Negative,Ductal/NST,No,Post,1,Left,0.0,2.0,4.026,IDC,80.23333333,Living,Negative,Yes,79.18,Not Recurred,Female,ER+/HER2- High Prolif,13.0,2.0,Living
MB-7026,35,Breast Conserving,Breast Cancer,Breast Invasive Ductal Carcinoma,Moderate,No,LumB,4.0,Positve,Positive,2,Gain,Negative,Ductal/NST,Yes,Pre,3,Left,1.0,6.0,4.052,IDC,111.7,Deceased,Positive,Yes,110.23,Not Recurred,Female,ER+/HER2- Low Prolif,26.0,2.0,Died of Other Causes
MB-7027,60,Mastectomy,Breast Cancer,Breast Invasive Ductal Carcinoma,Moderate,Yes,Her2,4.0,Negative,Negative,3,Gain,Positive,Ductal/NST,No,Post,5,Right,12.0,6.0,6.03,IDC,36.96666667,Deceased,Negative,Yes,29.84,Recurred,Female,ER+/HER2- Low Prolif,15.0,2.0,Died of Disease
MB-7028,65,Breast Conserving,Breast Cancer,Breast Invasive Ductal Carcinoma,High,No,LumB,4.0,Positve,Positive,2,Neutral,Negative,Ductal/NST,Yes,Post,1,Left,2.0,8.0,4.056,IDC,89.8,Living,Negative,Yes,88.62,Not Recurred,Female,ER+/HER2- High Prolif,28.0,2.0,Living
MB-7029,43,Breast Conserving,Breast Cancer,Breast Invasive Ductal Carcinoma,Moderate,No,LumA,4.0,Positve,Positive,1,Loss,Negative,Ductal/NST,Yes,Pre,1,Left,0.0,7.0,2.046,IDC,76.86666667,Living,Positive,Yes,75.86,Not Recurred,Female,ER+/HER2- Low Prolif,23.0,2.0,Living
MB-7030,74,Mastectomy,Breast Cancer,Breast Invasive Ductal Carcinoma,Low,No,Basal,4.0,Positve,Negative,2,Neutral,Negative,Other,Yes,Post,1,Right,1.0,5.0,4.1,BREAST,31.33333333,Deceased,Negative,Yes,30.92,Not Recurred,Female,ER+/HER2- Low Prolif,50.0,2.0,Died of Other Causes
MB-7031,60,Mastectomy,Breast Cancer,Breast Invasive Ductal Carcinoma,High,Yes,Basal,4.0,Negative,Negative,3,Neutral,Negative,Ductal/NST,No,Post,10,Right,1.0,5.0,5.08,IDC,85.36666667,Living,Negative,Yes,84.24,Not Recurred,Female,ER+/HER2- Low Prolif,40.0,2.0,Living
MB-7032,79,Mastectomy,Breast Cancer,Invasive Breast Carcinoma,Moderate,No,LumA,4.0,Positve,Positive,1,Neutral,Negative,Ductal/NST,Yes,Post,3,Right,0.0,4.0,2.046,BRCA,71.46666667,Living,Positive,No,70.53,Not Recurred,Female,ER+/HER2- Low Prolif,23.0,2.0,Living
MB-7034,78,Mastectomy,Breast Cancer,Breast Invasive Ductal Carcinoma,Moderate,No,LumA,4.0,Positve,Positive,2,Neutral,Negative,Ductal/NST,Yes,Post,3,Right,0.0,3.0,3.086,IDC,75.1,Living,Positive,No,74.11,Not Recurred,Female,ER+/HER2- Low Prolif,43.0,2.0,Living
MB-7035,45,Mastectomy,Breast Cancer,Breast Invasive Ductal Carcinoma,Moderate,Yes,Her2,4.0,Negative,Negative,3,Gain,Positive,Ductal/NST,No,Pre,5,Right,13.0,4.0,6.1,IDC,32.06666667,Deceased,Negative,Yes,14.93,Recurred,Female,ER+/HER2- Low Prolif,50.0,2.0,Died of Disease
MB-7036,54,Mastectomy,Breast Cancer,Breast Invasive Ductal Carcinoma,High,Yes,Basal,4.0,Negative,Negative,3,Neutral,Negative,Ductal/NST,No,Post,10,Right,2.0,4.0,5.036,IDC,120.4333333,Living,Negative,Yes,118.85,Not Recurred,Female,ER+/HER2- Low Prolif,18.0,2.0,Living
MB-7037,68,Breast Conserving,Breast Cancer,Breast Invasive Ductal Carcinoma,Moderate,No,LumA,4.0,Positve,Positive,1,Neutral,Negative,Ductal/NST,No,Post,8,Left,0.0,3.0,2.03,IDC,86.4,Living,Positive,Yes,85.26,Not Recurred,Female,ER+/HER2- Low Prolif,15.0,2.0,Living
MB-7038,57,Breast Conserving,Breast Cancer,Breast Invasive Ductal Carcinoma,High,Yes,Basal,4.0,Negative,Negative,3,Neutral,Negative,Ductal/NST,No,Post,10,Right,1.0,16.0,5.044,IDC,81.03333333,Living,Negative,Yes,79.97,Not Recurred,Female,ER+/HER2- Low Prolif,22.0,2.0,Living
MB-7039,78,Mastectomy,Breast Cancer,Breast Mixed Ductal and Lobular Carcinoma,Moderate,No,Basal,4.0,Positve,Negative,2,Neutral,Negative,Mixed,Yes,Post,10,Left,1.0,2.0,4.124,MDLC,49.2,Deceased,Negative,No,47.4,Recurred,Female,ER+/HER2- Low Prolif,62.0,2.0,Died of Disease
MB-7040,81,Breast Conserving,Breast Cancer,Breast Invasive Ductal Carcinoma,Moderate,No,LumA,4.0,Positve,Positive,2,Neutral,Negative,Ductal/NST,Yes,Post,10,Left,1.0,6.0,4.044,IDC,71.83333333,Living,Negative,No,70.89,Not Recurred,Female,ER+/HER2- Low Prolif,22.0,2.0,Living
MB-7041,79,Mastectomy,Breast Cancer,Breast Invasive Lobular Carcinoma,Moderate,No,LumA,4.0,Positve,Positive,2,Neutral,Negative,Lobular,Yes,Post,3,Right,0.0,16.0,1.05,ILC,101.9666667,Deceased,Positive,No,100.63,Not Recurred,Female,ER+/HER2- Low Prolif,25.0,2.0,Died of Other Causes
MB-7042,61,Breast Conserving,Breast Cancer,Breast Invasive Ductal Carcinoma,Moderate,No,LumB,4.0,Positve,Positive,1,Neutral,Negative,Ductal/NST,Yes,Post,8,Left,1.0,11.0,3.052,IDC,88.5,Living,Positive,Yes,87.34,Not Recurred,Female,ER+/HER2- High Prolif,26.0,2.0,Living
MB-7043,72,Mastectomy,Breast Cancer,Breast Invasive Ductal Carcinoma,High,No,claudin-low,4.0,Positve,Positive,3,Neutral,Negative,Ductal/NST,Yes,Post,8,Right,0.0,7.0,4.036,IDC,91.53333333,Living,Positive,Yes,90.33,Not Recurred,Female,ER+/HER2- Low Prolif,18.0,2.0,Living
MB-7044,67,Breast Conserving,Breast Cancer,Breast Invasive Ductal Carcinoma,Low,No,claudin-low,4.0,Positve,Positive,2,Neutral,Negative,Ductal/NST,Yes,Post,8,Right,0.0,4.0,3.03,IDC,86.83333333,Living,Positive,Yes,85.69,Not Recurred,Female,ER+/HER2- Low Prolif,15.0,2.0,Living
MB-7045,61,Breast Conserving,Breast Cancer,Breast Invasive Ductal Carcinoma,High,No,Her2,4.0,Negative,Negative,2,Neutral,Negative,Ductal/NST,Yes,Post,8,Right,0.0,3.0,3.04,IDC,94.93333333,Deceased,Negative,Yes,92.17,Recurred,Female,ER+/HER2- Low Prolif,20.0,2.0,Died of Disease
MB-7046,76,Breast Conserving,Breast Cancer,Breast Invasive Ductal Carcinoma,Moderate,No,Her2,4.0,Positve,Positive,2,Gain,Positive,Ductal/NST,Yes,Post,6,Right,0.0,8.0,3.046,IDC,146.4,Deceased,Negative,Yes,144.47,Not Recurred,Female,ER+/HER2- High Prolif,23.0,2.0,Died of Other Causes
MB-7048,36,Breast Conserving,Breast Cancer,Breast Invasive Ductal Carcinoma,High,No,Her2,4.0,Positve,Positive,2,Neutral,Negative,Ductal/NST,Yes,Pre,1,Right,0.0,5.0,3.028,IDC,88.46666667,Living,Negative,Yes,87.3,Not Recurred,Female,ER+/HER2- High Prolif,14.0,2.0,Living
MB-7049,48,Breast Conserving,Breast Cancer,Breast Invasive Ductal Carcinoma,High,No,Basal,4.0,Negative,Negative,3,Neutral,Negative,Ductal/NST,No,Pre,1,Right,0.0,7.0,4.036,IDC,102.0333333,Living,Negative,Yes,100.69,Not Recurred,Female,ER+/HER2- High Prolif,18.0,2.0,Living
MB-7050,64,Breast Conserving,Breast Cancer,Breast Invasive Ductal Carcinoma,Moderate,Yes,Her2,4.0,Positve,Positive,2,Gain,Positive,Ductal/NST,Yes,Post,5,Right,1.0,5.0,4.045,IDC,65.13333333,Deceased,Positive,Yes,53.62,Recurred,Female,ER+/HER2- High Prolif,22.5,2.0,Died of Disease
MB-7051,63,Breast Conserving,Breast Cancer,Breast Invasive Ductal Carcinoma,High,No,Her2,4.0,Positve,Positive,2,Neutral,Negative,Ductal/NST,Yes,Post,6,Left,0.0,4.0,3.04,IDC,85.93333333,Deceased,Negative,Yes,72.37,Recurred,Female,ER+/HER2- High Prolif,20.0,2.0,Died of Disease
MB-7052,45,Breast Conserving,Breast Cancer,Breast Invasive Ductal Carcinoma,High,No,claudin-low,4.0,Negative,Negative,3,Neutral,Negative,Ductal/NST,No,Pre,9,Right,0.0,3.0,4.0358,IDC,106.1333333,Living,Negative,Yes,104.74,Not Recurred,Female,ER+/HER2- High Prolif,17.9,2.0,Living
MB-7053,45,Breast Conserving,Breast Cancer,Breast Invasive Ductal Carcinoma,High,No,LumA,4.0,Positve,Positive,3,Neutral,Negative,Ductal/NST,No,Pre,9,Right,0.0,6.0,4.029,IDC,122.1333333,Living,Positive,Yes,120.53,Not Recurred,Female,ER+/HER2- High Prolif,14.5,2.0,Living
MB-7054,73,Mastectomy,Breast Cancer,Breast Invasive Lobular Carcinoma,Low,Yes,claudin-low,4.0,Positve,Negative,3,Neutral,Negative,Lobular,Yes,Post,10,Right,2.0,5.0,5.0256,ILC,30.43333333,Deceased,Positive,No,22.63,Recurred,Female,ER+/HER2- High Prolif,12.8,2.0,Died of Disease
MB-7055,54,Mastectomy,Breast Cancer,Breast Invasive Ductal Carcinoma,Low,No,Basal,4.0,Negative,Negative,3,Neutral,Negative,Ductal/NST,No,Post,10,Right,0.0,6.0,4.052,IDC,9.133333333,Deceased,Negative,No,2.8,Recurred,Female,ER+/HER2- High Prolif,26.0,2.0,Died of Disease
MB-7056,71,Mastectomy,Breast Cancer,Breast Invasive Ductal Carcinoma,Moderate,No,LumA,4.0,Positve,Positive,2,Neutral,Negative,Ductal/NST,Yes,Post,3,Right,7.0,20.0,5.042,IDC,117.0,Living,Positive,No,115.46,Not Recurred,Female,ER+/HER2- Low Prolif,21.0,2.0,Living
MB-7057,72,Mastectomy,Breast Cancer,Breast Invasive Ductal Carcinoma,High,Yes,Normal,4.0,Negative,Negative,2,Neutral,Negative,Ductal/NST,Yes,Post,3,Left,2.0,8.0,4.044,IDC,43.83333333,Deceased,Negative,No,43.26,Recurred,Female,ER+/HER2- Low Prolif,22.0,2.0,Died of Disease
MB-7058,45,Mastectomy,Breast Cancer,Breast Invasive Ductal Carcinoma,Moderate,No,Normal,4.0,Positve,Positive,2,Neutral,Negative,Ductal/NST,Yes,Pre,3,Left,4.0,7.0,3.054,IDC,122.5,Living,Positive,No,120.89,Not Recurred,Female,ER+/HER2- Low Prolif,27.0,2.0,Living
MB-7059,50,Mastectomy,Breast Cancer,Invasive Breast Carcinoma,High,Yes,Her2,4.0,Negative,Negative,3,Gain,Positive,Ductal/NST,No,Post,5,Left,23.0,6.0,6.048,BRCA,119.3333333,Living,Negative,Yes,117.76,Not Recurred,Female,ER+/HER2- Low Prolif,24.0,2.0,Living
MB-7060,69,Mastectomy,Breast Cancer,Breast Invasive Lobular Carcinoma,High,No,LumA,4.0,Positve,Positive,1,Loss,Negative,Lobular,Yes,Post,3,Left,6.0,4.0,4.1,ILC,112.6666667,Deceased,Negative,Yes,62.47,Recurred,Female,ER+/HER2- Low Prolif,50.0,2.0,Died of Other Causes
MB-7061,61,Breast Conserving,Breast Cancer,Breast Invasive Ductal Carcinoma,Moderate,No,Normal,4.0,Positve,Positive,2,Neutral,Negative,Ductal/NST,Yes,Post,3,Left,0.0,4.0,3.04,IDC,96.76666667,Deceased,Negative,Yes,95.49,Not Recurred,Female,ER+/HER2- Low Prolif,20.0,2.0,Died of Other Causes
MB-7062,63,Breast Conserving,Breast Cancer,Breast Invasive Ductal Carcinoma,High,No,LumA,4.0,Positve,Positive,1,Neutral,Negative,Ductal/NST,Yes,Post,3,Left,1.0,5.0,3.032,IDC,95.86666667,Living,Positive,Yes,94.61,Not Recurred,Female,ER+/HER2- Low Prolif,16.0,2.0,Living
MB-7063,76,Breast Conserving,Breast Cancer,Breast Invasive Ductal Carcinoma,High,No,LumA,4.0,Positve,Positive,3,Neutral,Negative,Ductal/NST,Yes,Post,3,Left,0.0,7.0,4.04,IDC,86.6,Living,Positive,Yes,85.46,Not Recurred,Female,ER+/HER2- Low Prolif,20.0,2.0,Living
MB-7065,45,Breast Conserving,Breast Cancer,Breast Invasive Ductal Carcinoma,Moderate,No,LumB,4.0,Positve,Positive,2,Neutral,Negative,Ductal/NST,No,Pre,9,Left,0.0,6.0,3.038,IDC,107.8666667,Living,Positive,Yes,106.45,Not Recurred,Female,ER+/HER2- High Prolif,19.0,2.0,Living
MB-7066,64,Breast Conserving,Breast Cancer,Breast Invasive Ductal Carcinoma,Low,Yes,Her2,4.0,Negative,Negative,3,Gain,Negative,Ductal/NST,No,Post,3,Right,1.0,7.0,5.037,IDC,89.76666667,Living,Negative,Yes,88.59,Not Recurred,Female,ER+/HER2- Low Prolif,18.5,2.0,Living
MB-7067,69,Mastectomy,Breast Cancer,Breast Invasive Ductal Carcinoma,Low,No,Her2,4.0,Negative,Negative,2,Gain,Positive,Ductal/NST,Yes,Post,5,Left,0.0,4.0,3.031,IDC,105.0,Living,Negative,No,103.62,Not Recurred,Female,ER+/HER2- Low Prolif,15.5,2.0,Living
MB-7068,58,Breast Conserving,Breast Cancer,Breast Invasive Ductal Carcinoma,High,No,Her2,4.0,Positve,Positive,3,Gain,Positive,Ductal/NST,Yes,Post,9,Left,0.0,7.0,4.052,IDC,98.46666667,Living,Negative,Yes,97.17,Not Recurred,Female,ER+/HER2- Low Prolif,26.0,2.0,Living
MB-7069,67,Breast Conserving,Breast Cancer,Breast Invasive Ductal Carcinoma,Moderate,No,Her2,4.0,Positve,Negative,3,Gain,Positive,Ductal/NST,Yes,Post,5,Left,0.0,14.0,4.043,IDC,114.6,Living,Negative,Yes,113.09,Not Recurred,Female,ER+/HER2- Low Prolif,21.5,2.0,Living
MB-7070,68,Mastectomy,Breast Cancer,Breast Invasive Ductal Carcinoma,High,No,Her2,4.0,Positve,Positive,3,Gain,Negative,Ductal/NST,Yes,Post,9,Left,2.0,6.0,5.004,IDC,108.0666667,Living,Positive,No,106.64,Not Recurred,Female,ER+/HER2- High Prolif,2.0,2.0,Living
MB-7071,27,Breast Conserving,Breast Cancer,Breast Invasive Lobular Carcinoma,Moderate,No,Her2,4.0,Positve,Positive,3,Neutral,Negative,Lobular,No,Pre,3,Left,0.0,22.0,4.036,ILC,102.0666667,Living,Positive,Yes,100.72,Not Recurred,Female,ER+/HER2- High Prolif,18.0,2.0,Living
MB-7072,71,Mastectomy,Breast Cancer,Breast Mixed Ductal and Lobular Carcinoma,Moderate,No,LumB,4.0,Positve,Positive,2,Gain,Negative,Mixed,Yes,Post,1,Left,14.0,8.0,5.13,MDLC,52.33333333,Deceased,Positive,Yes,30.76,Recurred,Female,ER+/HER2- High Prolif,65.0,2.0,Died of Disease
MB-7073,54,Mastectomy,Breast Cancer,Breast Invasive Ductal Carcinoma,High,Yes,Basal,4.0,Negative,Negative,3,Gain,Positive,Ductal/NST,No,Post,5,Left,13.0,5.0,6.04,IDC,137.9333333,Deceased,Negative,No,136.12,Not Recurred,Female,ER+/HER2- High Prolif,20.0,2.0,Died of Other Causes
MB-7074,51,Mastectomy,Breast Cancer,Breast Invasive Ductal Carcinoma,Low,No,Normal,4.0,Positve,Positive,1,Neutral,Negative,Ductal/NST,Yes,Post,5,Right,0.0,4.0,2.036,IDC,108.1666667,Living,Negative,No,106.74,Not Recurred,Female,ER+/HER2- Low Prolif,18.0,2.0,Living
MB-7075,64,Mastectomy,Breast Cancer,Breast Mixed Ductal and Lobular Carcinoma,High,No,LumB,4.0,Positve,Positive,2,Gain,Negative,Mixed,Yes,Post,1,Right,0.0,5.0,3.032,MDLC,111.6333333,Living,Negative,No,110.16,Not Recurred,Female,ER+/HER2- High Prolif,16.0,2.0,Living
MB-7076,56,Mastectomy,Breast Cancer,Breast Invasive Ductal Carcinoma,Moderate,No,LumA,4.0,Positve,Positive,2,Neutral,Negative,Ductal/NST,Yes,Post,7,Right,0.0,6.0,3.044,IDC,142.6666667,Deceased,Positive,No,140.79,Not Recurred,Female,ER+/HER2- Low Prolif,22.0,2.0,Died of Other Causes
MB-7077,37,Breast Conserving,Breast Cancer,Breast Invasive Ductal Carcinoma,High,No,LumA,4.0,Positve,Positive,2,Neutral,Negative,Ductal/NST,Yes,Pre,3,Right,5.0,6.0,5.034,IDC,101.2666667,Living,Positive,Yes,99.93,Not Recurred,Female,ER+/HER2- Low Prolif,17.0,2.0,Living
MB-7078,74,Mastectomy,Breast Cancer,Breast Invasive Ductal Carcinoma,Moderate,No,claudin-low,4.0,Negative,Negative,3,Neutral,Negative,Ductal/NST,Yes,Post,10,Right,0.0,6.0,4.1,IDC,4.166666667,Deceased,Negative,Yes,3.95,Recurred,Female,ER+/HER2- Low Prolif,50.0,2.0,Died of Disease
MB-7079,70,Mastectomy,Breast Cancer,Breast Invasive Ductal Carcinoma,Low,No,claudin-low,4.0,Positve,Positive,2,Neutral,Negative,Ductal/NST,Yes,Post,10,Right,1.0,5.0,4.06,IDC,91.06666667,Living,Negative,No,89.87,Not Recurred,Female,ER+/HER2- Low Prolif,30.0,2.0,Living
MB-7080,64,Mastectomy,Breast Cancer,Breast Invasive Ductal Carcinoma,High,No,LumA,4.0,Positve,Positive,1,Neutral,Negative,Ductal/NST,Yes,Post,8,Right,0.0,5.0,2.034,IDC,91.23333333,Living,Positive,No,90.03,Not Recurred,Female,ER+/HER2- Low Prolif,17.0,2.0,Living
MB-7081,69,Breast Conserving,Breast Cancer,Breast Invasive Ductal Carcinoma,Moderate,No,claudin-low,4.0,Negative,Negative,3,Neutral,Negative,Ductal/NST,Yes,Post,10,Right,0.0,6.0,4.056,IDC,140.2333333,Living,Negative,Yes,138.39,Not Recurred,Female,ER+/HER2- Low Prolif,28.0,2.0,Living
MB-7082,57,Breast Conserving,Breast Cancer,Breast Invasive Ductal Carcinoma,High,Yes,Her2,4.0,Negative,Negative,3,Gain,Positive,Ductal/NST,No,Post,5,Right,1.0,2.0,5.04,IDC,98.26666667,Living,Negative,Yes,96.97,Not Recurred,Female,ER+/HER2- Low Prolif,20.0,2.0,Living
MB-7083,50,Breast Conserving,Breast Cancer,Breast Invasive Ductal Carcinoma,High,Yes,LumB,4.0,Positve,Positive,2,Neutral,Negative,Ductal/NST,Yes,Post,9,Left,0.0,8.0,3.052,IDC,105.4666667,Living,Positive,Yes,104.08,Not Recurred,Female,ER+/HER2- High Prolif,26.0,2.0,Living
MB-7084,74,Mastectomy,Breast Cancer,Invasive Breast Carcinoma,High,No,Basal,4.0,Negative,Negative,3,Gain,Positive,Ductal/NST,Yes,Post,10,Right,0.0,4.0,4.12,BRCA,116.5333333,Living,Negative,No,115.0,Not Recurred,Female,ER+/HER2- High Prolif,60.0,2.0,Living
MB-7085,60,Mastectomy,Breast Cancer,Breast Invasive Ductal Carcinoma,Low,No,Normal,4.0,Positve,Positive,2,Neutral,Negative,Ductal/NST,Yes,Post,7,Left,3.0,3.0,4.06,IDC,110.1,Living,Positive,Yes,87.47,Recurred,Female,ER+/HER2- Low Prolif,30.0,2.0,Living
MB-7086,70,Breast Conserving,Breast Cancer,Breast Mixed Ductal and Lobular Carcinoma,High,No,LumB,4.0,Positve,Positive,2,Neutral,Negative,Mixed,Yes,Post,9,Left,2.0,2.0,4.036,MDLC,123.5333333,Living,Positive,Yes,121.91,Not Recurred,Female,ER+/HER2- High Prolif,18.0,2.0,Living
MB-7087,66,Breast Conserving,Breast Cancer,Breast Invasive Ductal Carcinoma,High,Yes,Basal,4.0,Negative,Negative,3,Neutral,Negative,Ductal/NST,Yes,Post,10,Left,3.0,6.0,5.028,IDC,5.066666667,Deceased,Negative,Yes,5.0,Not Recurred,Female,ER+/HER2- High Prolif,14.0,2.0,Died of Other Causes
MB-7088,72,Mastectomy,Breast Cancer,Breast Invasive Ductal Carcinoma,Moderate,No,Her2,4.0,Positve,Positive,3,Gain,Positive,Ductal/NST,Yes,Post,5,Left,2.0,9.0,5.05,IDC,123.5333333,Living,Negative,No,121.91,Not Recurred,Female,ER+/HER2- High Prolif,25.0,2.0,Living
MB-7089,47,Breast Conserving,Breast Cancer,Breast Invasive Ductal Carcinoma,Moderate,Yes,claudin-low,4.0,Negative,Negative,3,Gain,Negative,Ductal/NST,No,Pre,10,Right,1.0,10.0,5.036,IDC,118.9,Living,Negative,Yes,117.34,Not Recurred,Female,ER+/HER2- High Prolif,18.0,2.0,Living
MB-7090,48,Breast Conserving,Breast Cancer,Breast Invasive Ductal Carcinoma,High,Yes,Basal,4.0,Negative,Negative,3,Neutral,Negative,Ductal/NST,No,Pre,10,Left,3.0,4.0,5.034,IDC,109.7666667,Living,Negative,Yes,108.32,Not Recurred,Female,ER+/HER2- High Prolif,17.0,2.0,Living
MB-7091,55,Breast Conserving,Breast Cancer,Breast Invasive Ductal Carcinoma,High,No,LumA,4.0,Positve,Positive,1,Loss,Negative,Ductal/NST,Yes,Post,7,Left,4.0,3.0,4.036,IDC,110.2666667,Living,Positive,Yes,108.82,Not Recurred,Female,ER+/HER2- Low Prolif,18.0,2.0,Living
MB-7092,55,Breast Conserving,Breast Cancer,Breast Mixed Ductal and Lobular Carcinoma,High,No,Her2,4.0,Negative,Positive,1,Neutral,Negative,Mixed,Yes,Post,1,Left,0.0,10.0,2.04,MDLC,122.4,Living,Positive,Yes,120.79,Not Recurred,Female,ER+/HER2- High Prolif,20.0,2.0,Living
MB-7093,76,Mastectomy,Breast Cancer,Breast Invasive Ductal Carcinoma,Moderate,Yes,LumA,4.0,Positve,Positive,1,Neutral,Negative,Ductal/NST,Yes,Post,3,Right,2.0,3.0,3.0338,IDC,125.8333333,Deceased,Positive,No,77.01,Recurred,Female,ER+/HER2- Low Prolif,16.9,2.0,Died of Other Causes
MB-7094,60,Breast Conserving,Breast Cancer,Breast Invasive Ductal Carcinoma,Moderate,No,LumB,4.0,Positve,Positive,3,Neutral,Negative,Ductal/NST,Yes,Post,9,Right,0.0,3.0,4.0488,IDC,113.3666667,Living,Positive,Yes,111.88,Not Recurred,Female,ER+/HER2- High Prolif,24.4,2.0,Living
MB-7095,74,Breast Conserving,Breast Cancer,Breast Invasive Ductal Carcinoma,High,No,LumA,4.0,Positve,Positive,1,Neutral,Negative,Ductal/NST,Yes,Post,8,Right,0.0,3.0,2.05,IDC,115.6333333,Living,Negative,Yes,114.11,Not Recurred,Female,ER+/HER2- High Prolif,25.0,2.0,Living
MB-7096,48,Breast Conserving,Breast Cancer,Breast Invasive Ductal Carcinoma,High,No,LumA,4.0,Positve,Positive,2,Neutral,Negative,Ductal/NST,Yes,Pre,3,Right,1.0,6.0,4.025,IDC,124.0,Living,Positive,Yes,122.37,Not Recurred,Female,ER+/HER2- High Prolif,12.5,2.0,Living
MB-7097,60,Mastectomy,Breast Cancer,Breast Invasive Ductal Carcinoma,High,Yes,LumB,4.0,Positve,Positive,2,Neutral,Negative,Ductal/NST,Yes,Post,8,Left,2.0,10.0,2.0806,IDC,65.16666667,Deceased,Negative,No,41.58,Recurred,Female,ER+/HER2- High Prolif,40.3,2.0,Died of Disease
MB-7099,80,Mastectomy,Breast Cancer,Breast Invasive Ductal Carcinoma,High,No,LumB,4.0,Positve,Positive,2,Neutral,Negative,Ductal/NST,Yes,Post,9,Right,2.0,5.0,4.076,IDC,163.1666667,Deceased,Positive,Yes,161.02,Not Recurred,Female,ER+/HER2- High Prolif,38.0,2.0,Died of Other Causes
MB-7100,70,Breast Conserving,Breast Cancer,Breast Invasive Ductal Carcinoma,High,No,LumB,4.0,Positve,Positive,3,Neutral,Negative,Ductal/NST,Yes,Post,8,Left,2.0,3.0,5.056,IDC,156.3333333,Deceased,Positive,Yes,154.28,Not Recurred,Female,ER+/HER2- High Prolif,28.0,2.0,Died of Other Causes
MB-7101,49,Breast Conserving,Breast Cancer,Breast Invasive Lobular Carcinoma,Low,No,LumA,4.0,Positve,Positive,2,Neutral,Negative,Lobular,Yes,Pre,3,Right,0.0,5.0,3.031,ILC,124.2666667,Living,Positive,Yes,122.63,Not Recurred,Female,ER+/HER2- Low Prolif,15.5,2.0,Living
MB-7102,73,Mastectomy,Breast Cancer,Breast Mixed Ductal and Lobular Carcinoma,Moderate,No,LumB,4.0,Positve,Positive,1,Neutral,Negative,Mixed,Yes,Post,3,Left,1.0,6.0,3.04,MDLC,104.1,Deceased,Positive,No,102.73,Not Recurred,Female,ER+/HER2- High Prolif,20.0,2.0,Died of Other Causes
MB-7104,59,Breast Conserving,Breast Cancer,Breast Invasive Ductal Carcinoma,Moderate,No,claudin-low,4.0,Positve,Positive,3,Neutral,Negative,Ductal/NST,Yes,Post,6,Right,2.0,3.0,5.038,IDC,122.8333333,Deceased,Negative,Yes,121.22,Not Recurred,Female,ER+/HER2- High Prolif,19.0,2.0,Died of Other Causes
MB-7106,80,Mastectomy,Breast Cancer,Breast Invasive Ductal Carcinoma,Low,No,LumA,4.0,Positve,Positive,1,Neutral,Negative,Ductal/NST,Yes,Post,2,Right,18.0,7.0,4.058,IDC,37.5,Deceased,Positive,No,37.01,Recurred,Female,ER+/HER2- Low Prolif,29.0,2.0,Died of Disease
MB-7107,67,Mastectomy,Breast Cancer,Breast Invasive Ductal Carcinoma,Moderate,No,LumA,4.0,Positve,Positive,3,Neutral,Negative,Ductal/NST,Yes,Post,8,Left,3.0,11.0,5.06,IDC,56.93333333,Deceased,Negative,No,42.86,Recurred,Female,ER+/HER2- High Prolif,30.0,2.0,Died of Disease
MB-7109,67,Mastectomy,Breast Cancer,Breast Invasive Ductal Carcinoma,High,No,LumB,4.0,Positve,Positive,3,Gain,Negative,Ductal/NST,Yes,Post,2,Left,16.0,6.0,6.038,IDC,117.5333333,Living,Positive,No,115.99,Not Recurred,Female,ER+/HER2- High Prolif,19.0,2.0,Living
MB-7111,52,Mastectomy,Breast Cancer,Breast Invasive Ductal Carcinoma,Moderate,No,Basal,4.0,Positve,Positive,3,Neutral,Negative,Ductal/NST,Yes,Post,1,Left,5.0,3.0,6.1,IDC,30.16666667,Deceased,Positive,No,29.77,Recurred,Female,ER+/HER2- High Prolif,50.0,2.0,Died of Disease
MB-7112,40,Mastectomy,Breast Cancer,Breast Invasive Ductal Carcinoma,Low,Yes,LumB,4.0,Positve,Positive,3,Neutral,Negative,Ductal/NST,No,Pre,2,Left,0.0,2.0,4.08,IDC,64.7,Deceased,Positive,No,37.57,Recurred,Female,ER+/HER2- High Prolif,40.0,2.0,Died of Disease
MB-7113,66,Mastectomy,Breast Cancer,Breast Invasive Ductal Carcinoma,Moderate,No,LumA,4.0,Positve,Positive,1,Neutral,Negative,Ductal/NST,Yes,Post,7,Left,0.0,6.0,2.02,IDC,136.7,Deceased,Positive,No,134.9,Not Recurred,Female,ER+/HER2- Low Prolif,10.0,2.0,Died of Other Causes
MB-7114,55,Breast Conserving,Breast Cancer,Breast Invasive Ductal Carcinoma,High,No,Basal,4.0,Negative,Negative,3,Neutral,Negative,Ductal/NST,Yes,Post,10,Left,0.0,8.0,4.032,IDC,123.2666667,Living,Negative,Yes,121.64,Not Recurred,Female,ER+/HER2- Low Prolif,16.0,2.0,Living
MB-7115,80,Mastectomy,Breast Cancer,Breast Invasive Ductal Carcinoma,High,No,Her2,4.0,Negative,Positive,3,Gain,Positive,Ductal/NST,Yes,Post,5,Left,0.0,5.0,4.14,IDC,141.7333333,Deceased,Negative,Yes,139.87,Not Recurred,Female,ER+/HER2- Low Prolif,70.0,2.0,Died of Other Causes
MB-7116,77,Mastectomy,Breast Cancer,Breast Invasive Ductal Carcinoma,High,No,LumB,4.0,Positve,Positive,2,Neutral,Negative,Ductal/NST,Yes,Post,8,Left,1.0,11.0,4.08,IDC,33.36666667,Deceased,Negative,No,24.97,Recurred,Female,ER+/HER2- High Prolif,40.0,2.0,Died of Disease
MB-7118,70,Mastectomy,Breast Cancer,Breast Invasive Ductal Carcinoma,Moderate,No,LumA,4.0,Positve,Positive,2,Neutral,Negative,Ductal/NST,Yes,Post,8,Left,0.0,2.0,3.04,IDC,140.5666667,Living,Positive,No,138.72,Not Recurred,Female,ER+/HER2- Low Prolif,20.0,2.0,Living
MB-7119,54,Breast Conserving,Breast Cancer,Breast Invasive Ductal Carcinoma,High,Yes,Basal,4.0,Negative,Negative,3,Neutral,Negative,Ductal/NST,Yes,Post,10,Left,2.0,8.0,5.046,IDC,128.3666667,Living,Negative,Yes,126.68,Not Recurred,Female,ER+/HER2- Low Prolif,23.0,2.0,Living
MB-7121,49,Mastectomy,Breast Cancer,Breast Invasive Ductal Carcinoma,Low,Yes,claudin-low,4.0,Negative,Negative,3,Neutral,Negative,Ductal/NST,Yes,Pre,10,Left,4.0,3.0,6.076,IDC,88.83333333,Deceased,Negative,Yes,87.66,Not Recurred,Female,ER+/HER2- Low Prolif,38.0,2.0,Died of Other Causes
MB-7122,83,Mastectomy,Breast Cancer,Breast Invasive Ductal Carcinoma,Moderate,No,Basal,4.0,Positve,Positive,3,Neutral,Negative,Ductal/NST,Yes,Post,10,Left,1.0,5.0,5.06,IDC,29.9,Deceased,Negative,No,29.51,Not Recurred,Female,ER+/HER2- High Prolif,30.0,2.0,Died of Other Causes
MB-7123,56,Mastectomy,Breast Cancer,Breast Invasive Ductal Carcinoma,Moderate,No,LumA,4.0,Positve,Positive,1,Gain,Negative,Ductal/NST,Yes,Post,1,Left,0.0,7.0,2.072,IDC,137.6666667,Living,Positive,No,135.86,Not Recurred,Female,ER+/HER2- Low Prolif,36.0,2.0,Living
MB-7124,71,Mastectomy,Breast Cancer,Breast Invasive Ductal Carcinoma,High,No,LumA,4.0,Positve,Positive,2,Neutral,Negative,Ductal/NST,Yes,Post,7,Left,1.0,3.0,4.04,IDC,139.6,Living,Positive,No,137.76,Not Recurred,Female,ER+/HER2- High Prolif,20.0,2.0,Living
MB-7127,52,Breast Conserving,Breast Cancer,Breast Invasive Ductal Carcinoma,Moderate,No,Normal,4.0,Positve,Positive,2,Neutral,Negative,Ductal/NST,Yes,Post,9,Left,0.0,2.0,3.038,IDC,135.3333333,Living,Positive,Yes,133.55,Not Recurred,Female,ER+/HER2- High Prolif,19.0,2.0,Living
MB-7128,71,Mastectomy,Breast Cancer,Invasive Breast Carcinoma,High,No,LumA,4.0,Positve,Positive,2,Gain,Positive,Ductal/NST,Yes,Post,5,Left,0.0,5.0,3.042,BRCA,60.26666667,Deceased,Positive,No,59.47,Not Recurred,Female,ER+/HER2- High Prolif,21.0,2.0,Died of Other Causes
MB-7130,72,Breast Conserving,Breast Cancer,Breast Invasive Ductal Carcinoma,High,No,LumB,4.0,Positve,Positive,3,Gain,Negative,Ductal/NST,Yes,Post,9,Left,3.0,5.0,5.062,IDC,102.9666667,Deceased,Negative,Yes,101.61,Recurred,Female,ER+/HER2- High Prolif,31.0,2.0,Died of Disease
MB-7131,58,Mastectomy,Breast Cancer,Breast Invasive Ductal Carcinoma,Moderate,No,LumB,4.0,Positve,Positive,3,Neutral,Negative,Ductal/NST,Yes,Post,8,Right,1.0,14.0,5.042,IDC,134.7333333,Living,Negative,No,132.96,Not Recurred,Female,ER+/HER2- High Prolif,21.0,2.0,Living
MB-7132,69,Mastectomy,Breast Cancer,Breast Invasive Ductal Carcinoma,Moderate,No,LumB,4.0,Positve,Positive,2,Neutral,Negative,Ductal/NST,Yes,Post,7,Left,0.0,2.0,3.038,IDC,131.6,Living,Positive,No,129.87,Not Recurred,Female,ER+/HER2- Low Prolif,19.0,2.0,Living
MB-7133,71,Breast Conserving,Breast Cancer,Breast Invasive Lobular Carcinoma,High,No,LumB,4.0,Positve,Positive,3,Neutral,Negative,Lobular,Yes,Post,1,Right,2.0,8.0,5.036,ILC,23.83333333,Deceased,Negative,Yes,22.5,Recurred,Female,ER+/HER2- High Prolif,18.0,2.0,Died of Disease
MB-7135,56,Breast Conserving,Breast Cancer,Breast Invasive Ductal Carcinoma,Low,Yes,Her2,4.0,Negative,Negative,3,Gain,Positive,Ductal/NST,Yes,Post,5,Right,16.0,7.0,6.052,IDC,26.73333333,Deceased,Negative,Yes,14.28,Recurred,Female,ER+/HER2- High Prolif,26.0,2.0,Died of Disease
MB-7137,64,Breast Conserving,Breast Cancer,Breast Invasive Ductal Carcinoma,Moderate,No,LumA,4.0,Positve,Positive,3,Neutral,Negative,Ductal/NST,Yes,Post,5,Left,0.0,3.0,2.042,IDC,179.8,Living,Negative,Yes,177.43,Not Recurred,Female,ER+/HER2- Low Prolif,21.0,2.0,Living
MB-7138,68,Breast Conserving,Breast Cancer,Breast Invasive Ductal Carcinoma,High,No,LumB,4.0,Positve,Positive,3,Neutral,Negative,Ductal/NST,Yes,Post,8,Left,0.0,3.0,4.044,IDC,123.0,Deceased,Positive,Yes,121.38,Not Recurred,Female,ER+/HER2- High Prolif,22.0,2.0,Died of Other Causes
MB-7140,58,Mastectomy,Breast Cancer,Breast Invasive Ductal Carcinoma,Moderate,No,LumB,4.0,Positve,Positive,3,Neutral,Negative,Ductal/NST,Yes,Post,8,Right,5.0,8.0,6.12,IDC,90.8,Deceased,Negative,No,53.16,Recurred,Female,ER+/HER2- High Prolif,60.0,2.0,Died of Disease
MB-7141,78,Mastectomy,Breast Cancer,Breast Invasive Ductal Carcinoma,High,No,LumA,4.0,Positve,Positive,2,Neutral,Negative,Ductal/NST,Yes,Post,7,Right,0.0,8.0,3.0236,IDC,138.5666667,Living,Positive,No,136.74,Not Recurred,Female,ER+/HER2- Low Prolif,11.8,2.0,Living
MB-7142,55,Mastectomy,Breast Cancer,Breast Invasive Ductal Carcinoma,High,No,LumB,4.0,Positve,Positive,2,Neutral,Negative,Ductal/NST,Yes,Post,2,Right,0.0,2.0,3.026,IDC,175.9,Deceased,Positive,No,137.8,Recurred,Female,ER+/HER2- High Prolif,13.0,2.0,Died of Other Causes
MB-7143,61,Breast Conserving,Breast Cancer,Breast Invasive Ductal Carcinoma,High,No,Her2,4.0,Negative,Negative,3,Gain,Positive,Ductal/NST,Yes,Post,5,Left,0.0,1.0,4.068,IDC,186.3666667,Living,Negative,Yes,183.91,Not Recurred,Female,ER+/HER2- High Prolif,34.0,2.0,Living
MB-7144,59,Breast Conserving,Breast Cancer,Breast Invasive Ductal Carcinoma,High,No,LumB,4.0,Positve,Positive,3,Neutral,Negative,Ductal/NST,Yes,Post,8,Right,0.0,4.0,4.045,IDC,102.6333333,Deceased,Positive,Yes,101.28,Not Recurred,Female,ER+/HER2- High Prolif,22.5,2.0,Died of Other Causes
MB-7145,44,Breast Conserving,Breast Cancer,Breast Invasive Ductal Carcinoma,High,Yes,Basal,4.0,Negative,Negative,3,Neutral,Negative,Ductal/NST,No,Pre,10,Right,2.0,9.0,5.05,IDC,138.3333333,Living,Negative,Yes,136.51,Not Recurred,Female,ER+/HER2- High Prolif,25.0,2.0,Living
MB-7147,76,Mastectomy,Breast Cancer,Breast Mixed Ductal and Lobular Carcinoma,High,No,LumB,4.0,Positve,Positive,3,Neutral,Negative,Mixed,Yes,Post,6,Right,0.0,6.0,4.06,MDLC,168.6,Deceased,Positive,No,166.38,Not Recurred,Female,ER+/HER2- High Prolif,30.0,2.0,Died of Other Causes
MB-7148,62,Mastectomy,Breast Cancer,Invasive Breast Carcinoma,Low,Yes,LumA,4.0,Positve,Positive,3,Neutral,Negative,Mixed,Yes,Post,8,Right,0.0,6.0,6.26,BRCA,19.0,Deceased,Positive,Yes,7.11,Recurred,Female,ER+/HER2- High Prolif,130.0,2.0,Died of Disease
MB-7149,66,Mastectomy,Breast Cancer,Breast Invasive Ductal Carcinoma,Moderate,No,LumB,4.0,Positve,Positive,3,Neutral,Negative,Ductal/NST,Yes,Post,9,Right,14.0,5.0,6.1,IDC,44.63333333,Deceased,Negative,Yes,39.7,Recurred,Female,ER+/HER2- High Prolif,50.0,2.0,Died of Other Causes
MB-7150,70,Mastectomy,Breast Cancer,Breast Invasive Ductal Carcinoma,High,No,LumB,4.0,Positve,Positive,3,Neutral,Negative,Ductal/NST,No,Post,3,Right,0.0,5.0,4.074,IDC,128.9666667,Living,Negative,No,127.27,Not Recurred,Female,ER+/HER2- High Prolif,37.0,2.0,Living
MB-7151,59,Mastectomy,Breast Cancer,Breast Invasive Ductal Carcinoma,High,No,Basal,4.0,Positve,Negative,3,Neutral,Negative,Ductal/NST,Yes,Post,10,Left,0.0,9.0,4.042,IDC,144.4333333,Living,Negative,No,142.53,Not Recurred,Female,ER+/HER2- High Prolif,21.0,2.0,Living
MB-7152,62,Mastectomy,Breast Cancer,Breast Invasive Ductal Carcinoma,High,No,Her2,4.0,Positve,Positive,3,Gain,Negative,Ductal/NST,Yes,Post,9,Left,0.0,4.0,4.036,IDC,195.8,Deceased,Negative,No,193.22,Not Recurred,Female,ER+/HER2- High Prolif,18.0,2.0,Died of Other Causes
MB-7153,74,Mastectomy,Breast Cancer,Breast Invasive Ductal Carcinoma,High,No,Her2,4.0,Positve,Positive,2,Neutral,Negative,Ductal/NST,Yes,Post,8,Right,0.0,12.0,3.05,IDC,142.8,Living,Negative,No,140.92,Not Recurred,Female,ER+/HER2- High Prolif,25.0,2.0,Living
MB-7154,77,Mastectomy,Breast Cancer,Breast Invasive Ductal Carcinoma,High,No,Basal,4.0,Negative,Negative,3,Neutral,Negative,Ductal/NST,Yes,Post,10,Right,0.0,14.0,4.0652,IDC,108.4666667,Deceased,Negative,No,107.04,Not Recurred,Female,ER+/HER2- High Prolif,32.6,2.0,Died of Other Causes
MB-7155,41,Breast Conserving,Breast Cancer,Breast Invasive Ductal Carcinoma,High,Yes,Basal,4.0,Negative,Negative,3,Neutral,Negative,Ductal/NST,No,Pre,10,Left,1.0,5.0,5.0344,IDC,149.7666667,Living,Negative,Yes,147.8,Not Recurred,Female,ER+/HER2- High Prolif,17.2,2.0,Living
MB-7157,56,Mastectomy,Breast Cancer,Breast Invasive Ductal Carcinoma,High,No,LumB,4.0,Positve,Positive,2,Neutral,Negative,Ductal/NST,Yes,Post,8,Right,2.0,7.0,4.038,IDC,219.6333333,Living,Positive,Yes,129.87,Recurred,Female,ER+/HER2- High Prolif,19.0,2.0,Living
MB-7158,50,Mastectomy,Breast Cancer,Breast Invasive Ductal Carcinoma,High,Yes,claudin-low,4.0,Negative,Negative,3,Neutral,Negative,Ductal/NST,No,Post,8,Right,16.0,6.0,6.058,IDC,46.43333333,Deceased,Negative,No,31.78,Recurred,Female,ER+/HER2- High Prolif,29.0,2.0,Died of Disease
MB-7159,60,Breast Conserving,Breast Cancer,Breast Invasive Ductal Carcinoma,High,Yes,Basal,4.0,Negative,Negative,3,Neutral,Negative,Ductal/NST,Yes,Post,10,Right,0.0,3.0,4.068,IDC,21.93333333,Deceased,Negative,Yes,9.8,Recurred,Female,ER+/HER2- High Prolif,34.0,2.0,Died of Disease
MB-7160,51,Breast Conserving,Breast Cancer,Breast Invasive Ductal Carcinoma,High,No,Her2,4.0,Positve,Positive,3,Gain,Negative,Ductal/NST,Yes,Post,9,Left,0.0,11.0,4.046,IDC,148.0666667,Living,Positive,Yes,146.12,Not Recurred,Female,ER+/HER2- High Prolif,23.0,2.0,Living
MB-7161,47,Breast Conserving,Breast Cancer,Breast Invasive Ductal Carcinoma,Low,No,LumA,4.0,Positve,Positive,2,Gain,Negative,Ductal/NST,No,Pre,6,Left,5.0,3.0,5.092,IDC,121.5333333,Living,Positive,Yes,119.93,Not Recurred,Female,ER+/HER2- High Prolif,46.0,2.0,Living
MB-7162,59,Breast Conserving,Breast Cancer,Breast Invasive Ductal Carcinoma,Moderate,No,LumA,4.0,Positve,Positive,1,Neutral,Negative,Ductal/NST,Yes,Post,3,Right,0.0,2.0,2.0276,IDC,140.2,Living,Positive,Yes,138.36,Not Recurred,Female,ER+/HER2- Low Prolif,13.8,2.0,Living
MB-7163,43,Mastectomy,Breast Cancer,Breast Invasive Ductal Carcinoma,Moderate,Yes,LumA,4.0,Negative,Positive,2,Neutral,Negative,Ductal/NST,Yes,Pre,3,Right,15.0,3.0,5.06,IDC,52.63333333,Deceased,Positive,No,50.92,Recurred,Female,ER+/HER2- Low Prolif,30.0,2.0,Died of Disease
MB-7164,49,Breast Conserving,Breast Cancer,Breast Invasive Ductal Carcinoma,High,No,LumA,4.0,Positve,Positive,1,Neutral,Negative,Ductal/NST,Yes,Pre,3,Right,2.0,5.0,3.0314,IDC,211.4,Living,Positive,Yes,208.62,Not Recurred,Female,ER+/HER2- Low Prolif,15.7,2.0,Living
MB-7165,28,Breast Conserving,Breast Cancer,Breast Invasive Ductal Carcinoma,High,Yes,Basal,4.0,Negative,Negative,3,Neutral,Negative,Ductal/NST,No,Pre,10,Right,1.0,7.0,5.364,IDC,147.1666667,Living,Negative,Yes,145.23,Not Recurred,Female,ER+/HER2- Low Prolif,182.0,2.0,Living
MB-7167,43,Mastectomy,Breast Cancer,Breast Invasive Ductal Carcinoma,High,No,Her2,4.0,Positve,Positive,2,Neutral,Negative,Ductal/NST,Yes,Pre,8,Left,0.0,5.0,3.17,IDC,141.0333333,Living,Positive,Yes,139.18,Not Recurred,Female,ER+/HER2- Low Prolif,85.0,2.0,Living
MB-7168,60,Mastectomy,Breast Cancer,Breast Invasive Ductal Carcinoma,Low,No,LumA,4.0,Positve,Positive,3,Neutral,Negative,Ductal/NST,Yes,Post,7,Right,0.0,9.0,4.05,IDC,150.5,Living,Positive,No,148.52,Not Recurred,Female,ER+/HER2- Low Prolif,25.0,2.0,Living
MB-7170,58,Breast Conserving,Breast Cancer,Breast Invasive Ductal Carcinoma,High,No,LumA,4.0,Positve,Positive,2,Neutral,Negative,Ductal/NST,Yes,Post,7,Left,0.0,15.0,3.04,IDC,155.4,Living,Negative,Yes,153.36,Not Recurred,Female,ER+/HER2- Low Prolif,20.0,2.0,Living
MB-7171,71,Breast Conserving,Breast Cancer,Breast Invasive Ductal Carcinoma,High,No,LumB,4.0,Positve,Positive,3,Neutral,Negative,Ductal/NST,Yes,Post,9,Right,3.0,7.0,5.062,IDC,160.4,Deceased,Positive,Yes,158.29,Not Recurred,Female,ER+/HER2- High Prolif,31.0,2.0,Died of Other Causes
MB-7172,62,Mastectomy,Breast Cancer,Breast Invasive Ductal Carcinoma,High,No,LumB,4.0,Positve,Positive,2,Neutral,Negative,Ductal/NST,Yes,Post,8,Right,3.0,3.0,4.0366,IDC,149.3,Living,Positive,No,131.88,Recurred,Female,ER+/HER2- High Prolif,18.3,2.0,Living
MB-7173,67,Mastectomy,Breast Cancer,Breast Invasive Lobular Carcinoma,High,No,LumA,4.0,Positve,Positive,2,Neutral,Negative,Lobular,Yes,Post,8,Right,0.0,5.0,3.0432,ILC,63.53333333,Deceased,Negative,No,62.7,Not Recurred,Female,ER+/HER2- High Prolif,21.6,2.0,Died of Other Causes
MB-7174,60,Breast Conserving,Breast Cancer,Breast Invasive Ductal Carcinoma,High,No,LumB,4.0,Positve,Positive,3,Neutral,Negative,Ductal/NST,Yes,Post,6,Right,0.0,6.0,4.04,IDC,140.7666667,Living,Negative,Yes,138.91,Not Recurred,Female,ER+/HER2- High Prolif,20.0,2.0,Living
MB-7176,50,Breast Conserving,Breast Cancer,Breast Invasive Ductal Carcinoma,High,No,LumA,4.0,Positve,Positive,2,Neutral,Negative,Ductal/NST,Yes,Post,8,Right,1.0,2.0,4.057,IDC,194.4,Deceased,Positive,Yes,191.84,Not Recurred,Female,ER+/HER2- High Prolif,28.5,2.0,Died of Other Causes
MB-7181,63,Breast Conserving,Breast Cancer,Breast Invasive Ductal Carcinoma,High,No,LumB,4.0,Positve,Positive,3,Gain,Negative,Ductal/NST,Yes,Post,1,Left,1.0,6.0,5.042,IDC,157.5333333,Living,Negative,Yes,155.46,Not Recurred,Female,ER+/HER2- High Prolif,21.0,2.0,Living
MB-7182,58,Mastectomy,Breast Cancer,Breast Invasive Ductal Carcinoma,Moderate,Yes,Her2,4.0,Positve,Positive,3,Neutral,Negative,Ductal/NST,Yes,Post,9,Left,0.0,6.0,4.054,IDC,49.46666667,Deceased,Negative,No,33.52,Recurred,Female,ER+/HER2- High Prolif,27.0,2.0,Died of Disease
MB-7185,70,Breast Conserving,Breast Cancer,Breast Invasive Ductal Carcinoma,High,No,LumA,4.0,Positve,Positive,2,Neutral,Negative,Ductal/NST,Yes,Post,8,Left,8.0,9.0,5.0324,IDC,125.0333333,Deceased,Positive,Yes,123.39,Recurred,Female,ER+/HER2- Low Prolif,16.2,2.0,Died of Disease
MB-7186,48,Mastectomy,Breast Cancer,Breast Invasive Ductal Carcinoma,High,No,LumB,4.0,Positve,Positive,2,Neutral,Negative,Ductal/NST,No,Pre,7,Left,6.0,15.0,5.066,IDC,4.866666667,Living,Positive,No,4.8,Not Recurred,Female,ER+/HER2- High Prolif,33.0,2.0,Living
MB-7187,49,Breast Conserving,Breast Cancer,Breast Invasive Ductal Carcinoma,Moderate,Yes,Normal,4.0,Negative,Negative,2,Gain,Positive,Ductal/NST,Yes,Pre,5,Left,0.0,7.0,3.0046,IDC,146.8333333,Deceased,Negative,Yes,79.93,Recurred,Female,ER+/HER2- High Prolif,2.3,2.0,Died of Disease
MB-7188,68,Breast Conserving,Breast Cancer,Invasive Breast Carcinoma,High,No,LumB,4.0,Positve,Positive,2,Neutral,Negative,Ductal/NST,Yes,Post,7,Left,0.0,7.0,1.05,BRCA,188.1666667,Deceased,Positive,Yes,185.69,Not Recurred,Female,ER+/HER2- Low Prolif,25.0,2.0,Died of Other Causes
MB-7189,58,Breast Conserving,Breast Cancer,Breast Invasive Ductal Carcinoma,High,Yes,LumB,4.0,Positve,Positive,2,Loss,Negative,Ductal/NST,Yes,Post,1,Right,1.0,7.0,4.042,IDC,143.6,Deceased,Negative,Yes,88.19,Recurred,Female,ER+/HER2- Low Prolif,21.0,2.0,Died of Disease
MB-7193,76,Mastectomy,Breast Cancer,Breast Invasive Ductal Carcinoma,Moderate,No,LumB,4.0,Positve,Positive,3,Gain,Negative,Ductal/NST,Yes,Post,6,Right,0.0,3.0,4.0304,IDC,87.46666667,Deceased,Positive,No,86.32,Not Recurred,Female,ER+/HER2- High Prolif,15.2,2.0,Died of Other Causes
MB-7194,63,Breast Conserving,Breast Cancer,Breast Invasive Ductal Carcinoma,High,Yes,LumB,4.0,Positve,Positive,2,Neutral,Negative,Ductal/NST,Yes,Post,2,Right,0.0,5.0,3.043,IDC,46.66666667,Deceased,Negative,No,28.72,Recurred,Female,ER+/HER2- High Prolif,21.5,2.0,Died of Disease
MB-7195,72,Mastectomy,Breast Cancer,Breast Invasive Lobular Carcinoma,Moderate,No,LumA,4.0,Positve,Positive,2,Neutral,Negative,Lobular,Yes,Post,8,Right,0.0,3.0,3.05,ILC,80.43333333,Deceased,Positive,No,79.38,Not Recurred,Female,ER+/HER2- Low Prolif,25.0,2.0,Died of Other Causes
MB-7196,67,Mastectomy,Breast Cancer,Breast Invasive Ductal Carcinoma,High,No,Her2,4.0,Positve,Positive,3,Neutral,Negative,Ductal/NST,Yes,Post,9,Right,4.0,5.0,6.15,IDC,107.1,Deceased,Positive,Yes,100.66,Recurred,Female,ER+/HER2- High Prolif,75.0,2.0,Died of Disease
MB-7197,70,Mastectomy,Breast Cancer,Breast Invasive Ductal Carcinoma,High,No,LumB,4.0,Positve,Positive,2,Neutral,Negative,Ductal/NST,Yes,Post,8,Right,1.0,7.0,4.04,IDC,187.8666667,Deceased,Positive,No,185.39,Not Recurred,Female,ER+/HER2- High Prolif,20.0,2.0,Died of Other Causes
MB-7198,67,Mastectomy,Breast Cancer,Breast Invasive Ductal Carcinoma,High,No,Basal,4.0,Positve,Positive,3,Neutral,Negative,Ductal/NST,Yes,Post,6,Right,0.0,4.0,4.08,IDC,16.73333333,Deceased,Positive,No,14.57,Recurred,Female,ER+/HER2- High Prolif,40.0,2.0,Died of Disease
MB-7199,81,Mastectomy,Breast Cancer,Breast Invasive Ductal Carcinoma,High,No,LumB,4.0,Positve,Positive,2,Neutral,Negative,Ductal/NST,Yes,Post,8,Right,1.0,4.0,4.04,IDC,76.0,Deceased,Negative,No,75.0,Not Recurred,Female,ER+/HER2- High Prolif,20.0,2.0,Died of Other Causes
MB-7200,71,Breast Conserving,Breast Cancer,Breast Invasive Ductal Carcinoma,Moderate,No,LumB,4.0,Positve,Positive,3,Neutral,Negative,Ductal/NST,Yes,Post,8,Left,0.0,7.0,4.046,IDC,97.6,Deceased,Positive,Yes,96.32,Not Recurred,Female,ER+/HER2- High Prolif,23.0,2.0,Died of Other Causes
MB-7201,62,Breast Conserving,Breast Cancer,Breast Invasive Ductal Carcinoma,High,No,claudin-low,4.0,Positve,Negative,2,Neutral,Negative,Ductal/NST,Yes,Post,3,Right,0.0,4.0,3.032,IDC,163.4333333,Living,Positive,Yes,161.28,Not Recurred,Female,ER+/HER2- High Prolif,16.0,2.0,Living
MB-7205,38,Breast Conserving,Breast Cancer,Breast Invasive Ductal Carcinoma,Moderate,Yes,Basal,4.0,Negative,Negative,3,Neutral,Negative,Ductal/NST,Yes,Pre,10,Right,2.0,15.0,5.05,IDC,166.0333333,Living,Negative,Yes,163.85,Not Recurred,Female,ER+/HER2- High Prolif,25.0,2.0,Living
MB-7207,43,Mastectomy,Breast Cancer,Breast Invasive Ductal Carcinoma,Moderate,Yes,Her2,4.0,Negative,Negative,3,Gain,Positive,Ductal/NST,Yes,Pre,1,Right,1.0,4.0,2.06,IDC,55.73333333,Deceased,Negative,Yes,14.74,Recurred,Female,ER+/HER2- High Prolif,30.0,2.0,Died of Disease
MB-7208,48,Mastectomy,Breast Cancer,Breast Invasive Ductal Carcinoma,High,Yes,Basal,4.0,Negative,Negative,3,Neutral,Negative,Ductal/NST,Yes,Pre,10,Right,9.0,4.0,6.0622,IDC,45.93333333,Deceased,Negative,Yes,11.68,Recurred,Female,ER+/HER2- High Prolif,31.1,2.0,Died of Disease
MB-7212,62,Mastectomy,Breast Cancer,Breast Invasive Lobular Carcinoma,High,No,LumA,4.0,Positve,Positive,3,Gain,Negative,Lobular,Yes,Post,3,Right,0.0,3.0,4.0286,ILC,52.5,Deceased,Positive,No,51.81,Not Recurred,Female,ER+/HER2- Low Prolif,14.3,2.0,Died of Other Causes
MB-7215,60,Breast Conserving,Breast Cancer,Breast Invasive Ductal Carcinoma,Moderate,No,claudin-low,4.0,Positve,Positive,2,Neutral,Negative,Medullary,Yes,Post,3,Right,2.0,6.0,4.031,IDC,208.9666667,Deceased,Negative,Yes,206.22,Not Recurred,Female,ER+/HER2- Low Prolif,15.5,2.0,Died of Other Causes
MB-7216,79,Mastectomy,Breast Cancer,Breast Invasive Lobular Carcinoma,Moderate,No,LumB,4.0,Positve,Positive,2,Neutral,Negative,Lobular,Yes,Post,3,Left,0.0,1.0,3.04,ILC,207.4666667,Deceased,Positive,No,204.74,Not Recurred,Female,ER+/HER2- Low Prolif,20.0,2.0,Died of Other Causes
MB-7217,62,Breast Conserving,Breast Cancer,Breast Invasive Ductal Carcinoma,Low,No,LumA,4.0,Positve,Positive,2,Neutral,Negative,Ductal/NST,No,Post,3,Right,0.0,5.0,1.02,IDC,90.4,Deceased,Positive,Yes,89.21,Not Recurred,Female,ER+/HER2- Low Prolif,10.0,2.0,Died of Other Causes
MB-7218,57,Breast Conserving,Breast Cancer,Breast Invasive Lobular Carcinoma,Moderate,No,LumA,4.0,Positve,Positive,1,Neutral,Negative,Lobular,Yes,Post,3,Right,2.0,5.0,3.0252,ILC,165.4333333,Living,Positive,Yes,163.26,Not Recurred,Female,ER+/HER2- Low Prolif,12.6,2.0,Living
MB-7219,60,Mastectomy,Breast Cancer,Breast Invasive Ductal Carcinoma,High,No,LumA,4.0,Positve,Positive,1,Neutral,Negative,Ductal/NST,Yes,Post,8,Left,1.0,3.0,3.025,IDC,165.2,Living,Positive,Yes,106.94,Recurred,Female,ER+/HER2- Low Prolif,12.5,2.0,Living
MB-7220,70,Breast Conserving,Breast Cancer,Breast Invasive Ductal Carcinoma,Moderate,No,LumB,4.0,Positve,Positive,2,Neutral,Negative,Ductal/NST,Yes,Post,8,Left,0.0,8.0,3.0502,IDC,183.2,Deceased,Positive,Yes,1.61,Recurred,Female,ER+/HER2- Low Prolif,25.1,2.0,Died of Other Causes
MB-7225,49,Mastectomy,Breast Cancer,Breast Invasive Ductal Carcinoma,High,Yes,Basal,4.0,Negative,Negative,3,Gain,Negative,Ductal/NST,Yes,Pre,10,Left,3.0,5.0,5.076,IDC,55.0,Deceased,Negative,Yes,40.46,Recurred,Female,ER+/HER2- Low Prolif,38.0,2.0,Died of Disease
MB-7226,67,Mastectomy,Breast Cancer,Breast Invasive Ductal Carcinoma,High,Yes,LumB,4.0,Positve,Positive,3,Gain,Negative,Ductal/NST,Yes,Post,6,Left,3.0,4.0,5.0352,IDC,53.36666667,Deceased,Negative,No,41.71,Recurred,Female,ER+/HER2- High Prolif,17.6,2.0,Died of Disease
MB-7227,72,Mastectomy,Breast Cancer,Breast Invasive Ductal Carcinoma,Moderate,No,Normal,4.0,Positve,Positive,2,Neutral,Negative,Ductal/NST,Yes,Post,3,Left,0.0,2.0,3.034,IDC,63.2,Deceased,Negative,No,62.27,Recurred,Female,ER+/HER2- High Prolif,17.0,2.0,Died of Other Causes
MB-7228,58,Mastectomy,Breast Cancer,Breast Invasive Ductal Carcinoma,Low,No,Normal,4.0,Positve,Positive,2,Gain,Negative,Ductal/NST,Yes,Post,7,Left,6.0,7.0,5.07,IDC,239.1666667,Living,Positive,No,236.02,Not Recurred,Female,ER+/HER2- Low Prolif,35.0,2.0,Living
MB-7229,73,Mastectomy,Breast Cancer,Breast Mixed Ductal and Lobular Carcinoma,High,No,LumA,4.0,Positve,Positive,3,Neutral,Negative,Mixed,Yes,Post,8,Right,1.0,7.0,5.058,MDLC,111.6,Deceased,Positive,No,110.13,Not Recurred,Female,ER+/HER2- High Prolif,29.0,2.0,Died of Other Causes
MB-7230,51,Breast Conserving,Breast Cancer,Breast Invasive Ductal Carcinoma,Moderate,No,LumA,4.0,Positve,Positive,2,Neutral,Negative,Ductal/NST,Yes,Post,3,Left,0.0,8.0,3.03,IDC,182.6,Living,Positive,Yes,180.2,Not Recurred,Female,ER+/HER2- High Prolif,15.0,2.0,Living
MB-7231,68,Mastectomy,Breast Cancer,Breast Invasive Ductal Carcinoma,Moderate,No,LumA,4.0,Positve,Positive,2,Neutral,Negative,Ductal/NST,No,Post,3,Left,0.0,8.0,1.076,IDC,199.0333333,Deceased,Positive,No,196.41,Not Recurred,Female,ER+/HER2- Low Prolif,38.0,2.0,Died of Other Causes
MB-7232,58,Mastectomy,Breast Cancer,Breast Invasive Ductal Carcinoma,High,No,LumA,4.0,Positve,Positive,2,Neutral,Negative,Ductal/NST,No,Post,8,Left,0.0,4.0,3.00424,IDC,177.6,Living,Positive,No,175.26,Not Recurred,Female,ER+/HER2- Low Prolif,2.12,2.0,Living
MB-7233,74,Mastectomy,Breast Cancer,Breast Invasive Ductal Carcinoma,Moderate,No,Her2,4.0,Positve,Positive,2,Neutral,Negative,Ductal/NST,Yes,Post,8,Left,0.0,6.0,3.0426,IDC,222.0333333,Deceased,Positive,No,219.11,Not Recurred,Female,ER+/HER2- Low Prolif,21.3,2.0,Died of Other Causes
MB-7234,63,Breast Conserving,Breast Cancer,Breast Invasive Ductal Carcinoma,High,No,LumB,4.0,Positve,Positive,3,Neutral,Negative,Ductal/NST,Yes,Post,6,Left,0.0,4.0,4.016,IDC,222.2,Living,Negative,Yes,219.28,Not Recurred,Female,ER+/HER2- High Prolif,8.0,2.0,Living
MB-7235,62,Mastectomy,Breast Cancer,Breast Invasive Ductal Carcinoma,High,No,LumA,4.0,Positve,Positive,2,Gain,Negative,Other,Yes,Post,8,Left,2.0,12.0,4.04,BREAST,170.8,Living,Positive,No,168.55,Not Recurred,Female,ER+/HER2- Low Prolif,20.0,2.0,Living
MB-7236,51,Breast Conserving,Breast Cancer,Invasive Breast Carcinoma,Moderate,No,LumB,4.0,Positve,Positive,2,Gain,Negative,Other,Yes,Post,8,Left,5.0,1.0,5.04464,BRCA,201.4666667,Deceased,Positive,Yes,129.38,Recurred,Female,ER+/HER2- Low Prolif,22.32,2.0,Died of Other Causes
MB-7237,77,Mastectomy,Breast Cancer,Breast Invasive Ductal Carcinoma,Moderate,No,NC,4.0,Positve,Positive,2,Gain,Negative,Ductal/NST,Yes,Post,9,Left,8.0,10.0,5.036,IDC,23.93333333,Deceased,Positive,No,21.18,Recurred,Female,ER+/HER2- High Prolif,18.0,2.0,Died of Disease
MB-7238,71,Mastectomy,Breast Cancer,Breast Invasive Ductal Carcinoma,High,No,Her2,4.0,Positve,Positive,3,Neutral,Negative,Ductal/NST,Yes,Post,8,Left,0.0,7.0,4.054,IDC,23.26666667,Deceased,Negative,No,10.13,Recurred,Female,ER+/HER2- High Prolif,27.0,2.0,Died of Disease
MB-7241,47,Mastectomy,Breast Cancer,Breast Invasive Ductal Carcinoma,Moderate,No,LumB,4.0,Positve,Positive,2,Neutral,Negative,Ductal/NST,No,Pre,7,Left,1.0,9.0,4.046,IDC,171.1,Living,Positive,No,168.85,Not Recurred,Female,ER+/HER2- Low Prolif,23.0,2.0,Living
MB-7243,78,Mastectomy,Breast Cancer,Breast Invasive Ductal Carcinoma,Moderate,No,LumA,4.0,Positve,Positive,1,Neutral,Negative,Ductal/NST,Yes,Post,8,Left,0.0,5.0,2.034,IDC,148.8,Deceased,Negative,No,146.84,Not Recurred,Female,ER+/HER2- Low Prolif,17.0,2.0,Died of Other Causes
MB-7244,54,Breast Conserving,Breast Cancer,Breast Invasive Ductal Carcinoma,Moderate,No,LumA,4.0,Positve,Positive,1,Neutral,Negative,Ductal/NST,No,Post,8,Right,1.0,10.0,3.024,IDC,184.1666667,Living,Positive,Yes,181.74,Not Recurred,Female,ER+/HER2- Low Prolif,12.0,2.0,Living
MB-7249,75,Breast Conserving,Breast Cancer,Breast Invasive Ductal Carcinoma,Low,No,LumA,4.0,Positve,Positive,1,Gain,Negative,Ductal/NST,Yes,Post,8,Right,0.0,4.0,1.042,IDC,58.66666667,Deceased,Positive,Yes,57.89,Not Recurred,Female,ER+/HER2- Low Prolif,21.0,2.0,Died of Other Causes
MB-7250,48,Breast Conserving,Breast Cancer,Breast Invasive Ductal Carcinoma,Moderate,No,Her2,4.0,Negative,Negative,3,Gain,Positive,Ductal/NST,No,Pre,5,Right,0.0,10.0,4.0354,IDC,51.0,Deceased,Negative,Yes,10.36,Recurred,Female,ER+/HER2- Low Prolif,17.7,2.0,Died of Disease
MB-7251,54,Mastectomy,Breast Cancer,Breast Invasive Ductal Carcinoma,Moderate,No,Her2,4.0,Positve,Negative,3,Gain,Positive,Ductal/NST,Yes,Post,5,Right,5.0,1.0,6.03094,IDC,21.56666667,Deceased,Negative,No,19.47,Recurred,Female,ER+/HER2- Low Prolif,15.47,2.0,Died of Disease
MB-7252,74,Mastectomy,Breast Cancer,Breast Invasive Ductal Carcinoma,High,No,Her2,4.0,Positve,Negative,3,Gain,Negative,Ductal/NST,Yes,Post,5,Right,5.0,9.0,6.07,IDC,35.7,Deceased,Negative,No,32.4,Recurred,Female,ER+/HER2- Low Prolif,35.0,2.0,Died of Other Causes
MB-7253,69,Mastectomy,Breast Cancer,Breast Invasive Ductal Carcinoma,High,No,LumB,4.0,Positve,Positive,2,Neutral,Negative,Ductal/NST,Yes,Post,3,Right,0.0,3.0,3.05,IDC,59.96666667,Deceased,Negative,No,56.88,Recurred,Female,ER+/HER2- High Prolif,25.0,2.0,Died of Disease
MB-7254,62,Mastectomy,Breast Cancer,Breast Invasive Ductal Carcinoma,Moderate,No,LumA,4.0,Positve,Positive,2,Neutral,Negative,Ductal/NST,Yes,Post,8,Right,2.0,8.0,4.046,IDC,192.2,Living,Positive,No,189.67,Not Recurred,Female,ER+/HER2- High Prolif,23.0,2.0,Living
MB-7256,50,Breast Conserving,Breast Cancer,Breast Invasive Ductal Carcinoma,High,Yes,Her2,4.0,Negative,Negative,2,Gain,Positive,Ductal/NST,Yes,Post,5,Right,17.0,4.0,5.08,IDC,34.7,Deceased,Negative,Yes,27.63,Recurred,Female,ER+/HER2- High Prolif,40.0,1.0,Died of Disease
MB-7258,45,Breast Conserving,Breast Cancer,Breast Invasive Ductal Carcinoma,High,Yes,Basal,4.0,Negative,Negative,3,Neutral,Negative,Ductal/NST,Yes,Pre,10,Right,6.0,12.0,6.06,IDC,15.06666667,Deceased,Negative,Yes,9.87,Recurred,Female,ER+/HER2- High Prolif,30.0,1.0,Died of Disease
MB-7260,52,Breast Conserving,Breast Cancer,Breast Invasive Ductal Carcinoma,Moderate,Yes,Her2,4.0,Negative,Positive,3,Gain,Positive,Ductal/NST,No,Post,5,Right,7.0,9.0,6.0483,IDC,31.16666667,Living,Negative,Yes,30.76,Not Recurred,Female,ER+/HER2- High Prolif,24.15,1.0,Living
MB-7262,83,Breast Conserving,Breast Cancer,Breast Invasive Ductal Carcinoma,Moderate,No,Her2,4.0,Positve,Positive,3,Neutral,Negative,Ductal/NST,Yes,Post,9,Left,1.0,10.0,5.08,IDC,104.0333333,Deceased,Negative,No,102.66,Not Recurred,Female,ER+/HER2- High Prolif,40.0,1.0,Died of Other Causes
MB-7263,63,Breast Conserving,Breast Cancer,Breast Invasive Ductal Carcinoma,High,No,LumB,4.0,Positve,Positive,2,Gain,Negative,Ductal/NST,Yes,Post,9,Left,2.0,6.0,4.06,IDC,164.9666667,Deceased,Positive,Yes,97.6,Recurred,Female,ER+/HER2- High Prolif,30.0,1.0,Died of Other Causes
MB-7264,60,Breast Conserving,Breast Cancer,Breast Invasive Ductal Carcinoma,Moderate,No,Normal,4.0,Positve,Positive,3,Neutral,Negative,Ductal/NST,Yes,Post,9,Left,11.0,3.0,6.07,IDC,42.96666667,Deceased,Negative,Yes,22.11,Recurred,Female,ER+/HER2- Low Prolif,35.0,1.0,Died of Disease
MB-7266,59,Breast Conserving,Breast Cancer,Breast Invasive Ductal Carcinoma,Moderate,No,LumB,4.0,Positve,Positive,1,Neutral,Negative,Ductal/NST,Yes,Post,9,Left,1.0,4.0,3.08,IDC,68.16666667,Deceased,Positive,Yes,30.53,Recurred,Female,ER+/HER2- Low Prolif,40.0,1.0,Died of Disease
MB-7267,28,Mastectomy,Breast Cancer,Breast Invasive Ductal Carcinoma,Moderate,Yes,Basal,4.0,Negative,Negative,3,Gain,Negative,Ductal/NST,No,Pre,10,Left,3.0,7.0,5.041,IDC,195.3666667,Deceased,Negative,Yes,136.58,Recurred,Female,ER+/HER2- Low Prolif,20.5,1.0,Died of Other Causes
MB-7268,34,Mastectomy,Breast Cancer,Breast Invasive Ductal Carcinoma,Moderate,No,LumA,4.0,Positve,Positive,3,Loss,Negative,Ductal/NST,Yes,Pre,8,Left,1.0,6.0,5.1,IDC,227.4666667,Living,Positive,Yes,72.96,Recurred,Female,ER+/HER2- High Prolif,50.0,1.0,Living
MB-7269,36,Breast Conserving,Breast Cancer,Breast Invasive Ductal Carcinoma,Moderate,Yes,Basal,4.0,Negative,Negative,3,Gain,Negative,Ductal/NST,Yes,Pre,10,Left,2.0,4.0,5.05,IDC,21.16666667,Deceased,Negative,Yes,13.19,Recurred,Female,ER+/HER2- High Prolif,25.0,1.0,Died of Disease
MB-7270,50,Mastectomy,Breast Cancer,Breast Invasive Ductal Carcinoma,High,Yes,Basal,4.0,Negative,Negative,3,Neutral,Negative,Ductal/NST,No,Post,10,Left,1.0,8.0,5.032,IDC,175.1666667,Living,Negative,No,172.86,Not Recurred,Female,ER+/HER2- High Prolif,16.0,1.0,Living
MB-7273,47,Breast Conserving,Breast Cancer,Breast Invasive Lobular Carcinoma,High,Yes,Her2,4.0,Negative,Negative,3,Gain,Positive,Lobular,No,Pre,5,Left,1.0,5.0,5.04,ILC,208.2,Living,Negative,Yes,205.46,Not Recurred,Female,ER+/HER2- High Prolif,20.0,1.0,Living
MB-7275,30,Mastectomy,Breast Cancer,Breast Invasive Ductal Carcinoma,High,Yes,Her2,4.0,Negative,Negative,3,Gain,Positive,Ductal/NST,No,Pre,5,Left,3.0,8.0,5.04,IDC,44.4,Deceased,Positive,No,22.63,Recurred,Female,ER+/HER2- High Prolif,20.0,1.0,Died of Disease
MB-7276,61,Breast Conserving,Breast Cancer,Breast Invasive Ductal Carcinoma,High,No,LumA,4.0,Positve,Positive,1,Neutral,Negative,Ductal/NST,Yes,Post,8,Left,4.0,9.0,4.04,IDC,185.3333333,Living,Positive,Yes,182.89,Not Recurred,Female,ER+/HER2- Low Prolif,20.0,1.0,Living
MB-7277,56,Mastectomy,Breast Cancer,Breast Invasive Ductal Carcinoma,High,No,LumA,4.0,Positve,Positive,2,Neutral,Negative,Ductal/NST,Yes,Post,8,Left,3.0,3.0,4.06,IDC,187.0333333,Living,Positive,No,184.57,Not Recurred,Female,ER+/HER2- Low Prolif,30.0,1.0,Living
MB-7278,67,Mastectomy,Breast Cancer,Breast Invasive Ductal Carcinoma,High,No,LumA,4.0,Positve,Positive,2,Neutral,Negative,Ductal/NST,Yes,Post,3,Left,1.0,3.0,4.03,IDC,241.3,Deceased,Positive,No,238.13,Not Recurred,Female,ER+/HER2- Low Prolif,15.0,1.0,Died of Other Causes
MB-7279,86,Mastectomy,Breast Cancer,Breast Invasive Ductal Carcinoma,High,No,Her2,4.0,Positve,Positive,2,Gain,Negative,Ductal/NST,Yes,Post,9,Left,3.0,4.0,4.1,IDC,21.3,Deceased,Positive,No,19.08,Recurred,Female,ER+/HER2- Low Prolif,50.0,1.0,Died of Disease
MB-7280,63,Mastectomy,Breast Cancer,Breast Invasive Ductal Carcinoma,High,No,LumA,4.0,Positve,Positive,2,Neutral,Negative,Ductal/NST,Yes,Post,7,Left,6.0,6.0,5.08,IDC,195.5333333,Living,Positive,No,192.96,Not Recurred,Female,ER+/HER2- High Prolif,40.0,1.0,Living
MB-7281,51,Mastectomy,Breast Cancer,Breast Invasive Ductal Carcinoma,Moderate,Yes,Her2,4.0,Positve,Negative,3,Gain,Positive,Ductal/NST,Yes,Post,5,Left,3.0,3.0,5.032,IDC,49.53333333,Deceased,Negative,Yes,24.54,Recurred,Female,ER+/HER2- High Prolif,16.0,1.0,Died of Disease
MB-7283,54,Breast Conserving,Breast Cancer,Breast Invasive Lobular Carcinoma,Moderate,Yes,LumB,4.0,Positve,Positive,2,Loss,Negative,Lobular,Yes,Post,6,Left,33.0,10.0,5.06,ILC,28.86666667,Deceased,Negative,Yes,12.8,Recurred,Female,ER+/HER2- High Prolif,30.0,1.0,Died of Disease
MB-7284,61,Mastectomy,Breast Cancer,Breast Invasive Ductal Carcinoma,High,No,LumA,4.0,Positve,Positive,3,Neutral,Negative,Ductal/NST,Yes,Post,6,Right,1.0,5.0,5.03,IDC,203.0,Deceased,Negative,No,146.97,Recurred,Female,ER+/HER2- Low Prolif,15.0,1.0,Died of Other Causes
MB-7285,53,Breast Conserving,Breast Cancer,Breast Invasive Ductal Carcinoma,Moderate,No,claudin-low,4.0,Positve,Positive,2,Gain,Negative,Ductal/NST,Yes,Post,6,Right,3.0,1.0,4.04,IDC,109.0,Deceased,Positive,Yes,107.57,Recurred,Female,ER+/HER2- Low Prolif,20.0,1.0,Died of Disease
MB-7286,66,Mastectomy,Breast Cancer,Breast Invasive Ductal Carcinoma,High,No,LumB,4.0,Positve,Positive,3,Neutral,Negative,Ductal/NST,Yes,Post,3,Left,3.0,2.0,5.05,IDC,158.6333333,Deceased,Negative,No,156.55,Not Recurred,Female,ER+/HER2- High Prolif,25.0,1.0,Died of Other Causes
MB-7287,63,Mastectomy,Breast Cancer,Breast Invasive Ductal Carcinoma,Moderate,No,LumB,4.0,Positve,Positive,3,Gain,Positive,Ductal/NST,Yes,Post,5,Left,10.0,9.0,6.06,IDC,96.96666667,Deceased,Positive,No,63.29,Recurred,Female,ER+/HER2- High Prolif,30.0,1.0,Died of Disease
MB-7288,55,Breast Conserving,Breast Cancer,Breast Invasive Ductal Carcinoma,High,No,LumB,4.0,Positve,Positive,2,Neutral,Negative,Ductal/NST,Yes,Post,8,Left,8.0,2.0,5.06,IDC,27.06666667,Deceased,Negative,Yes,9.34,Recurred,Female,ER+/HER2- High Prolif,30.0,1.0,Died of Disease
MB-7289,51,Mastectomy,Breast Cancer,Breast Invasive Ductal Carcinoma,Moderate,No,Normal,4.0,Positve,Positive,2,Gain,Negative,Ductal/NST,Yes,Post,8,Left,5.0,5.0,5.13,IDC,126.6666667,Deceased,Positive,No,53.29,Recurred,Female,ER+/HER2- Low Prolif,65.0,1.0,Died of Disease
MB-7291,53,Mastectomy,Breast Cancer,Breast Invasive Ductal Carcinoma,High,No,claudin-low,4.0,Positve,Negative,3,Gain,Positive,Ductal/NST,Yes,Post,1,Left,22.0,4.0,6.1,IDC,6.833333333,Deceased,Negative,No,6.18,Recurred,Female,ER+/HER2- Low Prolif,50.0,1.0,Died of Disease
MB-7292,52,Breast Conserving,Breast Cancer,Breast Invasive Ductal Carcinoma,High,No,LumB,4.0,Positve,Positive,2,Gain,Negative,Ductal/NST,Yes,Post,6,Left,1.0,3.0,4.03,IDC,78.46666667,Deceased,Positive,Yes,32.76,Recurred,Female,ER+/HER2- High Prolif,15.0,1.0,Died of Disease
MB-7293,56,Mastectomy,Breast Cancer,Breast Invasive Ductal Carcinoma,High,No,LumA,4.0,Positve,Positive,3,Neutral,Negative,Ductal/NST,Yes,Post,3,Left,1.0,5.0,5.09,IDC,199.2333333,Living,Positive,No,196.61,Not Recurred,Female,ER+/HER2- Low Prolif,45.0,1.0,Living
MB-7294,59,Mastectomy,Breast Cancer,Breast Invasive Ductal Carcinoma,High,No,LumB,4.0,Positve,Positive,2,Gain,Negative,Ductal/NST,Yes,Post,1,Left,1.0,2.0,4.03,IDC,82.73333333,Deceased,Positive,No,81.64,Recurred,Female,ER+/HER2- High Prolif,15.0,1.0,Died of Disease
MB-7295,43,Breast Conserving,Breast Cancer,Breast Invasive Lobular Carcinoma,High,No,LumA,4.0,Positve,Positive,3,Neutral,Negative,Lobular,Yes,Pre,3,Right,1.0,4.0,5.05,ILC,196.8666667,Living,Positive,Yes,194.28,Not Recurred,Female,ER+/HER2- Low Prolif,25.0,1.0,Living
MB-7296,42,Mastectomy,Breast Cancer,Breast Invasive Ductal Carcinoma,High,No,LumB,4.0,Positve,Positive,3,Gain,Positive,Ductal/NST,No,Pre,5,Right,1.0,6.0,5.04,IDC,44.73333333,Deceased,Negative,Yes,16.09,Recurred,Female,ER+/HER2- Low Prolif,20.0,1.0,Died of Disease
MB-7297,62,Mastectomy,Breast Cancer,Breast Invasive Ductal Carcinoma,High,No,LumB,4.0,Positve,Positive,3,Neutral,Negative,Ductal/NST,Yes,Post,1,Left,45.0,4.0,6.05,IDC,175.9666667,Deceased,Positive,Yes,121.18,Recurred,Female,ER+/HER2- Low Prolif,25.0,1.0,Died of Disease
MB-7298,61,Mastectomy,Breast Cancer,Breast Invasive Ductal Carcinoma,Moderate,No,LumB,4.0,Positve,Positive,2,Neutral,Negative,Ductal/NST,Yes,Post,1,Left,12.0,15.0,5.05,IDC,86.23333333,Deceased,Positive,No,85.1,Not Recurred,Female,ER+/HER2- Low Prolif,25.0,1.0,Died of Other Causes
MB-7299,60,Breast Conserving,Breast Cancer,Breast Invasive Ductal Carcinoma,High,No,LumB,4.0,Positve,Positive,3,Neutral,Negative,Ductal/NST,Yes,Post,10,Left,1.0,3.0,5.04,IDC,201.9,Deceased,Negative,Yes,199.24,Not Recurred,Female,ER+/HER2- High Prolif,20.0,1.0,Died of Other Causes
MTS-T0035,55,Breast Conserving,Breast Cancer,Breast Invasive Ductal Carcinoma,High,No,LumB,1.0,Positve,Positive,2,Neutral,Negative,Ductal/NST,Yes,Post,10,Left,0.0,3.0,5.04,IDC,201.9,Deceased,Negative,Yes,64.67,Not Recurred,Female,ER+/HER2- High Prolif,13.0,1.0,Died of Other Causes
MTS-T0058,48,Breast Conserving,Breast Cancer,Breast Invasive Ductal Carcinoma,High,No,LumB,9.0,Positve,Positive,3,Neutral,Negative,Ductal/NST,Yes,Post,10,Left,1.0,4.0,2.62,IDC,201.9,Deceased,Negative,Yes,59.31,Not Recurred,Female,ER+/HER2- High Prolif,31.0,2.0,Died of Other Causes
MTS-T0059,82,Breast Conserving,Breast Cancer,Breast Invasive Ductal Carcinoma,High,No,LumB,9.0,Positve,Positive,2,Neutral,Negative,Ductal/NST,Yes,Post,10,Left,0.0,8.0,1.48,IDC,201.9,Deceased,Negative,Yes,49.34,Not Recurred,Female,ER+/HER2- High Prolif,24.0,2.0,Died of Other Causes
MTS-T0060,61,Breast Conserving,Breast Cancer,Invasive Breast Carcinoma,High,No,LumB,9.0,Positve,Positive,3,Neutral,Negative,Ductal/NST,Yes,Post,10,Left,0.0,6.0,1.98,BRCA,201.9,Deceased,Negative,Yes,23.49,Recurred,Female,ER+/HER2- High Prolif,49.0,2.0,Died of Other Causes
MTS-T0061,60,Breast Conserving,Breast Cancer,Breast Invasive Ductal Carcinoma,High,No,LumB,9.0,Positve,Positive,3,Neutral,Negative,Ductal/NST,Yes,Post,10,Left,0.0,6.0,1.38,IDC,201.9,Deceased,Negative,Yes,67.8,Not Recurred,Female,ER+/HER2- High Prolif,19.0,1.0,Died of Other Causes
MTS-T0062,58,Breast Conserving,Breast Cancer,Breast Invasive Ductal Carcinoma,High,No,LumB,9.0,Positve,Positive,3,Neutral,Negative,Ductal/NST,Yes,Post,10,Left,3.0,10.0,2.4,IDC,201.9,Deceased,Negative,Yes,65.76,Not Recurred,Female,ER+/HER2- High Prolif,20.0,2.0,Died of Other Causes
MTS-T0063,64,Breast Conserving,Breast Cancer,Breast Invasive Ductal Carcinoma,High,No,LumB,9.0,Negative,Negative,3,Neutral,Negative,Ductal/NST,Yes,Post,10,Left,0.0,6.0,1.3,IDC,201.9,Deceased,Negative,Yes,51.12,Not Recurred,Female,ER+/HER2- High Prolif,15.0,1.0,Died of Other Causes
MTS-T0064,63,Breast Conserving,Breast Cancer,Breast Invasive Ductal Carcinoma,High,No,LumB,9.0,Negative,Negative,3,Neutral,Negative,Ductal/NST,Yes,Post,10,Left,0.0,4.0,1.36,IDC,201.9,Deceased,Negative,Yes,47.57,Not Recurred,Female,ER+/HER2- High Prolif,18.0,1.0,Died of Other Causes
MTS-T0065,57,Breast Conserving,Breast Cancer,Breast Mixed Ductal and Lobular Carcinoma,High,No,LumB,9.0,Negative,Negative,3,Neutral,Negative,Mixed,Yes,Post,10,Left,0.0,7.0,1.36,MDLC,44.73333333,Deceased,Negative,Yes,0.86,Recurred,Female,ER+/HER2- High Prolif,18.0,1.0,Died of Other Causes
MTS-T0066,73,Breast Conserving,Breast Cancer,Breast Invasive Lobular Carcinoma,High,No,LumB,9.0,Negative,Negative,2,Neutral,Negative,Lobular,Yes,Post,10,Left,0.0,5.0,1.14,ILC,44.73333333,Deceased,Negative,Yes,84.47,Recurred,Female,ER+/HER2- High Prolif,7.0,1.0,Died of Other Causes
MTS-T0067,32,Breast Conserving,Breast Cancer,Breast Invasive Ductal Carcinoma,High,No,LumB,9.0,Negative,Negative,2,Neutral,Negative,Ductal/NST,Yes,Post,10,Left,1.0,1.0,1.14,IDC,44.73333333,Deceased,Negative,Yes,179.11,Not Recurred,Female,ER+/HER2- High Prolif,7.0,3.0,Died of Other Causes
MTS-T0068,66,Breast Conserving,Breast Cancer,Breast Invasive Ductal Carcinoma,High,No,LumB,9.0,Negative,Negative,3,Neutral,Negative,Ductal/NST,Yes,Post,10,Left,0.0,17.0,1.44,IDC,44.73333333,Deceased,Negative,Yes,47.6,Recurred,Female,ER+/HER2- High Prolif,22.0,2.0,Died of Other Causes
MTS-T0069,78,Breast Conserving,Breast Cancer,Breast Invasive Ductal Carcinoma,High,No,LumB,9.0,Negative,Negative,2,Neutral,Negative,Ductal/NST,Yes,Post,10,Left,2.0,1.0,2.52,IDC,44.73333333,Deceased,Negative,Yes,0.33,Not Recurred,Female,ER+/HER2- High Prolif,26.0,2.0,Died of Other Causes
MTS-T0070,76,Breast Conserving,Breast Cancer,Breast Invasive Ductal Carcinoma,High,No,LumB,9.0,Negative,Negative,3,Neutral,Negative,Ductal/NST,Yes,Post,10,Left,1.0,5.0,2.9,IDC,44.73333333,Deceased,Negative,Yes,35.36,Recurred,Female,ER+/HER2- High Prolif,45.0,2.0,Died of Other Causes
MTS-T0071,64,Breast Conserving,Breast Cancer,Breast Invasive Ductal Carcinoma,High,No,LumB,9.0,Negative,Negative,3,Neutral,Negative,Ductal/NST,Yes,Post,10,Left,1.0,2.0,2.36,IDC,44.73333333,Deceased,Negative,Yes,24.21,Recurred,Female,ER+/HER2- High Prolif,18.0,2.0,Died of Other Causes
MTS-T0072,51,Breast Conserving,Breast Cancer,Breast Invasive Ductal Carcinoma,High,No,LumB,9.0,Negative,Negative,3,Neutral,Negative,Ductal/NST,Yes,Post,10,Left,1.0,5.0,1.44,IDC,44.73333333,Deceased,Negative,Yes,26.35,Not Recurred,Female,ER+/HER2- High Prolif,22.0,2.0,Died of Other Causes
MTS-T0073,53,Breast Conserving,Breast Cancer,Breast Invasive Ductal Carcinoma,High,No,LumB,9.0,Negative,Negative,2,Neutral,Negative,Ductal/NST,Yes,Post,10,Left,1.0,2.0,1.44,IDC,44.73333333,Deceased,Negative,Yes,42.83,Not Recurred,Female,ER+/HER2- High Prolif,36.0,2.0,Died of Other Causes
MTS-T0074,59,Breast Conserving,Breast Cancer,Breast Mixed Ductal and Lobular Carcinoma,High,No,LumB,9.0,Negative,Negative,2,Neutral,Negative,Mixed,Yes,Post,10,Left,0.0,7.0,1.42,MDLC,44.73333333,Deceased,Negative,Yes,68.85,Not Recurred,Female,ER+/HER2- High Prolif,21.0,2.0,Died of Other Causes
MTS-T0075,51,Breast Conserving,Breast Cancer,Breast Invasive Lobular Carcinoma,High,No,LumB,9.0,Negative,Negative,2,Neutral,Negative,Lobular,Yes,Post,10,Left,0.0,1.0,1.42,ILC,27.06666667,Deceased,Negative,Yes,215.86,Not Recurred,Female,ER+/HER2- High Prolif,21.0,2.0,Died of Other Causes
MTS-T0076,80,Breast Conserving,Breast Cancer,Breast Invasive Lobular Carcinoma,High,No,LumB,9.0,Negative,Negative,3,Neutral,Negative,Lobular,Yes,Post,10,Left,7.0,2.0,3.8,ILC,27.06666667,Deceased,Negative,Yes,68.55,Not Recurred,Female,ER+/HER2- High Prolif,40.0,3.0,Died of Other Causes
MTS-T0077,78,Breast Conserving,Breast Cancer,Breast Mixed Ductal and Lobular Carcinoma,High,No,LumB,9.0,Negative,Negative,3,Neutral,Negative,Mixed,Yes,Post,10,Left,10.0,7.0,3.6,MDLC,27.06666667,Deceased,Negative,Yes,61.97,Not Recurred,Female,ER+/HER2- High Prolif,30.0,2.0,Died of Other Causes
MTS-T0078,70,Breast Conserving,Breast Cancer,Breast Invasive Lobular Carcinoma,High,No,LumB,9.0,Negative,Negative,2,Neutral,Negative,Lobular,Yes,Post,10,Left,0.0,2.0,2.8,ILC,27.06666667,Deceased,Negative,Yes,51.45,Not Recurred,Female,ER+/HER2- High Prolif,90.0,2.0,Died of Other Causes
MTS-T0079,78,Breast Conserving,Breast Cancer,Breast Invasive Lobular Carcinoma,High,No,LumB,9.0,Negative,Negative,3,Neutral,Negative,Lobular,Yes,Post,10,Left,30.0,4.0,4.5,ILC,27.06666667,Deceased,Negative,Yes,12.01,Recurred,Female,ER+/HER2- High Prolif,75.0,3.0,Died of Other Causes
MTS-T0080,59,Breast Conserving,Breast Cancer,Breast Invasive Lobular Carcinoma,High,No,LumB,9.0,Negative,Negative,2,Neutral,Negative,Lobular,Yes,Post,10,Left,0.0,1.0,1.16,ILC,27.06666667,Deceased,Negative,Yes,55.03,Not Recurred,Female,ER+/HER2- High Prolif,8.0,1.0,Died of Other Causes
MTS-T0081,76,Breast Conserving,Breast Cancer,Breast Invasive Lobular Carcinoma,High,No,LumB,9.0,Negative,Negative,2,Neutral,Negative,Lobular,Yes,Post,10,Left,0.0,4.0,2.02,ILC,27.06666667,Deceased,Negative,Yes,57.53,Not Recurred,Female,ER+/HER2- High Prolif,51.0,3.0,Died of Other Causes
MTS-T0082,75,Breast Conserving,Breast Cancer,Breast Invasive Lobular Carcinoma,High,No,LumB,9.0,Negative,Negative,2,Neutral,Negative,Lobular,Yes,Post,10,Left,1.0,2.0,3.38,ILC,27.06666667,Deceased,Negative,Yes,40.13,Not Recurred,Female,ER+/HER2- High Prolif,69.0,3.0,Died of Other Causes
MTS-T0083,54,Breast Conserving,Breast Cancer,Breast Invasive Lobular Carcinoma,High,No,LumB,9.0,Negative,Negative,2,Neutral,Negative,Lobular,Yes,Post,10,Left,0.0,4.0,2.02,ILC,27.06666667,Deceased,Negative,Yes,43.88,Not Recurred,Female,ER+/HER2- High Prolif,51.0,2.0,Died of Other Causes
MTS-T0084,87,Breast Conserving,Breast Cancer,Breast Invasive Lobular Carcinoma,High,No,LumB,9.0,Negative,Negative,2,Neutral,Negative,Lobular,Yes,Post,10,Left,0.0,3.0,2.02,ILC,27.06666667,Deceased,Negative,Yes,50.07,Not Recurred,Female,ER+/HER2- High Prolif,51.0,2.0,Died of Other Causes
MTS-T0085,67,Breast Conserving,Breast Cancer,Breast Invasive Lobular Carcinoma,High,No,LumB,9.0,Negative,Negative,2,Neutral,Negative,Lobular,Yes,Post,10,Left,3.0,3.0,2.5,ILC,27.06666667,Deceased,Negative,Yes,45.13,Not Recurred,Female,ER+/HER2- High Prolif,25.0,2.0,Died of Other Causes
MTS-T0086,64,Breast Conserving,Breast Cancer,Breast Invasive Lobular Carcinoma,High,No,LumB,9.0,Positve,Positive,2,Neutral,Negative,Lobular,Yes,Post,10,Left,1.0,7.0,2.5,ILC,27.06666667,Deceased,Negative,Yes,44.14,Not Recurred,Female,ER+/HER2- High Prolif,27.0,2.0,Died of Other Causes
MTS-T0087,42,Breast Conserving,Breast Cancer,Breast Mixed Ductal and Lobular Carcinoma,High,No,LumB,9.0,Positve,Positive,2,Neutral,Negative,Mixed,Yes,Post,10,Left,4.0,3.0,3.94,MDLC,27.06666667,Deceased,Negative,Yes,39.38,Not Recurred,Female,ER+/HER2- High Prolif,47.0,2.0,Died of Other Causes
MTS-T0088,89,Breast Conserving,Breast Cancer,Breast Invasive Lobular Carcinoma,High,No,LumB,9.0,Positve,Positive,2,Neutral,Negative,Lobular,Yes,Post,10,Left,0.0,3.0,1.7,ILC,27.06666667,Deceased,Negative,Yes,23.98,Not Recurred,Female,ER+/HER2- High Prolif,35.0,2.0,Died of Other Causes
MTS-T0089,70,Breast Conserving,Breast Cancer,Breast Invasive Lobular Carcinoma,High,No,LumB,9.0,Positve,Positive,2,Neutral,Negative,Lobular,Yes,Post,10,Left,0.0,3.0,1.84,ILC,27.06666667,Deceased,Negative,Yes,33.36,Not Recurred,Female,ER+/HER2- High Prolif,42.0,2.0,Died of Other Causes
MTS-T0090,49,Breast Conserving,Breast Cancer,Breast Invasive Ductal Carcinoma,High,No,LumB,9.0,Positve,Positive,2,Neutral,Negative,Ductal/NST,Yes,Post,10,Left,2.0,5.0,1.84,IDC,27.06666667,Deceased,Negative,Yes,24.7,Not Recurred,Female,ER+/HER2- High Prolif,24.0,2.0,Died of Other Causes
MTS-T0091,65,Breast Conserving,Breast Cancer,Breast Invasive Lobular Carcinoma,High,No,LumB,9.0,Positve,Positive,2,Neutral,Negative,Lobular,Yes,Post,10,Left,0.0,3.0,1.36,ILC,27.06666667,Deceased,Negative,Yes,19.01,Not Recurred,Female,ER+/HER2- High Prolif,18.0,1.0,Died of Other Causes
MTS-T0092,52,Breast Conserving,Breast Cancer,Breast Invasive Ductal Carcinoma,High,No,LumB,9.0,Positve,Positive,2,Neutral,Negative,Ductal/NST,Yes,Post,10,Left,0.0,8.0,1.6,IDC,27.06666667,Deceased,Negative,Yes,18.95,Not Recurred,Female,ER+/HER2- High Prolif,30.0,2.0,Died of Other Causes
MTS-T0093,73,Breast Conserving,Breast Cancer,Breast Invasive Lobular Carcinoma,High,No,LumB,9.0,Positve,Positive,2,Neutral,Negative,Lobular,Yes,Post,10,Left,0.0,2.0,1.72,ILC,27.06666667,Deceased,Negative,Yes,25.89,Not Recurred,Female,ER+/HER2- High Prolif,36.0,2.0,Died of Other Causes
MTS-T0094,83,Breast Conserving,Breast Cancer,Breast Invasive Lobular Carcinoma,High,No,LumB,9.0,Positve,Positive,2,Neutral,Negative,Lobular,Yes,Post,10,Left,0.0,6.0,1.4,ILC,27.06666667,Deceased,Negative,Yes,20.63,Not Recurred,Female,ER+/HER2- High Prolif,20.0,1.0,Died of Other Causes
MTS-T0095,62,Breast Conserving,Breast Cancer,Breast Invasive Lobular Carcinoma,High,No,LumB,9.0,Positve,Positive,2,Neutral,Negative,Lobular,Yes,Post,10,Left,5.0,7.0,1.4,ILC,27.06666667,Deceased,Negative,Yes,10.03,Not Recurred,Female,ER+/HER2- High Prolif,88.0,1.0,Died of Other Causes
MTS-T0131,36,Breast Conserving,Breast Cancer,Breast Invasive Ductal Carcinoma,High,No,LumB,7.0,Negative,Negative,2,Neutral,Negative,Ductal/NST,Yes,Post,10,Left,7.0,1.0,1.4,IDC,27.06666667,Deceased,Negative,Yes,10.03,Not Recurred,Female,ER+/HER2- High Prolif,88.0,1.0,Died of Other Causes
MTS-T0132,64,Breast Conserving,Breast Cancer,Breast Invasive Lobular Carcinoma,High,No,LumB,7.0,Positve,Positive,2,Neutral,Negative,Lobular,Yes,Post,10,Left,7.0,1.0,1.4,ILC,27.06666667,Deceased,Negative,Yes,10.03,Not Recurred,Female,ER+/HER2- High Prolif,88.0,1.0,Died of Other Causes
MTS-T0133,53,Breast Conserving,Breast Cancer,Invasive Breast Carcinoma,High,No,LumB,7.0,Negative,Negative,2,Neutral,Negative,Lobular,Yes,Post,10,Left,7.0,3.0,1.4,BRCA,27.06666667,Deceased,Negative,Yes,10.03,Recurred,Female,ER+/HER2- High Prolif,88.0,1.0,Died of Other Causes
MTS-T0134,40,Breast Conserving,Breast Cancer,Breast Invasive Ductal Carcinoma,High,No,LumB,7.0,Positve,Positive,3,Neutral,Negative,Ductal/NST,Yes,Post,10,Left,7.0,2.0,1.4,IDC,27.06666667,Deceased,Negative,Yes,10.03,Not Recurred,Female,ER+/HER2- High Prolif,88.0,1.0,Died of Other Causes
MTS-T0135,59,Breast Conserving,Breast Cancer,Breast Invasive Lobular Carcinoma,High,No,LumB,7.0,Positve,Positive,2,Neutral,Negative,Lobular,Yes,Post,10,Left,7.0,1.0,1.4,ILC,27.06666667,Deceased,Negative,Yes,10.03,Not Recurred,Female,ER+/HER2- High Prolif,88.0,1.0,Died of Other Causes
MTS-T0136,46,Breast Conserving,Breast Cancer,Invasive Breast Carcinoma,High,No,LumB,7.0,Positve,Positive,2,Neutral,Negative,Lobular,Yes,Post,10,Left,7.0,4.0,1.4,BRCA,27.06666667,Deceased,Negative,Yes,10.03,Not Recurred,Female,ER+/HER2- High Prolif,88.0,1.0,Died of Other Causes
MTS-T0137,41,Breast Conserving,Breast Cancer,Breast Invasive Ductal Carcinoma,High,No,LumB,7.0,Positve,Positive,2,Neutral,Negative,Ductal/NST,Yes,Post,10,Left,7.0,4.0,1.4,IDC,27.06666667,Deceased,Negative,Yes,10.03,Not Recurred,Female,ER+/HER2- High Prolif,88.0,1.0,Died of Other Causes
MTS-T0138,54,Breast Conserving,Breast Cancer,Breast Invasive Ductal Carcinoma,High,No,LumB,7.0,Positve,Positive,3,Neutral,Negative,Ductal/NST,Yes,Post,10,Left,7.0,5.0,1.4,IDC,27.06666667,Deceased,Negative,Yes,10.03,Not Recurred,Female,ER+/HER2- High Prolif,88.0,1.0,Died of Other Causes
MTS-T0139,70,Breast Conserving,Breast Cancer,Breast Invasive Ductal Carcinoma,High,No,LumB,7.0,Negative,Negative,2,Neutral,Negative,Ductal/NST,Yes,Post,10,Left,7.0,6.0,1.4,IDC,27.06666667,Deceased,Negative,Yes,10.03,Recurred,Female,ER+/HER2- High Prolif,88.0,1.0,Died of Other Causes
MTS-T0140,45,Breast Conserving,Breast Cancer,Invasive Breast Carcinoma,High,No,LumB,7.0,Positve,Positive,2,Neutral,Negative,Ductal/NST,Yes,Post,10,Left,7.0,6.0,1.4,BRCA,27.06666667,Deceased,Negative,Yes,10.03,Not Recurred,Female,ER+/HER2- High Prolif,88.0,1.0,Died of Other Causes
MTS-T0141,64,Breast Conserving,Breast Cancer,Breast Invasive Ductal Carcinoma,High,No,LumB,7.0,Positve,Positive,3,Neutral,Negative,Ductal/NST,Yes,Post,10,Left,7.0,6.0,1.4,IDC,27.06666667,Deceased,Negative,Yes,10.03,Not Recurred,Female,ER+/HER2- High Prolif,88.0,1.0,Died of Other Causes
MTS-T0142,35,Breast Conserving,Breast Cancer,Breast Invasive Ductal Carcinoma,High,No,LumB,7.0,Positve,Positive,3,Neutral,Negative,Ductal/NST,Yes,Post,10,Left,7.0,2.0,1.4,IDC,27.06666667,Deceased,Negative,Yes,10.03,Not Recurred,Female,ER+/HER2- High Prolif,88.0,1.0,Died of Other Causes
MTS-T0143,51,Breast Conserving,Breast Cancer,Invasive Breast Carcinoma,High,No,LumB,7.0,Positve,Positive,3,Neutral,Negative,Ductal/NST,Yes,Post,10,Left,7.0,3.0,1.4,BRCA,27.06666667,Deceased,Negative,Yes,10.03,Not Recurred,Female,ER+/HER2- High Prolif,88.0,1.0,Died of Other Causes
MTS-T0144,43,Breast Conserving,Breast Cancer,Breast Invasive Ductal Carcinoma,High,No,LumB,7.0,Positve,Positive,2,Neutral,Negative,Ductal/NST,Yes,Post,10,Left,7.0,1.0,1.4,IDC,27.06666667,Deceased,Negative,Yes,10.03,Not Recurred,Female,ER+/HER2- High Prolif,88.0,1.0,Died of Other Causes
MTS-T0145,49,Breast Conserving,Breast Cancer,Breast Invasive Ductal Carcinoma,High,No,LumB,7.0,Negative,Negative,2,Neutral,Negative,Ductal/NST,Yes,Post,10,Left,7.0,5.0,1.4,IDC,27.06666667,Deceased,Negative,Yes,10.03,Recurred,Female,ER+/HER2- High Prolif,88.0,1.0,Died of Other Causes
MTS-T0146,67,Breast Conserving,Breast Cancer,Breast Invasive Ductal Carcinoma,High,No,LumB,7.0,Negative,Negative,3,Neutral,Negative,Ductal/NST,Yes,Post,10,Left,7.0,9.0,1.4,IDC,27.06666667,Deceased,Negative,Yes,10.03,Recurred,Female,ER+/HER2- High Prolif,88.0,1.0,Died of Other Causes
MTS-T0147,52,Breast Conserving,Breast Cancer,Breast Invasive Ductal Carcinoma,High,No,LumB,7.0,Positve,Positive,3,Neutral,Negative,Ductal/NST,Yes,Post,10,Left,7.0,1.0,1.4,IDC,27.06666667,Deceased,Negative,Yes,10.03,Not Recurred,Female,ER+/HER2- High Prolif,88.0,1.0,Died of Other Causes
MTS-T0148,56,Breast Conserving,Breast Cancer,Breast Invasive Ductal Carcinoma,High,No,LumB,7.0,Negative,Negative,3,Neutral,Negative,Ductal/NST,Yes,Post,10,Left,7.0,6.0,1.4,IDC,27.06666667,Deceased,Negative,Yes,10.03,Not Recurred,Female,ER+/HER2- High Prolif,88.0,1.0,Died of Other Causes
MTS-T0149,35,Breast Conserving,Breast Cancer,Breast Invasive Ductal Carcinoma,High,No,LumB,7.0,Positve,Positive,3,Neutral,Negative,Ductal/NST,Yes,Post,10,Left,7.0,1.0,1.4,IDC,27.06666667,Deceased,Negative,Yes,10.03,Not Recurred,Female,ER+/HER2- High Prolif,88.0,1.0,Died of Other Causes
MTS-T0150,38,Breast Conserving,Breast Cancer,Breast Invasive Lobular Carcinoma,High,No,LumB,7.0,Positve,Positive,2,Neutral,Negative,Lobular,Yes,Post,10,Left,7.0,3.0,1.4,ILC,27.06666667,Deceased,Negative,Yes,10.03,Recurred,Female,ER+/HER2- High Prolif,88.0,1.0,Died of Other Causes
MTS-T0151,53,Breast Conserving,Breast Cancer,Breast Invasive Ductal Carcinoma,High,No,LumB,7.0,Positve,Positive,3,Neutral,Negative,Ductal/NST,Yes,Post,10,Left,7.0,3.0,1.4,IDC,27.06666667,Deceased,Negative,Yes,2.89,Not Recurred,Female,ER+/HER2- High Prolif,88.0,1.0,Died of Other Causes
MTS-T0152,45,Breast Conserving,Breast Cancer,Breast Invasive Ductal Carcinoma,High,No,LumB,7.0,Positve,Positive,2,Neutral,Negative,Ductal/NST,Yes,Post,10,Left,7.0,4.0,3.94,IDC,27.06666667,Deceased,Negative,Yes,2.89,Not Recurred,Female,ER+/HER2- High Prolif,88.0,1.0,Died of Other Causes
MTS-T0153,58,Breast Conserving,Breast Cancer,Breast Mixed Ductal and Lobular Carcinoma,High,No,LumB,7.0,Positve,Positive,2,Neutral,Negative,Mixed,Yes,Post,10,Left,7.0,1.0,3.94,MDLC,27.06666667,Deceased,Negative,Yes,2.89,Recurred,Female,ER+/HER2- High Prolif,88.0,1.0,Died of Other Causes
MTS-T0154,58,Breast Conserving,Breast Cancer,Breast Invasive Ductal Carcinoma,High,No,LumB,7.0,Positve,Positive,3,Neutral,Negative,Ductal/NST,Yes,Post,10,Left,7.0,4.0,3.94,IDC,27.06666667,Deceased,Negative,Yes,2.89,Not Recurred,Female,ER+/HER2- High Prolif,88.0,1.0,Died of Other Causes
MTS-T0155,43,Breast Conserving,Breast Cancer,Breast Invasive Ductal Carcinoma,High,No,LumB,7.0,Positve,Positive,3,Neutral,Negative,Ductal/NST,Yes,Post,10,Left,7.0,1.0,3.94,IDC,27.06666667,Deceased,Negative,Yes,2.89,Not Recurred,Female,ER+/HER2- High Prolif,88.0,1.0,Died of Other Causes
MTS-T0156,49,Breast Conserving,Breast Cancer,Breast Invasive Lobular Carcinoma,High,No,LumB,7.0,Positve,Positive,2,Neutral,Negative,Lobular,Yes,Post,10,Left,7.0,4.0,3.94,ILC,27.06666667,Deceased,Negative,Yes,2.89,Not Recurred,Female,ER+/HER2- High Prolif,88.0,1.0,Died of Other Causes
MTS-T0157,62,Breast Conserving,Breast Cancer,Invasive Breast Carcinoma,High,No,LumB,7.0,Negative,Negative,3,Neutral,Negative,Lobular,Yes,Post,10,Left,7.0,11.0,3.94,BRCA,27.06666667,Deceased,Negative,Yes,2.89,Not Recurred,Female,ER+/HER2- High Prolif,88.0,1.0,Died of Other Causes
MTS-T0158,46,Breast Conserving,Breast Cancer,Invasive Breast Carcinoma,High,No,LumB,7.0,Positve,Positive,2,Neutral,Negative,Lobular,Yes,Post,10,Left,7.0,9.0,3.94,BRCA,27.06666667,Deceased,Negative,Yes,2.89,Not Recurred,Female,ER+/HER2- High Prolif,88.0,1.0,Died of Other Causes
MTS-T0159,75,Breast Conserving,Breast Cancer,Invasive Breast Carcinoma,High,No,LumB,7.0,Negative,Negative,2,Neutral,Negative,Lobular,Yes,Post,10,Left,7.0,9.0,3.94,BRCA,27.06666667,Deceased,Negative,Yes,2.89,Not Recurred,Female,ER+/HER2- High Prolif,88.0,1.0,Died of Other Causes
MTS-T0160,36,Breast Conserving,Breast Cancer,Invasive Breast Carcinoma,High,No,LumB,7.0,Negative,Negative,3,Neutral,Negative,Lobular,Yes,Post,10,Left,7.0,4.0,3.94,BRCA,27.06666667,Deceased,Negative,Yes,2.89,Recurred,Female,ER+/HER2- High Prolif,88.0,1.0,Died of Other Causes
MTS-T0161,39,Breast Conserving,Breast Cancer,Invasive Breast Carcinoma,High,No,LumB,6.0,Positve,Positive,2,Neutral,Negative,Lobular,Yes,Post,10,Left,17.0,2.0,5.6,BRCA,27.06666667,Deceased,Negative,Yes,2.89,Recurred,Female,ER+/HER2- High Prolif,30.0,1.0,Died of Other Causes
MTS-T0163,50,Breast Conserving,Breast Cancer,Breast Invasive Ductal Carcinoma,High,No,LumB,6.0,Positve,Positive,3,Neutral,Negative,Ductal/NST,Yes,Post,10,Left,15.0,2.0,7.06,IDC,27.06666667,Deceased,Negative,Yes,2.89,Recurred,Female,ER+/HER2- High Prolif,53.0,0.0,Died of Other Causes
MTS-T0164,73,Breast Conserving,Breast Cancer,Breast Invasive Ductal Carcinoma,High,No,LumB,6.0,Positve,Positive,1,Neutral,Negative,Ductal/NST,Yes,Post,10,Left,0.0,2.0,2.26,IDC,27.06666667,Deceased,Negative,Yes,2.89,Recurred,Female,ER+/HER2- High Prolif,13.0,1.0,Died of Other Causes
MTS-T0165,56,Breast Conserving,Breast Cancer,Breast Invasive Ductal Carcinoma,High,No,LumB,1.0,Positve,Positive,2,Neutral,Negative,Ductal/NST,Yes,Post,10,Left,6.0,5.0,7.0,IDC,27.06666667,Deceased,Negative,Yes,2.89,Recurred,Female,ER+/HER2- High Prolif,100.0,3.0,Died of Other Causes
MTS-T0166,44,Breast Conserving,Breast Cancer,Breast Invasive Ductal Carcinoma,High,No,LumB,1.0,Positve,Positive,2,Neutral,Negative,Ductal/NST,Yes,Post,10,Left,0.0,4.0,3.2,IDC,27.06666667,Deceased,Negative,Yes,226.97,Not Recurred,Female,ER+/HER2- High Prolif,10.0,1.0,Died of Other Causes
MTS-T0167,58,Breast Conserving,Breast Cancer,Breast Invasive Ductal Carcinoma,High,No,LumB,1.0,Positve,Positive,2,Neutral,Negative,Ductal/NST,Yes,Post,10,Left,0.0,6.0,3.44,IDC,27.06666667,Deceased,Negative,Yes,223.03,Not Recurred,Female,ER+/HER2- High Prolif,22.0,1.0,Died of Other Causes
MTS-T0168,57,Breast Conserving,Breast Cancer,Breast Invasive Ductal Carcinoma,High,No,LumB,1.0,Positve,Positive,2,Neutral,Negative,Ductal/NST,Yes,Post,10,Left,0.0,3.0,3.4,IDC,27.06666667,Deceased,Negative,Yes,42.24,Recurred,Female,ER+/HER2- High Prolif,20.0,1.0,Died of Other Causes
MTS-T0169,50,Breast Conserving,Breast Cancer,Breast Invasive Ductal Carcinoma,High,No,LumB,1.0,Positve,Positive,2,Neutral,Negative,Ductal/NST,Yes,Post,10,Left,0.0,5.0,3.26,IDC,27.06666667,Deceased,Negative,Yes,217.11,Not Recurred,Female,ER+/HER2- High Prolif,13.0,1.0,Died of Other Causes
MTS-T0170,40,Breast Conserving,Breast Cancer,Breast Invasive Ductal Carcinoma,High,No,LumB,1.0,Positve,Positive,2,Neutral,Negative,Ductal/NST,Yes,Post,10,Left,1.0,3.0,4.7,IDC,27.06666667,Deceased,Negative,Yes,27.63,Recurred,Female,ER+/HER2- High Prolif,35.0,2.0,Died of Other Causes
MTS-T0171,51,Breast Conserving,Breast Cancer,Breast Invasive Ductal Carcinoma,High,No,LumB,1.0,Positve,Positive,3,Neutral,Negative,Ductal/NST,Yes,Post,10,Left,1.0,3.0,5.3,IDC,27.06666667,Deceased,Negative,Yes,201.32,Not Recurred,Female,ER+/HER2- High Prolif,15.0,2.0,Died of Other Causes
MTS-T0172,32,Breast Conserving,Breast Cancer,Breast Invasive Ductal Carcinoma,High,No,LumB,1.0,Negative,Negative,3,Neutral,Negative,Ductal/NST,Yes,Post,10,Left,0.0,2.0,4.14,IDC,27.06666667,Deceased,Negative,Yes,187.5,Not Recurred,Female,ER+/HER2- High Prolif,7.0,1.0,Died of Other Causes
MTS-T0173,64,Breast Conserving,Breast Cancer,Breast Invasive Ductal Carcinoma,High,No,LumB,1.0,Positve,Positive,3,Neutral,Negative,Ductal/NST,Yes,Post,10,Left,0.0,6.0,4.64,IDC,27.06666667,Deceased,Negative,Yes,56.55,Not Recurred,Female,ER+/HER2- High Prolif,32.0,1.0,Died of Other Causes
MTS-T0174,38,Breast Conserving,Breast Cancer,Breast Invasive Lobular Carcinoma,High,No,LumB,1.0,Positve,Positive,1,Neutral,Negative,Lobular,Yes,Post,10,Left,0.0,3.0,2.24,ILC,27.06666667,Deceased,Negative,Yes,39.47,Recurred,Female,ER+/HER2- High Prolif,12.0,1.0,Died of Other Causes
MTS-T0175,50,Breast Conserving,Breast Cancer,Breast Mixed Ductal and Lobular Carcinoma,High,No,LumB,1.0,Negative,Negative,3,Neutral,Negative,Mixed,Yes,Post,10,Left,3.0,3.0,5.38,MDLC,27.06666667,Deceased,Negative,Yes,17.37,Recurred,Female,ER+/HER2- High Prolif,19.0,2.0,Died of Other Causes
MTS-T0177,65,Breast Conserving,Breast Cancer,Breast Invasive Lobular Carcinoma,High,No,LumB,1.0,Negative,Negative,3,Neutral,Negative,Lobular,Yes,Post,10,Left,0.0,2.0,4.36,ILC,27.06666667,Deceased,Negative,Yes,162.83,Not Recurred,Female,ER+/HER2- High Prolif,18.0,1.0,Died of Other Causes
MTS-T0178,54,Breast Conserving,Breast Cancer,Breast Invasive Ductal Carcinoma,High,No,LumB,1.0,Positve,Positive,3,Neutral,Negative,Ductal/NST,Yes,Post,10,Left,2.0,5.0,5.5,IDC,27.06666667,Deceased,Negative,Yes,23.68,Recurred,Female,ER+/HER2- High Prolif,25.0,2.0,Died of Other Causes
MTS-T0179,62,Breast Conserving,Breast Cancer,Breast Invasive Ductal Carcinoma,Moderate,No,LumB,1.0,Negative,Negative,1,Neutral,Negative,Other,Yes,Post,10,Left,0.0,1.0,2.3,BREAST,27.06666667,Deceased,Negative,Yes,213.16,Not Recurred,Female,ER+/HER2- High Prolif,15.0,1.0,Died of Other Causes
MTS-T0180,52,Breast Conserving,Breast Cancer,Breast Invasive Ductal Carcinoma,Moderate,No,LumB,1.0,Negative,Negative,3,Neutral,Negative,Ductal/NST,Yes,Post,10,Left,0.0,6.0,4.3,IDC,27.06666667,Deceased,Negative,Yes,151.97,Recurred,Female,ER+/HER2- High Prolif,15.0,1.0,Died of Other Causes
MTS-T0181,54,Breast Conserving,Breast Cancer,Breast Invasive Ductal Carcinoma,Moderate,No,LumB,1.0,Negative,Negative,1,Neutral,Negative,Ductal/NST,Yes,Post,10,Left,0.0,5.0,2.4,IDC,27.06666667,Deceased,Negative,Yes,237.83,Not Recurred,Female,ER+/HER2- High Prolif,20.0,1.0,Died of Other Causes
MTS-T0182,50,Breast Conserving,Breast Cancer,Breast Mixed Ductal and Lobular Carcinoma,Moderate,No,LumB,1.0,Negative,Negative,3,Neutral,Negative,Mixed,Yes,Post,10,Left,2.0,2.0,5.6,MDLC,27.06666667,Deceased,Negative,Yes,230.92,Not Recurred,Female,ER+/HER2- High Prolif,30.0,2.0,Died of Other Causes
MTS-T0183,39,Breast Conserving,Breast Cancer,Breast Invasive Lobular Carcinoma,Moderate,No,LumB,1.0,Negative,Negative,3,Neutral,Negative,Lobular,Yes,Post,10,Left,1.0,6.0,5.3,ILC,27.06666667,Deceased,Negative,Yes,189.47,Not Recurred,Female,ER+/HER2- High Prolif,15.0,2.0,Died of Other Causes
MTS-T0184,47,Breast Conserving,Breast Cancer,Breast Invasive Ductal Carcinoma,Moderate,No,LumB,1.0,Negative,Negative,3,Neutral,Negative,Ductal/NST,Yes,Post,10,Left,3.0,5.0,5.9,IDC,27.06666667,Deceased,Negative,Yes,7.5,Recurred,Female,ER+/HER2- High Prolif,45.0,2.0,Died of Other Causes
MTS-T0185,50,Breast Conserving,Breast Cancer,Breast Invasive Ductal Carcinoma,Moderate,No,LumB,1.0,Positve,Positive,3,Neutral,Negative,Ductal/NST,Yes,Post,10,Left,0.0,3.0,4.46,IDC,27.06666667,Deceased,Negative,Yes,2.37,Recurred,Female,ER+/HER2- High Prolif,23.0,1.0,Died of Other Causes
MTS-T0186,41,Breast Conserving,Breast Cancer,Breast Mixed Ductal and Lobular Carcinoma,Moderate,No,LumB,1.0,Negative,Negative,3,Neutral,Negative,Mixed,Yes,Post,10,Left,5.0,4.0,6.84,MDLC,27.06666667,Deceased,Negative,Yes,10.26,Recurred,Female,ER+/HER2- High Prolif,42.0,3.0,Died of Other Causes
MTS-T0187,47,Breast Conserving,Breast Cancer,Breast Invasive Ductal Carcinoma,Moderate,No,LumB,1.0,Negative,Negative,2,Neutral,Negative,Ductal/NST,Yes,Post,10,Left,0.0,1.0,3.26,IDC,27.06666667,Deceased,Negative,Yes,208.22,Not Recurred,Female,ER+/HER2- High Prolif,13.0,1.0,Died of Other Causes
MTS-T0188,50,Breast Conserving,Breast Cancer,Breast Invasive Ductal Carcinoma,Moderate,No,LumB,1.0,Negative,Negative,3,Neutral,Negative,Medullary,Yes,Post,10,Left,7.0,7.0,6.6,IDC,27.06666667,Deceased,Negative,Yes,33.55,Recurred,Female,ER+/HER2- High Prolif,30.0,1.0,Died of Other Causes
MTS-T0189,50,Breast Conserving,Breast Cancer,Breast Invasive Ductal Carcinoma,Moderate,No,LumB,1.0,Negative,Negative,3,Neutral,Negative,Ductal/NST,Yes,Post,10,Left,1.0,15.0,5.44,IDC,27.06666667,Deceased,Negative,Yes,96.91,Not Recurred,Female,ER+/HER2- High Prolif,22.0,1.0,Died of Other Causes
MTS-T0190,40,Breast Conserving,Breast Cancer,Breast Invasive Ductal Carcinoma,Moderate,No,LumB,1.0,Negative,Negative,3,Neutral,Negative,Ductal/NST,Yes,Post,10,Left,2.0,6.0,5.44,IDC,27.06666667,Deceased,Negative,Yes,109.21,Not Recurred,Female,ER+/HER2- High Prolif,17.0,1.0,Died of Other Causes
MTS-T0191,56,Breast Conserving,Breast Cancer,Invasive Breast Carcinoma,Moderate,No,LumB,1.0,Negative,Negative,3,Neutral,Negative,Ductal/NST,Yes,Post,10,Left,0.0,7.0,5.44,BRCA,27.06666667,Deceased,Negative,Yes,154.47,Not Recurred,Female,ER+/HER2- High Prolif,13.6,1.0,Died of Other Causes
MTS-T0192,83,Breast Conserving,Breast Cancer,Breast Invasive Ductal Carcinoma,Moderate,No,LumB,1.0,Positve,Positive,1,Neutral,Negative,Ductal/NST,Yes,Post,10,Left,1.0,6.0,5.44,IDC,27.06666667,Deceased,Negative,Yes,69.57,Not Recurred,Female,ER+/HER2- High Prolif,25.0,1.0,Died of Other Causes
MTS-T0193,68,Breast Conserving,Breast Cancer,Breast Invasive Ductal Carcinoma,Moderate,No,LumB,1.0,Negative,Negative,3,Neutral,Negative,Ductal/NST,Yes,Post,10,Left,0.0,2.0,5.44,IDC,27.06666667,Deceased,Negative,Yes,15.2,Not Recurred,Female,ER+/HER2- High Prolif,35.0,1.0,Died of Other Causes
MTS-T0194,75,Breast Conserving,Breast Cancer,Breast Invasive Lobular Carcinoma,Moderate,No,LumB,1.0,Negative,Negative,3,Neutral,Negative,Lobular,Yes,Post,10,Left,0.0,12.0,5.44,ILC,27.06666667,Deceased,Negative,Yes,181.94,Not Recurred,Female,ER+/HER2- High Prolif,45.0,1.0,Died of Other Causes
MTS-T0195,40,Breast Conserving,Breast Cancer,Breast Mixed Ductal and Lobular Carcinoma,Moderate,No,LumB,1.0,Negative,Negative,3,Neutral,Negative,Mixed,Yes,Post,10,Left,0.0,1.0,4.16,MDLC,27.06666667,Deceased,Negative,Yes,110.07,Not Recurred,Female,ER+/HER2- High Prolif,8.0,1.0,Died of Other Causes
MTS-T0196,80,Breast Conserving,Breast Cancer,Breast Invasive Ductal Carcinoma,Moderate,No,LumB,1.0,Negative,Negative,3,Neutral,Negative,Ductal/NST,Yes,Post,10,Left,0.0,5.0,4.16,IDC,27.06666667,Deceased,Negative,Yes,118.22,Not Recurred,Female,ER+/HER2- High Prolif,55.0,1.0,Died of Other Causes
MTS-T0197,46,Breast Conserving,Breast Cancer,Breast Invasive Ductal Carcinoma,Moderate,No,LumB,1.0,Negative,Negative,3,Neutral,Negative,Ductal/NST,Yes,Post,10,Left,7.0,6.0,4.16,IDC,27.06666667,Deceased,Negative,Yes,10.56,Recurred,Female,ER+/HER2- High Prolif,66.0,1.0,Died of Other Causes
MTS-T0198,88,Breast Conserving,Breast Cancer,Breast Invasive Ductal Carcinoma,Moderate,No,LumB,1.0,Positve,Positive,1,Neutral,Negative,Ductal/NST,Yes,Post,10,Left,15.0,7.0,4.16,IDC,27.06666667,Deceased,Negative,Yes,81.38,Not Recurred,Female,ER+/HER2- High Prolif,24.0,1.0,Died of Other Causes
MTS-T0199,75,Breast Conserving,Breast Cancer,Breast Invasive Lobular Carcinoma,Moderate,No,LumB,1.0,Positve,Positive,2,Neutral,Negative,Lobular,Yes,Post,10,Left,0.0,4.0,4.16,ILC,27.06666667,Deceased,Negative,Yes,86.88,Not Recurred,Female,ER+/HER2- High Prolif,40.0,1.0,Died of Other Causes
MTS-T0200,58,Breast Conserving,Breast Cancer,Breast Invasive Lobular Carcinoma,Moderate,No,LumB,1.0,Positve,Positive,2,Neutral,Negative,Lobular,Yes,Post,10,Left,0.0,4.0,4.16,ILC,27.06666667,Deceased,Negative,Yes,100.0,Recurred,Female,ER+/HER2- High Prolif,20.0,1.0,Died of Other Causes
MTS-T0201,43,Breast Conserving,Breast Cancer,Breast Invasive Ductal Carcinoma,Moderate,No,LumB,1.0,Negative,Negative,3,Neutral,Negative,Ductal/NST,Yes,Post,10,Left,3.0,3.0,4.16,IDC,27.06666667,Deceased,Negative,Yes,50.59,Recurred,Female,ER+/HER2- High Prolif,25.0,1.0,Died of Other Causes
MTS-T0202,56,Breast Conserving,Breast Cancer,Breast Invasive Ductal Carcinoma,Moderate,No,LumB,1.0,Positve,Positive,3,Neutral,Negative,Ductal/NST,Yes,Post,10,Left,4.0,2.0,4.16,IDC,27.06666667,Deceased,Negative,Yes,62.73,Recurred,Female,ER+/HER2- High Prolif,20.8,1.0,Died of Other Causes
MTS-T0203,50,Breast Conserving,Breast Cancer,Breast Invasive Ductal Carcinoma,Moderate,No,LumB,1.0,Positve,Positive,1,Neutral,Negative,Ductal/NST,Yes,Post,10,Left,0.0,5.0,4.16,IDC,27.06666667,Deceased,Negative,Yes,134.44,Not Recurred,Female,ER+/HER2- High Prolif,27.3,1.0,Died of Other Causes
MTS-T0204,47,Breast Conserving,Breast Cancer,Breast Invasive Ductal Carcinoma,Moderate,No,LumB,1.0,Negative,Negative,3,Neutral,Negative,Ductal/NST,Yes,Post,10,Left,2.0,5.0,4.16,IDC,27.06666667,Deceased,Negative,Yes,13.29,Recurred,Female,ER+/HER2- High Prolif,21.0,1.0,Died of Other Causes
MTS-T0205,77,Breast Conserving,Breast Cancer,Breast Invasive Ductal Carcinoma,Moderate,No,LumB,1.0,Positve,Positive,3,Neutral,Negative,Ductal/NST,Yes,Post,10,Left,0.0,9.0,4.16,IDC,27.06666667,Deceased,Negative,Yes,37.96,Recurred,Female,ER+/HER2- High Prolif,25.0,1.0,Died of Other Causes
MTS-T0206,65,Breast Conserving,Breast Cancer,Breast Invasive Lobular Carcinoma,Moderate,No,LumB,1.0,Positve,Positive,3,Neutral,Negative,Lobular,Yes,Post,10,Left,1.0,10.0,4.16,ILC,27.06666667,Deceased,Negative,Yes,42.24,Recurred,Female,ER+/HER2- High Prolif,21.1,1.0,Died of Other Causes
MTS-T0207,72,Breast Conserving,Breast Cancer,Breast Invasive Ductal Carcinoma,Moderate,No,LumB,1.0,Positve,Positive,2,Neutral,Negative,Ductal/NST,Yes,Post,10,Left,1.0,7.0,4.16,IDC,27.06666667,Deceased,Negative,Yes,148.75,Not Recurred,Female,ER+/HER2- High Prolif,22.8,1.0,Died of Other Causes
MTS-T0208,52,Breast Conserving,Breast Cancer,Breast Invasive Ductal Carcinoma,Moderate,No,LumB,1.0,Positve,Positive,2,Neutral,Negative,Ductal/NST,Yes,Post,10,Left,5.0,9.0,4.16,IDC,27.06666667,Deceased,Negative,Yes,111.91,Recurred,Female,ER+/HER2- High Prolif,47.0,1.0,Died of Other Causes
MTS-T0209,82,Breast Conserving,Breast Cancer,Breast Invasive Ductal Carcinoma,Moderate,No,LumB,1.0,Negative,Negative,3,Neutral,Negative,Ductal/NST,Yes,Post,10,Left,0.0,14.0,4.16,IDC,27.06666667,Deceased,Negative,Yes,37.76,Not Recurred,Female,ER+/HER2- High Prolif,45.0,1.0,Died of Other Causes
MTS-T0210,66,Breast Conserving,Breast Cancer,Breast Invasive Lobular Carcinoma,Moderate,No,LumB,1.0,Positve,Positive,3,Neutral,Negative,Lobular,Yes,Post,10,Left,0.0,4.0,4.16,ILC,27.06666667,Deceased,Negative,Yes,155.66,Not Recurred,Female,ER+/HER2- High Prolif,45.0,1.0,Died of Other Causes
MTS-T0211,54,Breast Conserving,Breast Cancer,Breast Mixed Ductal and Lobular Carcinoma,Moderate,No,LumB,1.0,Negative,Negative,2,Neutral,Negative,Mixed,Yes,Post,10,Left,0.0,3.0,4.16,MDLC,27.06666667,Deceased,Negative,Yes,17.14,Recurred,Female,ER+/HER2- High Prolif,26.0,1.0,Died of Other Causes
MTS-T0212,70,Breast Conserving,Breast Cancer,Breast Invasive Ductal Carcinoma,Moderate,No,LumB,1.0,Positve,Positive,3,Neutral,Negative,Ductal/NST,Yes,Post,10,Left,4.0,4.0,4.16,IDC,27.06666667,Deceased,Negative,Yes,1.88,Not Recurred,Female,ER+/HER2- High Prolif,21.0,1.0,Died of Other Causes
MTS-T0213,73,Breast Conserving,Breast Cancer,Invasive Breast Carcinoma,Moderate,No,LumB,1.0,Positve,Positive,2,Neutral,Negative,Ductal/NST,Yes,Post,10,Left,2.0,5.0,4.16,BRCA,27.06666667,Deceased,Negative,Yes,39.05,Not Recurred,Female,ER+/HER2- High Prolif,25.2,1.0,Died of Other Causes
MTS-T0214,79,Breast Conserving,Breast Cancer,Breast Invasive Ductal Carcinoma,Moderate,No,LumB,1.0,Positve,Positive,2,Neutral,Negative,Ductal/NST,Yes,Post,10,Left,0.0,3.0,4.16,IDC,27.06666667,Deceased,Negative,Yes,149.34,Not Recurred,Female,ER+/HER2- High Prolif,26.7,1.0,Died of Other Causes
MTS-T0215,46,Breast Conserving,Breast Cancer,Breast Mixed Ductal and Lobular Carcinoma,Moderate,No,LumB,1.0,Negative,Negative,2,Neutral,Negative,Mixed,Yes,Post,10,Left,0.0,3.0,4.16,MDLC,27.06666667,Deceased,Negative,Yes,157.76,Not Recurred,Female,ER+/HER2- High Prolif,8.0,1.0,Died of Other Causes
MTS-T0216,45,Breast Conserving,Breast Cancer,Breast Mixed Ductal and Lobular Carcinoma,Moderate,No,LumB,1.0,Positve,Positive,2,Neutral,Negative,Mixed,Yes,Post,10,Left,0.0,6.0,4.16,MDLC,27.06666667,Deceased,Negative,Yes,175.23,Not Recurred,Female,ER+/HER2- High Prolif,8.9,1.0,Died of Other Causes
MTS-T0217,58,Breast Conserving,Breast Cancer,Breast Invasive Ductal Carcinoma,Moderate,No,LumB,1.0,Positve,Positive,3,Neutral,Negative,Ductal/NST,Yes,Post,10,Left,0.0,6.0,4.16,IDC,27.06666667,Deceased,Negative,Yes,25.26,Recurred,Female,ER+/HER2- High Prolif,34.0,1.0,Died of Other Causes
MTS-T0218,70,Breast Conserving,Breast Cancer,Breast Invasive Ductal Carcinoma,Moderate,No,LumB,1.0,Negative,Negative,3,Neutral,Negative,Ductal/NST,Yes,Post,10,Left,0.0,7.0,4.16,IDC,79.33333333,Deceased,Negative,Yes,166.15,Not Recurred,Female,ER+/HER2- High Prolif,21.0,1.0,Died of Other Causes
MTS-T0219,50,Breast Conserving,Breast Cancer,Breast Invasive Ductal Carcinoma,Moderate,No,LumB,1.0,Positve,Positive,2,Neutral,Negative,Ductal/NST,Yes,Post,10,Left,1.0,12.0,4.16,IDC,79.33333333,Deceased,Negative,Yes,149.9,Recurred,Female,ER+/HER2- High Prolif,19.1,1.0,Died of Other Causes
MTS-T0220,44,Breast Conserving,Breast Cancer,Breast Invasive Ductal Carcinoma,Moderate,No,LumB,1.0,Positve,Positive,1,Neutral,Negative,Ductal/NST,Yes,Post,10,Left,0.0,6.0,4.16,IDC,79.33333333,Deceased,Negative,Yes,160.23,Not Recurred,Female,ER+/HER2- High Prolif,7.0,1.0,Died of Other Causes
MTS-T0221,40,Breast Conserving,Breast Cancer,Breast Invasive Ductal Carcinoma,Moderate,No,LumB,1.0,Negative,Negative,3,Neutral,Negative,Ductal/NST,Yes,Post,10,Left,2.0,4.0,4.16,IDC,79.33333333,Deceased,Negative,Yes,81.84,Recurred,Female,ER+/HER2- High Prolif,25.0,1.0,Died of Other Causes
MTS-T0222,52,Breast Conserving,Breast Cancer,Breast Invasive Ductal Carcinoma,Moderate,No,LumB,1.0,Negative,Negative,3,Neutral,Negative,Ductal/NST,Yes,Post,10,Left,0.0,8.0,4.16,IDC,79.33333333,Deceased,Negative,Yes,164.21,Not Recurred,Female,ER+/HER2- High Prolif,11.4,1.0,Died of Other Causes
MTS-T0223,74,Breast Conserving,Breast Cancer,Breast Invasive Ductal Carcinoma,Moderate,No,LumB,1.0,Positve,Positive,3,Neutral,Negative,Ductal/NST,Yes,Post,10,Left,1.0,7.0,4.16,IDC,79.33333333,Deceased,Negative,Yes,112.76,Not Recurred,Female,ER+/HER2- High Prolif,14.9,1.0,Died of Other Causes
MTS-T0224,56,Breast Conserving,Breast Cancer,Breast Invasive Ductal Carcinoma,Moderate,No,LumB,1.0,Positve,Positive,2,Neutral,Negative,Ductal/NST,Yes,Post,10,Left,2.0,9.0,4.16,IDC,79.33333333,Deceased,Negative,Yes,81.64,Recurred,Female,ER+/HER2- High Prolif,24.4,1.0,Died of Other Causes
MTS-T0225,66,Breast Conserving,Breast Cancer,Breast Invasive Ductal Carcinoma,Moderate,No,LumB,1.0,Positve,Positive,2,Neutral,Negative,Ductal/NST,Yes,Post,10,Left,10.0,6.0,4.16,IDC,79.33333333,Deceased,Negative,Yes,100.82,Recurred,Female,ER+/HER2- High Prolif,30.0,1.0,Died of Other Causes
MTS-T0226,65,Breast Conserving,Breast Cancer,Breast Invasive Ductal Carcinoma,Moderate,No,LumB,1.0,Positve,Positive,2,Neutral,Negative,Ductal/NST,Yes,Post,10,Left,4.0,12.0,4.16,IDC,79.33333333,Deceased,Negative,Yes,160.23,Recurred,Female,ER+/HER2- High Prolif,20.33,1.0,Died of Other Causes
MTS-T0227,63,Breast Conserving,Breast Cancer,Breast Invasive Ductal Carcinoma,Moderate,No,LumB,1.0,Positve,Positive,1,Neutral,Negative,Ductal/NST,Yes,Post,10,Left,0.0,3.0,4.16,IDC,79.33333333,Deceased,Negative,Yes,173.62,Not Recurred,Female,ER+/HER2- High Prolif,17.06,1.0,Died of Other Causes
MTS-T0228,65,Breast Conserving,Breast Cancer,Breast Invasive Ductal Carcinoma,Moderate,No,LumB,1.0,Positve,Positive,2,Neutral,Negative,Ductal/NST,Yes,Post,10,Left,1.0,3.0,4.16,IDC,79.33333333,Deceased,Negative,Yes,102.34,Recurred,Female,ER+/HER2- High Prolif,18.95,1.0,Died of Other Causes
MTS-T0229,62,Breast Conserving,Breast Cancer,Breast Invasive Ductal Carcinoma,Moderate,No,LumB,1.0,Positve,Positive,2,Neutral,Negative,Ductal/NST,Yes,Post,10,Left,3.0,20.0,4.16,IDC,79.33333333,Deceased,Negative,Yes,185.13,Not Recurred,Female,ER+/HER2- High Prolif,32.0,1.0,Died of Other Causes
MTS-T0230,47,Breast Conserving,Breast Cancer,Breast Invasive Lobular Carcinoma,Moderate,No,LumB,1.0,Negative,Negative,3,Neutral,Negative,Lobular,Yes,Post,10,Left,6.0,12.0,4.16,ILC,79.33333333,Deceased,Negative,Yes,41.94,Recurred,Female,ER+/HER2- High Prolif,31.7,1.0,Died of Other Causes
MTS-T0231,42,Breast Conserving,Breast Cancer,Breast Invasive Ductal Carcinoma,Moderate,No,LumB,1.0,Negative,Negative,2,Neutral,Negative,Ductal/NST,Yes,Post,10,Left,14.0,7.0,4.16,IDC,79.33333333,Deceased,Negative,Yes,34.47,Recurred,Female,ER+/HER2- High Prolif,26.0,1.0,Died of Other Causes
MTS-T0232,69,Breast Conserving,Breast Cancer,Breast Invasive Ductal Carcinoma,Moderate,No,LumB,1.0,Positve,Positive,2,Neutral,Negative,Ductal/NST,Yes,Post,10,Left,1.0,4.0,4.16,IDC,79.33333333,Deceased,Negative,Yes,9.7,Not Recurred,Female,ER+/HER2- High Prolif,50.0,1.0,Died of Other Causes
MTS-T0233,64,Breast Conserving,Breast Cancer,Breast Invasive Ductal Carcinoma,Moderate,No,LumB,1.0,Positve,Positive,1,Neutral,Negative,Ductal/NST,Yes,Post,10,Left,1.0,12.0,4.16,IDC,79.33333333,Deceased,Negative,Yes,133.09,Not Recurred,Female,ER+/HER2- High Prolif,30.0,1.0,Died of Other Causes
MTS-T0234,59,Breast Conserving,Breast Cancer,Breast Invasive Ductal Carcinoma,Moderate,No,LumB,1.0,Positve,Positive,1,Neutral,Negative,Ductal/NST,Yes,Post,10,Left,1.0,5.0,4.16,IDC,79.33333333,Deceased,Negative,Yes,197.07,Not Recurred,Female,ER+/HER2- High Prolif,4.0,1.0,Died of Other Causes
MTS-T0235,63,Breast Conserving,Breast Cancer,Breast Invasive Ductal Carcinoma,Moderate,No,LumB,1.0,Negative,Negative,3,Neutral,Negative,Ductal/NST,Yes,Post,10,Left,0.0,1.0,4.38,IDC,79.33333333,Deceased,Negative,Yes,90.53,Not Recurred,Female,ER+/HER2- High Prolif,19.0,1.0,Died of Other Causes
MTS-T0236,59,Breast Conserving,Breast Cancer,Breast Invasive Ductal Carcinoma,Moderate,No,LumB,1.0,Positve,Positive,3,Neutral,Negative,Ductal/NST,Yes,Post,10,Left,0.0,1.0,4.42,IDC,79.33333333,Deceased,Negative,Yes,150.46,Not Recurred,Female,ER+/HER2- High Prolif,21.0,2.0,Died of Other Causes
MTS-T0237,67,Breast Conserving,Breast Cancer,Breast Invasive Ductal Carcinoma,Moderate,No,LumB,1.0,Negative,Negative,3,Neutral,Negative,Ductal/NST,Yes,Post,10,Left,3.0,1.0,5.66,IDC,79.33333333,Deceased,Negative,Yes,37.99,Recurred,Female,ER+/HER2- High Prolif,33.0,2.0,Died of Other Causes
MTS-T0238,49,Breast Conserving,Breast Cancer,Breast Invasive Ductal Carcinoma,Moderate,No,LumB,1.0,Negative,Negative,3,Neutral,Negative,Ductal/NST,Yes,Post,10,Left,1.0,2.0,5.92,IDC,79.33333333,Deceased,Negative,Yes,71.88,Not Recurred,Female,ER+/HER2- High Prolif,46.0,2.0,Died of Other Causes
MTS-T0239,54,Breast Conserving,Breast Cancer,Breast Invasive Ductal Carcinoma,Moderate,No,LumB,1.0,Positve,Positive,2,Neutral,Negative,Ductal/NST,Yes,Post,10,Left,0.0,1.0,5.92,IDC,79.33333333,Deceased,Negative,Yes,145.99,Not Recurred,Female,ER+/HER2- High Prolif,14.0,1.0,Died of Other Causes
MTS-T0240,63,Breast Conserving,Breast Cancer,Breast Invasive Ductal Carcinoma,Moderate,No,LumB,1.0,Positve,Positive,3,Neutral,Negative,Ductal/NST,Yes,Post,10,Left,0.0,1.0,5.92,IDC,79.33333333,Deceased,Negative,Yes,35.13,Recurred,Female,ER+/HER2- High Prolif,19.0,1.0,Died of Other Causes
MTS-T0241,61,Breast Conserving,Breast Cancer,Breast Invasive Ductal Carcinoma,Moderate,No,LumB,1.0,Positve,Positive,3,Neutral,Negative,Ductal/NST,Yes,Post,10,Left,1.0,3.0,5.92,IDC,79.33333333,Deceased,Negative,Yes,98.78,Not Recurred,Female,ER+/HER2- High Prolif,18.0,2.0,Died of Other Causes
MTS-T0242,62,Breast Conserving,Breast Cancer,Breast Invasive Ductal Carcinoma,Moderate,No,LumB,1.0,Negative,Negative,2,Neutral,Negative,Ductal/NST,Yes,Post,10,Left,0.0,2.0,5.92,IDC,79.33333333,Deceased,Negative,Yes,26.22,Not Recurred,Female,ER+/HER2- High Prolif,18.0,2.0,Died of Other Causes
MTS-T0243,70,Breast Conserving,Breast Cancer,Breast Invasive Ductal Carcinoma,Moderate,No,LumB,1.0,Positve,Positive,2,Neutral,Negative,Ductal/NST,Yes,Post,10,Left,0.0,4.0,5.92,IDC,79.33333333,Deceased,Negative,Yes,121.64,Not Recurred,Female,ER+/HER2- High Prolif,14.0,0.0,Died of Other Causes
MTS-T0244,63,Breast Conserving,Breast Cancer,Breast Invasive Ductal Carcinoma,Moderate,No,LumB,1.0,Negative,Negative,3,Neutral,Negative,Ductal/NST,Yes,Post,10,Left,0.0,6.0,4.74,IDC,79.33333333,Deceased,Negative,Yes,120.66,Not Recurred,Female,ER+/HER2- High Prolif,37.0,2.0,Died of Other Causes
MTS-T0245,57,Breast Conserving,Breast Cancer,Breast Invasive Lobular Carcinoma,Moderate,No,LumB,1.0,Positve,Positive,3,Neutral,Negative,Lobular,Yes,Post,10,Left,0.0,1.0,4.74,ILC,79.33333333,Deceased,Negative,Yes,120.66,Not Recurred,Female,ER+/HER2- High Prolif,19.0,1.0,Died of Other Causes
MTS-T0246,86,Breast Conserving,Breast Cancer,Breast Invasive Ductal Carcinoma,Moderate,No,LumB,1.0,Negative,Negative,3,Neutral,Negative,Ductal/NST,Yes,Post,10,Left,1.0,2.0,5.74,IDC,79.33333333,Deceased,Negative,Yes,43.22,Not Recurred,Female,ER+/HER2- High Prolif,31.0,2.0,Died of Other Causes
MTS-T0247,35,Breast Conserving,Breast Cancer,Breast Invasive Ductal Carcinoma,Moderate,No,LumB,1.0,Positve,Positive,2,Neutral,Negative,Ductal/NST,Yes,Post,10,Left,0.0,2.0,3.4,IDC,79.33333333,Deceased,Negative,Yes,121.12,Not Recurred,Female,ER+/HER2- High Prolif,20.0,1.0,Died of Other Causes
MTS-T0248,76,Breast Conserving,Breast Cancer,Breast Invasive Ductal Carcinoma,Moderate,No,LumB,1.0,Negative,Negative,3,Neutral,Negative,Ductal/NST,Yes,Post,10,Left,0.0,2.0,4.64,IDC,79.33333333,Deceased,Negative,Yes,103.09,Not Recurred,Female,ER+/HER2- High Prolif,32.0,2.0,Died of Other Causes
MTS-T0249,46,Breast Conserving,Breast Cancer,Breast Invasive Ductal Carcinoma,Moderate,No,LumB,1.0,Negative,Negative,3,Neutral,Negative,Medullary,Yes,Post,10,Left,0.0,3.0,4.64,IDC,79.33333333,Deceased,Negative,Yes,111.45,Recurred,Female,ER+/HER2- High Prolif,10.0,1.0,Died of Other Causes
MTS-T0250,46,Breast Conserving,Breast Cancer,Invasive Breast Carcinoma,Moderate,No,LumB,1.0,Negative,Negative,3,Neutral,Negative,Medullary,Yes,Post,10,Left,0.0,3.0,4.64,BRCA,79.33333333,Deceased,Negative,Yes,111.45,Recurred,Female,ER+/HER2- High Prolif,10.0,0.0,Died of Other Causes
MTS-T0251,46,Breast Conserving,Breast Cancer,Invasive Breast Carcinoma,Moderate,No,LumB,1.0,Negative,Negative,3,Neutral,Negative,Medullary,Yes,Post,10,Left,0.0,5.0,4.64,BRCA,79.33333333,Deceased,Negative,Yes,111.45,Recurred,Female,ER+/HER2- High Prolif,10.0,0.0,Died of Other Causes
MTS-T0252,68,Breast Conserving,Breast Cancer,Breast Invasive Ductal Carcinoma,Moderate,No,LumB,1.0,Positve,Positive,2,Neutral,Negative,Ductal/NST,Yes,Post,10,Left,0.0,5.0,3.48,IDC,79.33333333,Deceased,Negative,Yes,106.58,Not Recurred,Female,ER+/HER2- High Prolif,25.0,2.0,Died of Other Causes
MTS-T0253,40,Breast Conserving,Breast Cancer,Breast Invasive Ductal Carcinoma,Moderate,No,LumB,1.0,Positve,Positive,2,Neutral,Negative,Ductal/NST,Yes,Post,10,Left,1.0,2.0,4.82,IDC,79.33333333,Deceased,Negative,Yes,138.65,Not Recurred,Female,ER+/HER2- High Prolif,41.0,2.0,Died of Other Causes
MTS-T0254,69,Breast Conserving,Breast Cancer,Breast Mixed Ductal and Lobular Carcinoma,Low,No,LumB,1.0,Negative,Negative,3,Neutral,Negative,Mixed,Yes,Post,10,Left,2.0,6.0,5.34,MDLC,79.33333333,Deceased,Negative,Yes,36.58,Not Recurred,Female,ER+/HER2- High Prolif,13.0,2.0,Died of Other Causes
MTS-T0255,69,Breast Conserving,Breast Cancer,Breast Invasive Ductal Carcinoma,Low,No,LumB,1.0,Positve,Positive,2,Neutral,Negative,Ductal/NST,Yes,Post,10,Left,0.0,3.0,3.62,IDC,79.33333333,Deceased,Negative,Yes,98.26,Not Recurred,Female,ER+/HER2- High Prolif,31.0,2.0,Died of Other Causes
MTS-T0256,63,Breast Conserving,Breast Cancer,Breast Invasive Ductal Carcinoma,Low,No,LumB,1.0,Negative,Negative,3,Neutral,Negative,Ductal/NST,Yes,Post,10,Left,1.0,2.0,3.62,IDC,79.33333333,Deceased,Negative,Yes,17.96,Recurred,Female,ER+/HER2- High Prolif,14.0,2.0,Died of Other Causes
MTS-T0257,62,Breast Conserving,Breast Cancer,Breast Invasive Ductal Carcinoma,Low,No,LumB,1.0,Positve,Positive,1,Neutral,Negative,Medullary,Yes,Post,10,Left,0.0,2.0,3.62,IDC,79.33333333,Deceased,Negative,Yes,0.03,Recurred,Female,ER+/HER2- High Prolif,11.0,1.0,Died of Other Causes
MTS-T0259,63,Breast Conserving,Breast Cancer,Breast Invasive Ductal Carcinoma,Low,No,LumB,1.0,Positve,Positive,1,Neutral,Negative,Ductal/NST,Yes,Post,10,Left,1.0,2.0,3.26,IDC,79.33333333,Deceased,Negative,Yes,64.84,Not Recurred,Female,ER+/HER2- High Prolif,13.0,2.0,Died of Other Causes
MTS-T0266,56,Breast Conserving,Breast Cancer,Breast Invasive Ductal Carcinoma,Low,No,LumB,1.0,Positve,Positive,2,Neutral,Negative,Ductal/NST,Yes,Post,10,Left,0.0,6.0,4.3,IDC,79.33333333,Deceased,Negative,Yes,167.14,Not Recurred,Female,ER+/HER2- High Prolif,21.87,1.0,Died of Other Causes
MTS-T0273,86,Breast Conserving,Breast Cancer,Breast Invasive Ductal Carcinoma,Low,No,LumB,1.0,Positve,Positive,2,Neutral,Negative,Ductal/NST,Yes,Post,10,Left,2.0,5.0,4.34,IDC,79.33333333,Deceased,Negative,Yes,111.12,Not Recurred,Female,ER+/HER2- High Prolif,17.0,2.0,Died of Other Causes
MTS-T0275,53,Breast Conserving,Breast Cancer,Breast Invasive Ductal Carcinoma,Low,No,LumB,1.0,Negative,Negative,3,Neutral,Negative,Medullary,Yes,Post,10,Left,0.0,3.0,4.44,IDC,79.33333333,Deceased,Negative,Yes,112.57,Not Recurred,Female,ER+/HER2- High Prolif,22.0,2.0,Died of Other Causes
MTS-T0276,70,Breast Conserving,Breast Cancer,Breast Invasive Lobular Carcinoma,Low,No,LumB,1.0,Negative,Negative,3,Neutral,Negative,Lobular,Yes,Post,10,Left,7.0,2.0,6.13,ILC,79.33333333,Deceased,Negative,Yes,11.74,Recurred,Female,ER+/HER2- High Prolif,65.0,3.0,Died of Other Causes
MTS-T0279,63,Breast Conserving,Breast Cancer,Breast Invasive Ductal Carcinoma,Low,No,LumB,1.0,Positve,Positive,2,Neutral,Negative,Ductal/NST,Yes,Post,10,Left,0.0,4.0,3.7,IDC,79.33333333,Deceased,Negative,Yes,69.14,Not Recurred,Female,ER+/HER2- High Prolif,39.0,2.0,Died of Other Causes
MTS-T0281,74,Breast Conserving,Breast Cancer,Breast Invasive Ductal Carcinoma,Low,No,LumB,1.0,Positve,Positive,2,Neutral,Negative,Ductal/NST,Yes,Post,10,Left,1.0,4.0,4.44,IDC,79.33333333,Deceased,Negative,Yes,127.76,Recurred,Female,ER+/HER2- High Prolif,22.0,2.0,Died of Other Causes
MTS-T0285,54,Breast Conserving,Breast Cancer,Breast Mixed Ductal and Lobular Carcinoma,Low,No,LumB,1.0,Positve,Positive,2,Neutral,Negative,Mixed,Yes,Post,10,Left,0.0,3.0,3.22,MDLC,79.33333333,Deceased,Negative,Yes,164.61,Not Recurred,Female,ER+/HER2- High Prolif,11.0,2.0,Died of Other Causes
MTS-T0286,61,Breast Conserving,Breast Cancer,Breast Invasive Ductal Carcinoma,Low,No,LumB,1.0,Positve,Positive,3,Neutral,Negative,Ductal/NST,Yes,Post,10,Left,0.0,7.0,4.38,IDC,79.33333333,Deceased,Negative,Yes,84.08,Recurred,Female,ER+/HER2- High Prolif,19.0,1.0,Died of Other Causes
MTS-T0299,56,Breast Conserving,Breast Cancer,Breast Invasive Ductal Carcinoma,Low,No,LumB,1.0,Negative,Negative,3,Neutral,Negative,Ductal/NST,Yes,Post,10,Left,18.0,2.0,6.72,IDC,79.33333333,Deceased,Negative,Yes,2.6,Recurred,Female,ER+/HER2- High Prolif,23.0,2.0,Died of Other Causes
MTS-T0303,51,Breast Conserving,Breast Cancer,Breast Invasive Ductal Carcinoma,Low,No,LumB,1.0,Negative,Negative,3,Neutral,Negative,Ductal/NST,Yes,Post,10,Left,3.0,3.0,5.44,IDC,79.33333333,Deceased,Negative,Yes,4.34,Recurred,Female,ER+/HER2- High Prolif,22.0,2.0,Died of Other Causes
MTS-T0304,68,Breast Conserving,Breast Cancer,Breast Invasive Ductal Carcinoma,Low,No,LumB,1.0,Positve,Positive,2,Neutral,Negative,Ductal/NST,Yes,Post,10,Left,2.0,4.0,5.2,IDC,79.33333333,Deceased,Negative,Yes,100.39,Not Recurred,Female,ER+/HER2- High Prolif,10.0,2.0,Died of Other Causes
MTS-T0305,86,Breast Conserving,Breast Cancer,Breast Invasive Ductal Carcinoma,Low,No,LumB,1.0,Positve,Positive,3,Neutral,Negative,Ductal/NST,Yes,Post,10,Left,11.0,7.0,6.6,IDC,79.33333333,Deceased,Negative,Yes,39.51,Not Recurred,Female,ER+/HER2- High Prolif,27.0,2.0,Died of Other Causes
MTS-T0312,67,Breast Conserving,Breast Cancer,Breast Invasive Ductal Carcinoma,Low,No,LumB,1.0,Positve,Positive,2,Neutral,Negative,Ductal/NST,Yes,Post,10,Left,2.0,1.0,4.5,IDC,79.33333333,Deceased,Negative,Yes,105.07,Not Recurred,Female,ER+/HER2- High Prolif,25.0,2.0,Died of Other Causes
MTS-T0313,37,Breast Conserving,Breast Cancer,Breast Invasive Ductal Carcinoma,Low,No,LumB,1.0,Negative,Negative,3,Neutral,Negative,Ductal/NST,Yes,Post,10,Left,2.0,4.0,5.48,IDC,79.33333333,Deceased,Negative,Yes,156.45,Not Recurred,Female,ER+/HER2- High Prolif,24.0,2.0,Died of Other Causes
MTS-T0325,38,Breast Conserving,Breast Cancer,Breast Invasive Ductal Carcinoma,Low,No,LumB,1.0,Negative,Negative,3,Neutral,Negative,Ductal/NST,Yes,Post,10,Left,0.0,1.0,4.8,IDC,79.33333333,Deceased,Negative,Yes,8.29,Recurred,Female,ER+/HER2- High Prolif,40.0,2.0,Died of Other Causes
MTS-T0327,46,Breast Conserving,Breast Cancer,Breast Mixed Ductal and Lobular Carcinoma,Low,No,LumB,8.0,Positve,Positive,1,Neutral,Negative,Mixed,Yes,Post,10,Left,0.0,6.0,3.44,MDLC,79.33333333,Deceased,Negative,Yes,9.87,Recurred,Female,ER+/HER2- High Prolif,22.0,2.0,Died of Other Causes
MTS-T0328,36,Breast Conserving,Breast Cancer,Invasive Breast Carcinoma,Low,No,LumB,8.0,Positve,Positive,3,Neutral,Negative,Mixed,Yes,Post,10,Left,0.0,7.0,5.24,BRCA,79.33333333,Deceased,Negative,Yes,200.33,Not Recurred,Female,ER+/HER2- High Prolif,12.0,2.0,Died of Other Causes
MTS-T0329,61,Breast Conserving,Breast Cancer,Breast Invasive Ductal Carcinoma,Low,No,LumB,8.0,Negative,Negative,2,Neutral,Negative,Ductal/NST,Yes,Post,10,Left,0.0,7.0,4.3,IDC,79.33333333,Deceased,Negative,Yes,190.46,Not Recurred,Female,ER+/HER2- High Prolif,15.0,2.0,Died of Other Causes
MTS-T0330,44,Breast Conserving,Breast Cancer,Breast Invasive Ductal Carcinoma,Low,No,LumB,8.0,Negative,Negative,3,Neutral,Negative,Ductal/NST,Yes,Post,10,Left,0.0,8.0,4.5,IDC,79.33333333,Deceased,Negative,Yes,2.96,Recurred,Female,ER+/HER2- High Prolif,25.0,1.0,Died of Other Causes
MTS-T0331,43,Breast Conserving,Breast Cancer,Breast Mixed Ductal and Lobular Carcinoma,Low,No,LumB,8.0,Positve,Positive,1,Neutral,Negative,Mixed,Yes,Post,10,Left,0.0,4.0,2.4,MDLC,79.33333333,Deceased,Negative,Yes,189.47,Not Recurred,Female,ER+/HER2- High Prolif,20.0,1.0,Died of Other Causes
MTS-T0332,70,Breast Conserving,Breast Cancer,Invasive Breast Carcinoma,Low,No,LumB,8.0,Negative,Negative,2,Neutral,Negative,Mixed,Yes,Post,10,Left,0.0,8.0,3.3,BRCA,79.33333333,Deceased,Negative,Yes,13.82,Recurred,Female,ER+/HER2- High Prolif,15.0,1.0,Died of Other Causes
MTS-T0333,46,Breast Conserving,Breast Cancer,Breast Invasive Ductal Carcinoma,Low,No,LumB,8.0,Positve,Positive,2,Neutral,Negative,Ductal/NST,Yes,Post,10,Left,0.0,5.0,3.4,IDC,79.33333333,Deceased,Negative,Yes,16.78,Recurred,Female,ER+/HER2- High Prolif,20.0,1.0,Died of Other Causes
MTS-T0334,43,Breast Conserving,Breast Cancer,Invasive Breast Carcinoma,Low,No,LumB,8.0,Positve,Positive,3,Neutral,Negative,Ductal/NST,Yes,Post,10,Left,0.0,9.0,4.2,BRCA,79.33333333,Deceased,Negative,Yes,52.3,Recurred,Female,ER+/HER2- High Prolif,10.0,1.0,Died of Other Causes
MTS-T0335,63,Breast Conserving,Breast Cancer,Invasive Breast Carcinoma,Low,No,LumB,8.0,Positve,Positive,1,Neutral,Negative,Ductal/NST,Yes,Post,10,Left,0.0,4.0,2.32,BRCA,79.33333333,Deceased,Negative,Yes,195.39,Not Recurred,Female,ER+/HER2- High Prolif,16.0,1.0,Died of Other Causes
MTS-T0336,60,Breast Conserving,Breast Cancer,Breast Invasive Ductal Carcinoma,Low,No,LumB,8.0,Negative,Negative,3,Neutral,Negative,Ductal/NST,Yes,Post,10,Left,0.0,9.0,5.28,IDC,79.33333333,Deceased,Negative,Yes,22.7,Recurred,Female,ER+/HER2- High Prolif,14.0,2.0,Died of Other Causes
MTS-T0337,65,Breast Conserving,Breast Cancer,Breast Invasive Ductal Carcinoma,Low,No,LumB,8.0,Positve,Positive,1,Neutral,Negative,Tubular/ cribriform,Yes,Post,10,Left,0.0,3.0,2.3,IDC,79.33333333,Deceased,Negative,Yes,201.32,Recurred,Female,ER+/HER2- High Prolif,15.0,1.0,Died of Other Causes
MTS-T0338,70,Breast Conserving,Breast Cancer,Breast Mixed Ductal and Lobular Carcinoma,Low,No,LumB,8.0,Positve,Positive,2,Neutral,Negative,Mixed,Yes,Post,10,Left,0.0,1.0,3.3,MDLC,79.33333333,Deceased,Negative,Yes,60.2,Recurred,Female,ER+/HER2- High Prolif,15.0,1.0,Died of Other Causes
MTS-T0339,67,Breast Conserving,Breast Cancer,Breast Invasive Ductal Carcinoma,Low,No,LumB,8.0,Positve,Positive,2,Neutral,Negative,Ductal/NST,Yes,Post,10,Left,0.0,11.0,4.32,IDC,79.33333333,Deceased,Negative,Yes,190.46,Recurred,Female,ER+/HER2- High Prolif,16.0,2.0,Died of Other Causes
MTS-T0340,64,Breast Conserving,Breast Cancer,Invasive Breast Carcinoma,Low,No,LumB,8.0,Positve,Positive,2,Neutral,Negative,Ductal/NST,Yes,Post,10,Left,0.0,31.0,4.6,BRCA,79.33333333,Deceased,Negative,Yes,95.72,Recurred,Female,ER+/HER2- High Prolif,30.0,2.0,Died of Other Causes
MTS-T0341,64,Breast Conserving,Breast Cancer,Breast Invasive Ductal Carcinoma,Low,No,LumB,8.0,Positve,Positive,2,Neutral,Negative,Ductal/NST,Yes,Post,10,Left,0.0,5.0,4.14,IDC,79.33333333,Deceased,Negative,Yes,189.47,Not Recurred,Female,ER+/HER2- High Prolif,7.0,2.0,Died of Other Causes
MTS-T0342,63,Breast Conserving,Breast Cancer,Breast Invasive Lobular Carcinoma,Low,No,LumB,8.0,Positve,Positive,1,Neutral,Negative,Lobular,Yes,Post,10,Left,0.0,6.0,2.28,ILC,79.33333333,Deceased,Negative,Yes,208.22,Not Recurred,Female,ER+/HER2- High Prolif,14.0,1.0,Died of Other Causes
MTS-T0343,50,Breast Conserving,Breast Cancer,Breast Mixed Ductal and Lobular Carcinoma,Low,No,LumB,8.0,Positve,Positive,1,Neutral,Negative,Mixed,Yes,Post,10,Left,0.0,9.0,4.24,MDLC,79.33333333,Deceased,Negative,Yes,41.45,Recurred,Female,ER+/HER2- High Prolif,12.0,3.0,Died of Other Causes
MTS-T0344,57,Breast Conserving,Breast Cancer,Breast Mixed Ductal and Lobular Carcinoma,Low,No,LumB,8.0,Positve,Positive,2,Neutral,Negative,Mixed,Yes,Post,10,Left,0.0,4.0,3.22,MDLC,79.33333333,Deceased,Negative,Yes,100.66,Not Recurred,Female,ER+/HER2- High Prolif,11.0,1.0,Died of Other Causes
MTS-T0345,45,Breast Conserving,Breast Cancer,Breast Mixed Ductal and Lobular Carcinoma,Low,No,LumB,8.0,Negative,Negative,1,Neutral,Negative,Mixed,Yes,Post,10,Left,0.0,6.0,2.28,MDLC,79.33333333,Deceased,Negative,Yes,200.33,Recurred,Female,ER+/HER2- High Prolif,14.0,1.0,Died of Other Causes
MTS-T0346,54,Breast Conserving,Breast Cancer,Breast Invasive Ductal Carcinoma,Low,No,LumB,8.0,Positve,Positive,3,Neutral,Negative,Ductal/NST,Yes,Post,10,Left,0.0,4.0,4.7,IDC,79.33333333,Deceased,Negative,Yes,47.37,Recurred,Female,ER+/HER2- High Prolif,35.0,1.0,Died of Other Causes
MTS-T0347,45,Breast Conserving,Breast Cancer,Breast Invasive Ductal Carcinoma,Low,No,LumB,8.0,Negative,Negative,2,Neutral,Negative,Ductal/NST,Yes,Post,10,Left,0.0,6.0,3.3,IDC,79.33333333,Deceased,Negative,Yes,189.47,Not Recurred,Female,ER+/HER2- High Prolif,15.0,1.0,Died of Other Causes
MTS-T0348,50,Breast Conserving,Breast Cancer,Breast Invasive Ductal Carcinoma,Low,No,LumB,8.0,Negative,Negative,3,Neutral,Negative,Ductal/NST,Yes,Post,10,Left,0.0,9.0,4.3,IDC,79.33333333,Deceased,Negative,Yes,189.47,Not Recurred,Female,ER+/HER2- High Prolif,15.0,1.0,Died of Other Causes
MTS-T0349,45,Breast Conserving,Breast Cancer,Breast Mixed Ductal and Lobular Carcinoma,Low,No,LumB,8.0,Positve,Positive,2,Neutral,Negative,Mixed,Yes,Post,10,Left,0.0,3.0,5.38,MDLC,79.33333333,Deceased,Negative,Yes,80.92,Recurred,Female,ER+/HER2- High Prolif,19.0,3.0,Died of Other Causes
MTS-T0350,49,Breast Conserving,Breast Cancer,Breast Mixed Ductal and Lobular Carcinoma,Low,No,LumB,8.0,Positve,Positive,1,Neutral,Negative,Mixed,Yes,Post,10,Left,0.0,3.0,2.2,MDLC,79.33333333,Deceased,Negative,Yes,197.37,Not Recurred,Female,ER+/HER2- High Prolif,10.0,1.0,Died of Other Causes
MTS-T0351,63,Breast Conserving,Breast Cancer,Breast Mixed Ductal and Lobular Carcinoma,Low,No,LumB,8.0,Negative,Negative,3,Neutral,Negative,Mixed,Yes,Post,10,Left,0.0,8.0,5.26,MDLC,79.33333333,Deceased,Negative,Yes,21.71,Recurred,Female,ER+/HER2- High Prolif,13.0,2.0,Died of Other Causes
MTS-T0352,60,Breast Conserving,Breast Cancer,Breast Mixed Ductal and Lobular Carcinoma,Low,No,LumB,8.0,Positve,Positive,2,Neutral,Negative,Mixed,Yes,Post,10,Left,0.0,7.0,3.3,MDLC,79.33333333,Deceased,Negative,Yes,194.41,Not Recurred,Female,ER+/HER2- High Prolif,15.0,1.0,Died of Other Causes
MTS-T0353,62,Breast Conserving,Breast Cancer,Invasive Breast Carcinoma,Low,No,LumB,8.0,Negative,Negative,3,Neutral,Negative,Mixed,Yes,Post,10,Left,11.0,3.0,4.02,BRCA,44.4,Deceased,Negative,Yes,191.45,Not Recurred,Female,ER+/HER2- High Prolif,1.0,1.0,Died of Other Causes
MTS-T0354,65,Breast Conserving,Breast Cancer,Invasive Breast Carcinoma,Low,No,LumB,8.0,Positve,Positive,2,Neutral,Negative,Mixed,Yes,Post,10,Left,11.0,5.0,3.2,BRCA,44.4,Deceased,Negative,Yes,83.88,Recurred,Female,ER+/HER2- High Prolif,10.0,1.0,Died of Other Causes
MTS-T0355,68,Breast Conserving,Breast Cancer,Breast Mixed Ductal and Lobular Carcinoma,Low,No,LumB,8.0,Positve,Positive,2,Neutral,Negative,Mixed,Yes,Post,10,Left,11.0,7.0,3.44,MDLC,44.4,Deceased,Negative,Yes,141.12,Recurred,Female,ER+/HER2- High Prolif,22.0,1.0,Died of Other Causes
MTS-T0356,56,Breast Conserving,Breast Cancer,Breast Invasive Ductal Carcinoma,Low,No,LumB,8.0,Positve,Positive,2,Neutral,Negative,Ductal/NST,Yes,Post,10,Left,11.0,6.0,3.34,IDC,44.4,Deceased,Negative,Yes,186.51,Not Recurred,Female,ER+/HER2- High Prolif,17.0,1.0,Died of Other Causes
MTS-T0357,41,Breast Conserving,Breast Cancer,Breast Mixed Ductal and Lobular Carcinoma,Low,No,LumB,8.0,Negative,Negative,2,Neutral,Negative,Mixed,Yes,Post,10,Left,11.0,7.0,4.6,MDLC,44.4,Deceased,Negative,Yes,18.75,Recurred,Female,ER+/HER2- High Prolif,30.0,2.0,Died of Other Causes
MTS-T0358,63,Breast Conserving,Breast Cancer,Invasive Breast Carcinoma,Low,No,LumB,8.0,Positve,Positive,2,Neutral,Negative,Mixed,Yes,Post,10,Left,11.0,4.0,3.44,BRCA,44.4,Deceased,Negative,Yes,165.79,Recurred,Female,ER+/HER2- High Prolif,22.0,1.0,Died of Other Causes
MTS-T0359,66,Breast Conserving,Breast Cancer,Breast Mixed Ductal and Lobular Carcinoma,Low,No,LumB,8.0,Positve,Positive,1,Neutral,Negative,Mixed,Yes,Post,10,Left,11.0,2.0,2.18,MDLC,44.4,Deceased,Negative,Yes,63.16,Recurred,Female,ER+/HER2- High Prolif,9.0,1.0,Died of Other Causes
MTS-T0360,42,Breast Conserving,Breast Cancer,Breast Invasive Ductal Carcinoma,Low,No,LumB,8.0,Negative,Negative,3,Neutral,Negative,Medullary,Yes,Post,10,Left,11.0,3.0,4.32,IDC,44.4,Deceased,Negative,Yes,11.84,Recurred,Female,ER+/HER2- High Prolif,16.0,1.0,Died of Other Causes
MTS-T0361,49,Breast Conserving,Breast Cancer,Breast Invasive Ductal Carcinoma,Low,No,LumB,8.0,Negative,Negative,3,Neutral,Negative,Ductal/NST,Yes,Post,10,Left,11.0,6.0,6.36,IDC,44.4,Deceased,Negative,Yes,22.7,Recurred,Female,ER+/HER2- High Prolif,18.0,3.0,Died of Other Causes
MTS-T0362,65,Breast Conserving,Breast Cancer,Breast Mixed Ductal and Lobular Carcinoma,Low,No,LumB,8.0,Positve,Positive,2,Neutral,Negative,Mixed,Yes,Post,10,Left,11.0,9.0,4.4,MDLC,44.4,Deceased,Negative,Yes,197.37,Not Recurred,Female,ER+/HER2- High Prolif,20.0,2.0,Died of Other Causes
MTS-T0363,45,Breast Conserving,Breast Cancer,Breast Invasive Ductal Carcinoma,Low,No,LumB,8.0,Negative,Negative,3,Neutral,Negative,Ductal/NST,Yes,Post,10,Left,11.0,8.0,5.36,IDC,44.4,Deceased,Negative,Yes,152.96,Not Recurred,Female,ER+/HER2- High Prolif,18.0,2.0,Died of Other Causes
MTS-T0364,53,Breast Conserving,Breast Cancer,Breast Mixed Ductal and Lobular Carcinoma,Low,No,LumB,8.0,Positve,Positive,1,Neutral,Negative,Mixed,Yes,Post,10,Left,11.0,3.0,2.34,MDLC,44.4,Deceased,Negative,Yes,168.75,Not Recurred,Female,ER+/HER2- High Prolif,17.0,1.0,Died of Other Causes
MTS-T0365,57,Breast Conserving,Breast Cancer,Breast Invasive Ductal Carcinoma,Low,No,LumB,8.0,Positve,Positive,3,Neutral,Negative,Ductal/NST,Yes,Post,10,Left,11.0,11.0,5.4,IDC,44.4,Deceased,Negative,Yes,179.61,Not Recurred,Female,ER+/HER2- High Prolif,20.0,2.0,Died of Other Causes
MTS-T0367,52,Breast Conserving,Breast Cancer,Breast Mixed Ductal and Lobular Carcinoma,Low,No,LumB,8.0,Positve,Positive,2,Neutral,Negative,Mixed,Yes,Post,10,Left,11.0,4.0,4.3,MDLC,44.4,Deceased,Negative,Yes,185.53,Recurred,Female,ER+/HER2- High Prolif,15.0,2.0,Died of Other Causes
MTS-T0368,54,Breast Conserving,Breast Cancer,Breast Invasive Ductal Carcinoma,Low,No,LumB,8.0,Negative,Negative,2,Neutral,Negative,Ductal/NST,Yes,Post,10,Left,11.0,4.0,4.5,IDC,44.4,Deceased,Negative,Yes,202.3,Not Recurred,Female,ER+/HER2- High Prolif,25.0,2.0,Died of Other Causes
MTS-T0369,32,Breast Conserving,Breast Cancer,Breast Mixed Ductal and Lobular Carcinoma,Low,No,LumB,8.0,Positve,Positive,2,Neutral,Negative,Mixed,Yes,Post,10,Left,11.0,6.0,3.3,MDLC,44.4,Deceased,Negative,Yes,89.8,Recurred,Female,ER+/HER2- High Prolif,15.0,1.0,Died of Other Causes
MTS-T0370,56,Breast Conserving,Breast Cancer,Breast Mixed Ductal and Lobular Carcinoma,Low,No,LumB,8.0,Negative,Negative,1,Neutral,Negative,Mixed,Yes,Post,10,Left,11.0,5.0,2.44,MDLC,44.4,Deceased,Negative,Yes,109.54,Not Recurred,Female,ER+/HER2- High Prolif,22.0,1.0,Died of Other Causes
MTS-T0371,47,Breast Conserving,Breast Cancer,Breast Invasive Ductal Carcinoma,Low,No,LumB,8.0,Negative,Negative,3,Neutral,Negative,Ductal/NST,Yes,Post,10,Left,11.0,4.0,4.6,IDC,44.4,Deceased,Negative,Yes,190.46,Not Recurred,Female,ER+/HER2- High Prolif,30.0,1.0,Died of Other Causes
MTS-T0372,67,Breast Conserving,Breast Cancer,Breast Invasive Ductal Carcinoma,Low,No,LumB,8.0,Positve,Positive,3,Neutral,Negative,Ductal/NST,Yes,Post,10,Left,11.0,2.0,4.4,IDC,44.4,Deceased,Negative,Yes,73.03,Recurred,Female,ER+/HER2- High Prolif,20.0,1.0,Died of Other Causes
MTS-T0373,55,Breast Conserving,Breast Cancer,Breast Invasive Ductal Carcinoma,Low,No,LumB,8.0,Negative,Negative,3,Neutral,Negative,Ductal/NST,Yes,Post,10,Left,11.0,4.0,5.74,IDC,44.4,Deceased,Negative,Yes,27.63,Recurred,Female,ER+/HER2- High Prolif,37.0,2.0,Died of Other Causes
MTS-T0374,66,Breast Conserving,Breast Cancer,Invasive Breast Carcinoma,Low,No,LumB,8.0,Negative,Negative,2,Neutral,Negative,Ductal/NST,Yes,Post,10,Left,11.0,3.0,5.26,BRCA,44.4,Deceased,Negative,Yes,29.61,Not Recurred,Female,ER+/HER2- High Prolif,13.0,3.0,Died of Other Causes
MTS-T0375,63,Breast Conserving,Breast Cancer,Breast Invasive Ductal Carcinoma,Low,No,LumB,8.0,Positve,Positive,1,Neutral,Negative,Tubular/ cribriform,Yes,Post,10,Left,11.0,5.0,2.3,IDC,44.4,Deceased,Negative,Yes,181.58,Not Recurred,Female,ER+/HER2- High Prolif,15.0,1.0,Died of Other Causes
MTS-T0376,63,Breast Conserving,Breast Cancer,Breast Invasive Ductal Carcinoma,Low,No,LumB,8.0,Negative,Negative,3,Neutral,Negative,Ductal/NST,Yes,Post,10,Left,11.0,2.0,6.5,IDC,44.4,Deceased,Negative,Yes,6.91,Recurred,Female,ER+/HER2- High Prolif,25.0,3.0,Died of Other Causes
MTS-T0377,68,Breast Conserving,Breast Cancer,Breast Invasive Ductal Carcinoma,Low,No,LumB,8.0,Positve,Positive,3,Neutral,Negative,Ductal/NST,Yes,Post,10,Left,11.0,5.0,4.34,IDC,44.4,Deceased,Negative,Yes,173.68,Not Recurred,Female,ER+/HER2- High Prolif,17.0,1.0,Died of Other Causes
MTS-T0378,40,Breast Conserving,Breast Cancer,Breast Invasive Ductal Carcinoma,Low,No,claudin-low,8.0,Negative,Negative,3,Neutral,Negative,Ductal/NST,Yes,Post,10,Left,11.0,9.0,4.6,IDC,44.4,Deceased,Negative,Yes,196.38,Not Recurred,Female,ER+/HER2- High Prolif,30.0,1.0,Died of Other Causes
MTS-T0379,40,Breast Conserving,Breast Cancer,Breast Mixed Ductal and Lobular Carcinoma,Low,No,claudin-low,8.0,Positve,Positive,3,Neutral,Negative,Mixed,Yes,Post,10,Left,11.0,7.0,4.34,MDLC,44.4,Deceased,Negative,Yes,153.95,Not Recurred,Female,ER+/HER2- High Prolif,17.0,1.0,Died of Other Causes
MTS-T0380,47,Breast Conserving,Breast Cancer,Breast Invasive Ductal Carcinoma,Low,No,claudin-low,8.0,Negative,Negative,1,Neutral,Negative,Ductal/NST,Yes,Post,10,Left,11.0,7.0,2.4,IDC,44.4,Deceased,Negative,Yes,96.71,Recurred,Female,ER+/HER2- High Prolif,20.0,1.0,Died of Other Causes
MTS-T0381,67,Breast Conserving,Breast Cancer,Breast Invasive Ductal Carcinoma,Low,No,claudin-low,8.0,Positve,Positive,1,Neutral,Negative,Ductal/NST,Yes,Post,10,Left,11.0,4.0,3.5,IDC,44.4,Deceased,Negative,Yes,190.46,Not Recurred,Female,ER+/HER2- High Prolif,25.0,2.0,Died of Other Causes
MTS-T0382,47,Breast Conserving,Breast Cancer,Breast Invasive Ductal Carcinoma,Low,No,claudin-low,8.0,Negative,Negative,2,Neutral,Negative,Ductal/NST,Yes,Post,10,Left,11.0,3.0,3.3,IDC,44.4,Deceased,Negative,Yes,186.51,Not Recurred,Female,ER+/HER2- High Prolif,15.0,1.0,Died of Other Causes
MTS-T0383,65,Breast Conserving,Breast Cancer,Breast Invasive Ductal Carcinoma,Low,No,claudin-low,8.0,Positve,Positive,2,Neutral,Negative,Ductal/NST,Yes,Post,10,Left,11.0,3.0,4.42,IDC,44.4,Deceased,Negative,Yes,179.61,Not Recurred,Female,ER+/HER2- High Prolif,21.0,2.0,Died of Other Causes
MTS-T0384,57,Breast Conserving,Breast Cancer,Breast Mixed Ductal and Lobular Carcinoma,Low,No,claudin-low,8.0,Positve,Positive,2,Neutral,Negative,Mixed,Yes,Post,10,Left,11.0,4.0,4.34,MDLC,44.4,Deceased,Negative,Yes,112.5,Recurred,Female,ER+/HER2- High Prolif,17.0,2.0,Died of Other Causes
MTS-T0385,66,Breast Conserving,Breast Cancer,Breast Mixed Ductal and Lobular Carcinoma,Low,No,claudin-low,8.0,Positve,Positive,2,Neutral,Negative,Mixed,Yes,Post,10,Left,11.0,4.0,4.28,MDLC,44.4,Deceased,Negative,Yes,176.64,Not Recurred,Female,ER+/HER2- High Prolif,14.0,2.0,Died of Other Causes
MTS-T0386,69,Breast Conserving,Breast Cancer,Breast Invasive Ductal Carcinoma,Low,No,claudin-low,8.0,Positve,Positive,3,Neutral,Negative,Ductal/NST,Yes,Post,10,Left,11.0,4.0,4.54,IDC,44.4,Deceased,Negative,Yes,156.91,Not Recurred,Female,ER+/HER2- High Prolif,27.0,1.0,Died of Other Causes
MTS-T0387,64,Breast Conserving,Breast Cancer,Invasive Breast Carcinoma,Low,No,claudin-low,8.0,Positve,Positive,2,Neutral,Negative,Ductal/NST,Yes,Post,10,Left,11.0,7.0,3.2,BRCA,44.4,Deceased,Negative,Yes,140.13,Not Recurred,Female,ER+/HER2- High Prolif,10.0,1.0,Died of Other Causes
MTS-T0388,63,Breast Conserving,Breast Cancer,Invasive Breast Carcinoma,Low,No,claudin-low,8.0,Positve,Positive,3,Neutral,Negative,Ductal/NST,Yes,Post,10,Left,11.0,11.0,4.12,BRCA,44.4,Deceased,Negative,Yes,175.66,Not Recurred,Female,ER+/HER2- High Prolif,6.0,1.0,Died of Other Causes
MTS-T0389,57,Breast Conserving,Breast Cancer,Breast Invasive Ductal Carcinoma,Low,No,claudin-low,8.0,Positve,Positive,2,Neutral,Negative,Ductal/NST,Yes,Post,10,Left,11.0,5.0,3.26,IDC,44.4,Deceased,Negative,Yes,98.68,Not Recurred,Female,ER+/HER2- High Prolif,13.0,1.0,Died of Other Causes
MTS-T0390,65,Breast Conserving,Breast Cancer,Breast Invasive Ductal Carcinoma,Low,No,claudin-low,8.0,Positve,Positive,3,Neutral,Negative,Ductal/NST,Yes,Post,10,Left,11.0,5.0,6.9,IDC,44.4,Deceased,Negative,Yes,19.74,Recurred,Female,ER+/HER2- High Prolif,45.0,3.0,Died of Other Causes
MTS-T0391,69,Breast Conserving,Breast Cancer,Breast Invasive Ductal Carcinoma,Low,No,claudin-low,8.0,Negative,Negative,3,Neutral,Negative,Ductal/NST,Yes,Post,10,Left,11.0,3.0,4.52,IDC,44.4,Deceased,Negative,Yes,162.83,Not Recurred,Female,ER+/HER2- High Prolif,26.0,1.0,Died of Other Causes
MTS-T0392,47,Breast Conserving,Breast Cancer,Breast Invasive Ductal Carcinoma,Low,No,claudin-low,8.0,Negative,Negative,3,Neutral,Negative,Ductal/NST,Yes,Post,10,Left,11.0,8.0,4.44,IDC,44.4,Deceased,Negative,Yes,177.63,Not Recurred,Female,ER+/HER2- High Prolif,22.0,1.0,Died of Other Causes
MTS-T0393,62,Breast Conserving,Breast Cancer,Breast Mixed Ductal and Lobular Carcinoma,Low,No,claudin-low,8.0,Positve,Positive,2,Neutral,Negative,Mixed,Yes,Post,10,Left,11.0,7.0,4.5,MDLC,44.4,Deceased,Negative,Yes,171.71,Not Recurred,Female,ER+/HER2- High Prolif,25.0,2.0,Died of Other Causes
MTS-T0394,61,Breast Conserving,Breast Cancer,Breast Mixed Ductal and Lobular Carcinoma,Low,No,claudin-low,8.0,Positve,Positive,1,Neutral,Negative,Mixed,Yes,Post,10,Left,11.0,9.0,2.2,MDLC,44.4,Deceased,Negative,Yes,183.55,Not Recurred,Female,ER+/HER2- High Prolif,10.0,1.0,Died of Other Causes
MTS-T0395,66,Breast Conserving,Breast Cancer,Breast Mixed Ductal and Lobular Carcinoma,Low,No,claudin-low,8.0,Positve,Positive,1,Neutral,Negative,Mixed,Yes,Post,10,Left,11.0,12.0,2.2,MDLC,44.4,Deceased,Negative,Yes,187.5,Not Recurred,Female,ER+/HER2- High Prolif,10.0,1.0,Died of Other Causes
MTS-T0396,53,Breast Conserving,Breast Cancer,Breast Mixed Ductal and Lobular Carcinoma,Low,No,claudin-low,8.0,Positve,Positive,1,Neutral,Negative,Mixed,Yes,Post,10,Left,11.0,4.0,3.4,MDLC,44.4,Deceased,Negative,Yes,191.45,Not Recurred,Female,ER+/HER2- High Prolif,20.0,2.0,Died of Other Causes
MTS-T0397,69,Breast Conserving,Breast Cancer,Breast Mixed Ductal and Lobular Carcinoma,Low,No,claudin-low,8.0,Positve,Positive,2,Neutral,Negative,Mixed,Yes,Post,10,Left,11.0,9.0,3.6,MDLC,44.4,Deceased,Negative,Yes,131.25,Not Recurred,Female,ER+/HER2- High Prolif,30.0,1.0,Died of Other Causes
MTS-T0398,64,Breast Conserving,Breast Cancer,Breast Invasive Ductal Carcinoma,Low,No,claudin-low,8.0,Negative,Negative,3,Neutral,Negative,Ductal/NST,Yes,Post,10,Left,11.0,4.0,4.4,IDC,44.4,Deceased,Negative,Yes,176.64,Not Recurred,Female,ER+/HER2- High Prolif,20.0,1.0,Died of Other Causes
MTS-T0399,58,Breast Conserving,Breast Cancer,Invasive Breast Carcinoma,Low,No,claudin-low,8.0,Positve,Positive,3,Neutral,Negative,Ductal/NST,Yes,Post,10,Left,11.0,7.0,4.3,BRCA,44.4,Deceased,Negative,Yes,179.61,Not Recurred,Female,ER+/HER2- High Prolif,15.0,1.0,Died of Other Causes
MTS-T0400,69,Breast Conserving,Breast Cancer,Breast Invasive Ductal Carcinoma,Low,No,claudin-low,8.0,Negative,Negative,3,Neutral,Negative,Ductal/NST,Yes,Post,10,Left,11.0,4.0,4.5,IDC,44.4,Deceased,Negative,Yes,178.62,Not Recurred,Female,ER+/HER2- High Prolif,25.0,1.0,Died of Other Causes
MTS-T0401,62,Breast Conserving,Breast Cancer,Breast Invasive Ductal Carcinoma,Low,No,claudin-low,8.0,Positve,Positive,2,Neutral,Negative,Ductal/NST,Yes,Post,10,Left,11.0,2.0,3.5,IDC,44.4,Deceased,Negative,Yes,153.95,Not Recurred,Female,ER+/HER2- High Prolif,25.0,1.0,Died of Other Causes
MTS-T0402,59,Breast Conserving,Breast Cancer,Breast Invasive Ductal Carcinoma,Low,No,claudin-low,8.0,Positve,Positive,2,Neutral,Negative,Ductal/NST,Yes,Post,10,Left,11.0,7.0,4.54,IDC,44.4,Deceased,Negative,Yes,182.57,Not Recurred,Female,ER+/HER2- High Prolif,27.0,2.0,Died of Other Causes
MTS-T0403,52,Breast Conserving,Breast Cancer,Breast Invasive Ductal Carcinoma,Low,No,claudin-low,8.0,Positve,Positive,3,Neutral,Negative,Ductal/NST,Yes,Post,10,Left,11.0,6.0,4.3,IDC,44.4,Deceased,Positive,Yes,54.28,Recurred,Female,ER+/HER2- High Prolif,15.0,1.0,Died of Other Causes
MTS-T0404,68,Breast Conserving,Breast Cancer,Breast Mixed Ductal and Lobular Carcinoma,Low,No,claudin-low,8.0,Positve,Positive,1,Neutral,Negative,Mixed,Yes,Post,10,Left,11.0,6.0,2.3,MDLC,44.4,Deceased,Positive,Yes,182.57,Not Recurred,Female,ER+/HER2- High Prolif,15.0,1.0,Died of Other Causes
MTS-T0405,55,Breast Conserving,Breast Cancer,Breast Invasive Ductal Carcinoma,Low,No,claudin-low,8.0,Positve,Positive,2,Neutral,Negative,Ductal/NST,Yes,Post,10,Left,11.0,7.0,3.3,IDC,44.4,Deceased,Positive,Yes,115.46,Recurred,Female,ER+/HER2- High Prolif,15.0,1.0,Died of Other Causes
MTS-T0406,51,Breast Conserving,Breast Cancer,Breast Mixed Ductal and Lobular Carcinoma,Low,No,claudin-low,8.0,Positve,Positive,2,Neutral,Negative,Mixed,Yes,Post,10,Left,11.0,7.0,4.4,MDLC,44.4,Deceased,Positive,Yes,71.05,Recurred,Female,ER+/HER2- High Prolif,20.0,2.0,Died of Other Causes
MTS-T0407,55,Breast Conserving,Breast Cancer,Breast Mixed Ductal and Lobular Carcinoma,Low,No,claudin-low,8.0,Positve,Positive,3,Neutral,Negative,Mixed,Yes,Post,10,Left,11.0,3.0,6.44,MDLC,44.4,Deceased,Positive,Yes,54.28,Recurred,Female,ER+/HER2- High Prolif,22.0,3.0,Died of Other Causes
MTS-T0408,68,Breast Conserving,Breast Cancer,Invasive Breast Carcinoma,Low,No,claudin-low,8.0,Positve,Positive,2,Neutral,Negative,Mixed,Yes,Post,10,Left,11.0,4.0,3.18,BRCA,44.4,Deceased,Positive,Yes,79.93,Not Recurred,Female,ER+/HER2- High Prolif,9.0,1.0,Died of Other Causes
MTS-T0409,41,Breast Conserving,Breast Cancer,Breast Invasive Ductal Carcinoma,Low,No,claudin-low,7.0,Positve,Positive,3,Neutral,Negative,Ductal/NST,Yes,Post,10,Left,11.0,1.0,3.18,IDC,44.4,Deceased,Positive,No,79.93,Recurred,Female,ER+/HER2- High Prolif,9.0,1.0,Died of Other Causes
MTS-T0456,53,Breast Conserving,Breast Cancer,Breast Invasive Ductal Carcinoma,Low,No,claudin-low,1.0,Positve,Positive,2,Neutral,Negative,Ductal/NST,Yes,Post,10,Left,0.0,11.0,3.5,IDC,44.4,Deceased,Positive,No,188.62,Not Recurred,Female,ER+/HER2- High Prolif,25.0,2.0,Died of Other Causes
MTS-T0466,47,Breast Conserving,Breast Cancer,Breast Invasive Ductal Carcinoma,Low,No,claudin-low,1.0,Negative,Negative,2,Neutral,Negative,Ductal/NST,Yes,Post,10,Left,8.0,8.0,6.22,IDC,44.4,Deceased,Positive,No,31.61,Recurred,Female,ER+/HER2- High Prolif,61.0,3.0,Died of Other Causes
MTS-T0468,81,Breast Conserving,Breast Cancer,Breast Invasive Ductal Carcinoma,Low,No,claudin-low,1.0,Positve,Positive,2,Neutral,Negative,Ductal/NST,Yes,Post,10,Left,1.0,3.0,4.6,IDC,44.4,Deceased,Positive,No,106.55,Not Recurred,Female,ER+/HER2- High Prolif,30.0,3.0,Died of Other Causes
MTS-T0479,57,Breast Conserving,Breast Cancer,Breast Invasive Ductal Carcinoma,Low,No,claudin-low,1.0,Negative,Negative,2,Neutral,Negative,Ductal/NST,Yes,Post,10,Left,14.0,2.0,5.48,IDC,44.4,Deceased,Positive,No,16.58,Recurred,Female,ER+/HER2- High Prolif,24.0,3.0,Died of Other Causes
MTS-T0490,74,Breast Conserving,Breast Cancer,Breast Invasive Ductal Carcinoma,Low,No,claudin-low,1.0,Positve,Positive,2,Neutral,Positive,Ductal/NST,Yes,Post,10,Left,0.0,5.0,3.42,IDC,44.4,Deceased,Positive,No,185.66,Not Recurred,Female,ER+/HER2- High Prolif,21.0,2.0,Died of Other Causes
MTS-T0508,74,Breast Conserving,Breast Cancer,Breast Invasive Ductal Carcinoma,Low,No,claudin-low,1.0,Positve,Positive,2,Neutral,Positive,Ductal/NST,Yes,Post,10,Left,2.0,7.0,4.5,IDC,44.4,Deceased,Positive,No,39.64,Not Recurred,Female,ER+/HER2- High Prolif,25.0,2.0,Died of Other Causes
MTS-T0510,32,Breast Conserving,Breast Cancer,Invasive Breast Carcinoma,Low,No,claudin-low,1.0,Negative,Negative,3,Neutral,Positive,Ductal/NST,Yes,Post,10,Left,4.0,4.0,7.2,BRCA,44.4,Deceased,Positive,No,233.95,Not Recurred,Female,ER+/HER2- High Prolif,60.0,2.0,Died of Other Causes
MTS-T0515,70,Breast Conserving,Breast Cancer,Breast Invasive Ductal Carcinoma,Low,No,claudin-low,1.0,Positve,Positive,2,Neutral,Positive,Ductal/NST,Yes,Post,10,Left,0.0,8.0,3.24,IDC,44.4,Deceased,Positive,No,185.23,Not Recurred,Female,ER+/HER2- High Prolif,12.0,1.0,Died of Other Causes
MTS-T0516,65,Breast Conserving,Breast Cancer,Breast Invasive Ductal Carcinoma,Low,No,claudin-low,1.0,Positve,Positive,2,Neutral,Positive,Ductal/NST,Yes,Post,10,Left,0.0,1.0,3.4,IDC,44.4,Deceased,Positive,No,188.19,Not Recurred,Female,ER+/HER2- High Prolif,20.0,1.0,Died of Other Causes
MTS-T0525,51,Breast Conserving,Breast Cancer,Breast Invasive Ductal Carcinoma,Low,No,claudin-low,1.0,Positve,Positive,2,Neutral,Positive,Ductal/NST,Yes,Post,10,Left,0.0,6.0,3.3,IDC,44.4,Deceased,Positive,No,189.08,Not Recurred,Female,ER+/HER2- High Prolif,15.0,1.0,Died of Other Causes
MTS-T0528,81,Breast Conserving,Breast Cancer,Breast Invasive Ductal Carcinoma,Low,No,claudin-low,1.0,Negative,Negative,3,Neutral,Positive,Ductal/NST,Yes,Post,10,Left,0.0,7.0,5.3,IDC,44.4,Deceased,Positive,No,134.01,Not Recurred,Female,ER+/HER2- High Prolif,65.0,3.0,Died of Other Causes
MTS-T0558,72,Breast Conserving,Breast Cancer,Breast Invasive Ductal Carcinoma,Low,No,claudin-low,1.0,Positve,Positive,2,Neutral,Positive,Ductal/NST,Yes,Post,10,Left,1.0,5.0,4.4,IDC,44.4,Deceased,Positive,No,123.03,Not Recurred,Female,ER+/HER2- High Prolif,20.0,2.0,Died of Other Causes
MTS-T0600,67,Breast Conserving,Breast Cancer,Breast Invasive Lobular Carcinoma,Low,No,claudin-low,1.0,Positve,Positive,2,Neutral,Positive,Lobular,Yes,Post,10,Left,0.0,5.0,4.4,ILC,44.4,Deceased,Positive,No,201.22,Not Recurred,Female,ER+/HER2- High Prolif,14.0,1.0,Died of Other Causes
MTS-T0602,56,Breast Conserving,Breast Cancer,Breast Invasive Ductal Carcinoma,Low,No,claudin-low,1.0,Positve,Positive,2,Neutral,Positive,Ductal/NST,Yes,Post,10,Left,0.0,5.0,4.4,IDC,44.4,Deceased,Positive,No,41.15,Not Recurred,Female,ER+/HER2- High Prolif,20.0,2.0,Died of Other Causes
MTS-T0646,63,Breast Conserving,Breast Cancer,Breast Invasive Ductal Carcinoma,Low,No,claudin-low,1.0,Negative,Negative,3,Neutral,Positive,Ductal/NST,Yes,Post,10,Left,0.0,5.0,4.68,IDC,44.4,Deceased,Positive,No,181.58,Not Recurred,Female,ER+/HER2- High Prolif,34.0,1.0,Died of Other Causes
MTS-T0652,59,Breast Conserving,Breast Cancer,Breast Invasive Ductal Carcinoma,Low,No,claudin-low,1.0,Positve,Positive,3,Neutral,Positive,Ductal/NST,Yes,Post,10,Left,0.0,5.0,4.68,IDC,44.4,Deceased,Positive,No,201.58,Not Recurred,Female,ER+/HER2- High Prolif,13.0,1.0,Died of Other Causes
MTS-T0673,65,Breast Conserving,Breast Cancer,Breast Invasive Ductal Carcinoma,Low,No,claudin-low,1.0,Positve,Positive,2,Neutral,Positive,Ductal/NST,Yes,Post,10,Left,2.0,3.0,4.28,IDC,44.4,Deceased,Positive,No,42.24,Recurred,Female,ER+/HER2- High Prolif,14.0,2.0,Died of Other Causes
MTS-T0685,63,Breast Conserving,Breast Cancer,Breast Invasive Lobular Carcinoma,Low,No,claudin-low,1.0,Negative,Negative,3,Neutral,Positive,Lobular,Yes,Post,10,Left,0.0,14.0,4.7,ILC,44.4,Deceased,Positive,No,8.68,Recurred,Female,ER+/HER2- High Prolif,35.0,1.0,Died of Other Causes
MTS-T0689,52,Breast Conserving,Breast Cancer,Breast Invasive Ductal Carcinoma,Low,No,claudin-low,7.0,Negative,Negative,3,Neutral,Positive,Ductal/NST,Yes,Post,10,Left,0.0,2.0,4.7,IDC,44.4,Deceased,Positive,No,8.68,Recurred,Female,ER+/HER2- High Prolif,35.0,1.0,Died of Other Causes
MTS-T0690,54,Breast Conserving,Breast Cancer,Breast Invasive Ductal Carcinoma,Low,No,claudin-low,7.0,Positve,Positive,2,Neutral,Positive,Ductal/NST,Yes,Post,10,Left,0.0,2.0,4.7,IDC,44.4,Deceased,Positive,No,8.68,Not Recurred,Female,ER+/HER2- High Prolif,35.0,1.0,Died of Other Causes
MTS-T0691,39,Breast Conserving,Breast Cancer,Breast Invasive Mixed Mucinous Carcinoma,Low,No,claudin-low,7.0,Positve,Positive,3,Neutral,Positive,Ductal/NST,Yes,Post,10,Left,0.0,11.0,4.7,IMMC,44.4,Deceased,Positive,No,8.68,Not Recurred,Female,ER+/HER2- High Prolif,35.0,1.0,Died of Other Causes
MTS-T0692,53,Breast Conserving,Breast Cancer,Invasive Breast Carcinoma,Low,No,claudin-low,7.0,Positve,Positive,3,Neutral,Positive,Ductal/NST,Yes,Post,10,Left,0.0,3.0,4.7,BRCA,44.4,Deceased,Positive,No,8.68,Not Recurred,Female,ER+/HER2- High Prolif,35.0,1.0,Died of Other Causes
MTS-T0693,52,Breast Conserving,Breast Cancer,Breast Invasive Ductal Carcinoma,Low,No,claudin-low,7.0,Positve,Positive,3,Neutral,Positive,Ductal/NST,Yes,Post,10,Left,0.0,8.0,4.7,IDC,44.4,Deceased,Positive,No,8.68,Not Recurred,Female,ER+/HER2- High Prolif,35.0,1.0,Died of Other Causes
MTS-T0694,35,Breast Conserving,Breast Cancer,Breast Invasive Ductal Carcinoma,Low,No,claudin-low,7.0,Negative,Negative,3,Neutral,Positive,Ductal/NST,Yes,Post,10,Left,0.0,5.0,4.7,IDC,44.4,Deceased,Positive,No,8.68,Recurred,Female,ER+/HER2- High Prolif,35.0,1.0,Died of Other Causes
MTS-T0695,45,Breast Conserving,Breast Cancer,Breast Invasive Ductal Carcinoma,Low,No,claudin-low,7.0,Positve,Positive,3,Neutral,Positive,Ductal/NST,Yes,Post,10,Left,0.0,1.0,4.7,IDC,44.4,Deceased,Positive,No,8.68,Not Recurred,Female,ER+/HER2- High Prolif,35.0,1.0,Died of Other Causes
MTS-T0696,51,Breast Conserving,Breast Cancer,Breast Invasive Ductal Carcinoma,Low,Yes,claudin-low,7.0,Positve,Positive,3,Neutral,Positive,Ductal/NST,Yes,Post,10,Left,0.0,3.0,4.7,IDC,44.4,Deceased,Positive,No,8.68,Recurred,Female,ER+/HER2- High Prolif,35.0,1.0,Died of Other Causes
MTS-T0697,53,Breast Conserving,Breast Cancer,Breast Invasive Ductal Carcinoma,Low,Yes,claudin-low,7.0,Positve,Positive,2,Neutral,Positive,Ductal/NST,Yes,Post,10,Left,0.0,3.0,4.7,IDC,44.4,Deceased,Positive,No,8.68,Not Recurred,Female,ER+/HER2- High Prolif,35.0,1.0,Died of Other Causes
MTS-T0698,51,Breast Conserving,Breast Cancer,Breast Invasive Ductal Carcinoma,Low,Yes,claudin-low,7.0,Positve,Positive,3,Neutral,Positive,Ductal/NST,Yes,Post,10,Left,0.0,9.0,4.7,IDC,44.4,Deceased,Positive,No,8.68,Recurred,Female,ER+/HER2- High Prolif,35.0,1.0,Died of Other Causes
MTS-T0699,47,Breast Conserving,Breast Cancer,Breast Invasive Ductal Carcinoma,Low,Yes,claudin-low,7.0,Positve,Positive,3,Neutral,Positive,Ductal/NST,Yes,Post,10,Left,0.0,4.0,4.7,IDC,44.4,Deceased,Positive,No,8.68,Recurred,Female,ER+/HER2- High Prolif,35.0,1.0,Died of Other Causes
MTS-T0700,36,Breast Conserving,Breast Cancer,Breast Invasive Ductal Carcinoma,Low,Yes,claudin-low,7.0,Negative,Negative,3,Neutral,Positive,Ductal/NST,Yes,Post,10,Left,0.0,6.0,4.7,IDC,44.4,Deceased,Positive,No,8.68,Not Recurred,Female,ER+/HER2- High Prolif,35.0,1.0,Died of Other Causes
MTS-T0701,49,Breast Conserving,Breast Cancer,Breast Invasive Lobular Carcinoma,Low,Yes,claudin-low,7.0,Positve,Positive,2,Neutral,Positive,Lobular,Yes,Post,10,Left,0.0,2.0,4.7,ILC,44.4,Deceased,Positive,No,8.68,Recurred,Female,ER+/HER2- High Prolif,35.0,1.0,Died of Other Causes
MTS-T0702,58,Breast Conserving,Breast Cancer,Breast Invasive Ductal Carcinoma,Low,Yes,claudin-low,7.0,Negative,Negative,3,Neutral,Positive,Ductal/NST,Yes,Post,10,Left,0.0,2.0,4.7,IDC,44.4,Deceased,Positive,No,8.68,Not Recurred,Female,ER+/HER2- High Prolif,35.0,1.0,Died of Other Causes
MTS-T0703,52,Breast Conserving,Breast Cancer,Breast Invasive Ductal Carcinoma,Low,Yes,claudin-low,7.0,Positve,Positive,2,Neutral,Positive,Ductal/NST,Yes,Post,10,Left,0.0,2.0,4.7,IDC,44.4,Deceased,Positive,No,8.68,Not Recurred,Female,ER+/HER2- High Prolif,35.0,1.0,Died of Other Causes
MTS-T0704,47,Breast Conserving,Breast Cancer,Breast Invasive Ductal Carcinoma,Low,Yes,claudin-low,7.0,Negative,Negative,3,Neutral,Positive,Ductal/NST,Yes,Post,10,Left,0.0,3.0,4.7,IDC,44.4,Deceased,Positive,No,8.68,Recurred,Female,ER+/HER2- High Prolif,35.0,1.0,Died of Other Causes
MTS-T0705,34,Breast Conserving,Breast Cancer,Breast Invasive Ductal Carcinoma,Low,Yes,claudin-low,7.0,Negative,Negative,3,Neutral,Positive,Ductal/NST,Yes,Post,10,Left,0.0,3.0,4.7,IDC,44.4,Deceased,Positive,No,8.68,Recurred,Female,ER+/HER2- High Prolif,35.0,1.0,Died of Other Causes
MTS-T0706,52,Breast Conserving,Breast Cancer,Invasive Breast Carcinoma,Low,Yes,claudin-low,7.0,Positve,Positive,2,Neutral,Positive,Ductal/NST,Yes,Post,10,Left,0.0,3.0,4.7,BRCA,44.4,Deceased,Positive,No,8.68,Not Recurred,Female,ER+/HER2- High Prolif,35.0,1.0,Died of Other Causes
MTS-T0707,43,Breast Conserving,Breast Cancer,Breast Invasive Ductal Carcinoma,Low,Yes,claudin-low,7.0,Negative,Negative,3,Neutral,Positive,Ductal/NST,Yes,Post,10,Left,0.0,3.0,4.7,IDC,44.4,Deceased,Positive,No,8.68,Recurred,Female,ER+/HER2- High Prolif,35.0,1.0,Died of Other Causes
MTS-T0708,43,Breast Conserving,Breast Cancer,Breast Invasive Ductal Carcinoma,Low,Yes,claudin-low,7.0,Negative,Negative,3,Neutral,Positive,Ductal/NST,Yes,Post,10,Left,0.0,6.0,4.7,IDC,44.4,Deceased,Positive,No,8.68,Not Recurred,Female,ER+/HER2- High Prolif,35.0,1.0,Died of Other Causes
MTS-T0709,45,Breast Conserving,Breast Cancer,Breast Invasive Ductal Carcinoma,Low,Yes,claudin-low,7.0,Negative,Negative,2,Neutral,Positive,Ductal/NST,Yes,Post,10,Left,0.0,4.0,4.7,IDC,44.4,Deceased,Positive,No,8.68,Recurred,Female,ER+/HER2- High Prolif,35.0,1.0,Died of Other Causes
MTS-T0710,52,Breast Conserving,Breast Cancer,Breast Invasive Ductal Carcinoma,Low,Yes,claudin-low,7.0,Negative,Negative,3,Neutral,Positive,Ductal/NST,Yes,Post,10,Left,0.0,1.0,4.7,IDC,44.4,Deceased,Positive,No,8.68,Not Recurred,Female,ER+/HER2- High Prolif,35.0,1.0,Died of Other Causes
MTS-T0711,56,Breast Conserving,Breast Cancer,Invasive Breast Carcinoma,Low,Yes,claudin-low,7.0,Positve,Positive,1,Neutral,Positive,Ductal/NST,Yes,Post,10,Left,0.0,6.0,4.7,BRCA,44.4,Deceased,Positive,No,8.68,Recurred,Female,ER+/HER2- High Prolif,35.0,1.0,Died of Other Causes
MTS-T0712,46,Breast Conserving,Breast Cancer,Breast Invasive Ductal Carcinoma,Low,Yes,claudin-low,7.0,Positve,Positive,3,Neutral,Positive,Ductal/NST,Yes,Post,10,Left,0.0,6.0,4.7,IDC,44.4,Deceased,Positive,No,8.68,Recurred,Female,ER+/HER2- High Prolif,35.0,1.0,Died of Other Causes
MTS-T0713,50,Breast Conserving,Breast Cancer,Breast Invasive Ductal Carcinoma,Low,Yes,claudin-low,7.0,Negative,Negative,3,Neutral,Positive,Ductal/NST,Yes,Post,10,Left,0.0,8.0,4.7,IDC,44.4,Deceased,Positive,No,8.68,Not Recurred,Female,ER+/HER2- High Prolif,35.0,1.0,Died of Other Causes
MTS-T0714,43,Breast Conserving,Breast Cancer,Breast Invasive Ductal Carcinoma,Low,Yes,claudin-low,7.0,Negative,Negative,3,Neutral,Positive,Medullary,Yes,Post,10,Left,0.0,8.0,4.7,IDC,44.4,Deceased,Positive,No,8.68,Not Recurred,Female,ER+/HER2- High Prolif,35.0,1.0,Died of Other Causes
MTS-T0715,45,Breast Conserving,Breast Cancer,Breast Invasive Ductal Carcinoma,Low,Yes,claudin-low,7.0,Positve,Positive,3,Neutral,Positive,Ductal/NST,Yes,Post,10,Left,0.0,2.0,4.7,IDC,44.4,Deceased,Positive,No,8.68,Not Recurred,Female,ER+/HER2- High Prolif,35.0,1.0,Died of Other Causes
MTS-T0716,36,Breast Conserving,Breast Cancer,Breast Invasive Ductal Carcinoma,Low,Yes,claudin-low,7.0,Positve,Positive,3,Neutral,Positive,Ductal/NST,Yes,Post,10,Left,0.0,6.0,4.7,IDC,44.4,Deceased,Positive,No,8.68,Recurred,Female,ER+/HER2- High Prolif,35.0,1.0,Died of Other Causes
MTS-T0717,42,Breast Conserving,Breast Cancer,Breast Invasive Ductal Carcinoma,Low,Yes,claudin-low,7.0,Positve,Positive,3,Neutral,Positive,Ductal/NST,Yes,Post,10,Left,0.0,1.0,4.7,IDC,44.4,Deceased,Positive,No,8.68,Not Recurred,Female,ER+/HER2- High Prolif,35.0,1.0,Died of Other Causes
MTS-T0718,58,Breast Conserving,Breast Cancer,Invasive Breast Carcinoma,Low,Yes,claudin-low,7.0,Positve,Positive,3,Neutral,Positive,Ductal/NST,Yes,Post,10,Left,0.0,2.0,4.7,BRCA,44.4,Deceased,Positive,No,8.68,Recurred,Female,ER+/HER2- High Prolif,35.0,1.0,Died of Other Causes
MTS-T0719,43,Breast Conserving,Breast Cancer,Breast Invasive Ductal Carcinoma,Low,Yes,claudin-low,7.0,Positve,Positive,3,Neutral,Positive,Ductal/NST,Yes,Post,10,Left,0.0,2.0,4.7,IDC,44.4,Deceased,Positive,No,8.68,Not Recurred,Female,ER+/HER2- High Prolif,35.0,1.0,Died of Other Causes
MTS-T0720,60,Breast Conserving,Breast Cancer,Breast Invasive Ductal Carcinoma,Low,Yes,claudin-low,7.0,Positve,Positive,3,Neutral,Positive,Ductal/NST,Yes,Post,10,Left,0.0,1.0,4.7,IDC,44.4,Deceased,Positive,No,55.49,Not Recurred,Female,ER+/HER2- High Prolif,35.0,1.0,Died of Other Causes
MTS-T0721,39,Breast Conserving,Breast Cancer,Invasive Breast Carcinoma,Low,Yes,claudin-low,7.0,Positve,Positive,2,Neutral,Positive,Ductal/NST,Yes,Post,10,Left,0.0,5.0,4.7,BRCA,44.4,Deceased,Positive,No,55.49,Recurred,Female,ER+/HER2- High Prolif,35.0,1.0,Died of Other Causes
MTS-T0722,45,Breast Conserving,Breast Cancer,Breast Invasive Ductal Carcinoma,Low,Yes,claudin-low,7.0,Positve,Positive,2,Neutral,Positive,Ductal/NST,Yes,Post,10,Left,0.0,1.0,4.7,IDC,44.4,Deceased,Positive,No,55.49,Not Recurred,Female,ER+/HER2- High Prolif,35.0,1.0,Died of Other Causes
MTS-T0723,60,Breast Conserving,Breast Cancer,Breast Invasive Ductal Carcinoma,Low,Yes,claudin-low,7.0,Positve,Positive,2,Neutral,Positive,Ductal/NST,Yes,Post,10,Left,0.0,4.0,4.7,IDC,44.4,Deceased,Positive,No,55.49,Not Recurred,Female,ER+/HER2- High Prolif,35.0,1.0,Died of Other Causes
MTS-T0724,43,Breast Conserving,Breast Cancer,Breast Invasive Ductal Carcinoma,Low,Yes,claudin-low,7.0,Positve,Positive,2,Neutral,Positive,Ductal/NST,Yes,Post,10,Left,0.0,1.0,4.7,IDC,44.4,Deceased,Positive,No,55.49,Not Recurred,Female,ER+/HER2- High Prolif,35.0,1.0,Died of Other Causes
MTS-T0725,46,Breast Conserving,Breast Cancer,Breast Invasive Ductal Carcinoma,Low,Yes,claudin-low,7.0,Positve,Positive,3,Neutral,Positive,Ductal/NST,Yes,Post,10,Left,0.0,4.0,4.7,IDC,44.4,Deceased,Positive,No,55.49,Recurred,Female,ER+/HER2- High Prolif,35.0,1.0,Died of Other Causes
MTS-T0726,65,Breast Conserving,Breast Cancer,Breast Invasive Ductal Carcinoma,Low,Yes,claudin-low,7.0,Positve,Positive,3,Neutral,Positive,Ductal/NST,Yes,Post,10,Left,0.0,2.0,4.7,IDC,44.4,Deceased,Positive,No,55.49,Not Recurred,Female,ER+/HER2- High Prolif,35.0,1.0,Died of Other Causes
MTS-T0737,59,Breast Conserving,Breast Cancer,Breast Invasive Ductal Carcinoma,Low,Yes,claudin-low,1.0,Negative,Negative,3,Neutral,Positive,Ductal/NST,Yes,Post,10,Left,0.0,9.0,4.44,IDC,44.4,Deceased,Positive,No,55.49,Not Recurred,Female,ER+/HER2- High Prolif,22.0,2.0,Died of Other Causes
MTS-T0788,62,Breast Conserving,Breast Cancer,Breast Invasive Ductal Carcinoma,Low,Yes,claudin-low,1.0,Positve,Positive,3,Neutral,Positive,Ductal/NST,Yes,Post,10,Left,0.0,3.0,4.5,IDC,44.4,Deceased,Positive,No,81.97,Recurred,Female,ER+/HER2- High Prolif,25.0,2.0,Died of Other Causes
MTS-T0824,74,Breast Conserving,Breast Cancer,Breast Invasive Ductal Carcinoma,Low,Yes,claudin-low,1.0,Negative,Negative,3,Neutral,Positive,Ductal/NST,Yes,Post,10,Left,0.0,9.0,4.64,IDC,44.4,Deceased,Positive,No,23.42,Recurred,Female,ER+/HER2- High Prolif,32.0,2.0,Died of Other Causes
MTS-T0877,78,Breast Conserving,Breast Cancer,Breast Invasive Ductal Carcinoma,Low,Yes,claudin-low,1.0,Positve,Positive,3,Neutral,Positive,Ductal/NST,Yes,Post,10,Left,4.0,6.0,7.1,IDC,44.4,Deceased,Positive,No,24.41,Recurred,Female,ER+/HER2- High Prolif,55.0,3.0,Died of Other Causes
MTS-T0883,74,Breast Conserving,Breast Cancer,Breast Invasive Ductal Carcinoma,Low,Yes,claudin-low,1.0,Positve,Positive,2,Neutral,Positive,Ductal/NST,Yes,Post,10,Left,0.0,2.0,3.4,IDC,44.4,Deceased,Positive,No,223.85,Not Recurred,Female,ER+/HER2- High Prolif,20.0,1.0,Died of Other Causes
MTS-T0911,64,Breast Conserving,Breast Cancer,Breast Invasive Ductal Carcinoma,Low,Yes,claudin-low,1.0,Positve,Positive,3,Neutral,Positive,Ductal/NST,Yes,Post,10,Left,1.0,3.0,5.44,IDC,44.4,Deceased,Positive,No,23.29,Recurred,Female,ER+/HER2- High Prolif,22.0,2.0,Died of Other Causes
MTS-T0927,73,Breast Conserving,Breast Cancer,Breast Invasive Ductal Carcinoma,Low,Yes,claudin-low,1.0,Negative,Negative,1,Neutral,Positive,Ductal/NST,Yes,Post,10,Left,0.0,6.0,5.44,IDC,44.4,Deceased,Positive,No,107.66,Not Recurred,Female,ER+/HER2- High Prolif,11.0,1.0,Died of Other Causes
MTS-T0951,61,Breast Conserving,Breast Cancer,Invasive Breast Carcinoma,Low,Yes,claudin-low,1.0,Positve,Positive,3,Neutral,Positive,Ductal/NST,Yes,Post,10,Left,0.0,6.0,5.44,BRCA,44.4,Deceased,Positive,No,202.3,Not Recurred,Female,ER+/HER2- High Prolif,17.0,1.0,Died of Other Causes
MTS-T1000,73,Breast Conserving,Breast Cancer,Invasive Breast Carcinoma,Low,Yes,claudin-low,1.0,Positve,Positive,3,Neutral,Positive,Ductal/NST,Yes,Post,10,Left,0.0,13.0,5.44,BRCA,44.4,Deceased,Positive,No,202.3,Not Recurred,Female,ER+/HER2- High Prolif,17.0,0.0,Died of Other Causes
MTS-T1020,62,Breast Conserving,Breast Cancer,Breast Invasive Ductal Carcinoma,Low,Yes,claudin-low,1.0,Negative,Negative,3,Neutral,Positive,Ductal/NST,Yes,Post,10,Left,0.0,6.0,5.44,IDC,44.4,Deceased,Positive,No,196.88,Not Recurred,Female,ER+/HER2- High Prolif,25.0,2.0,Died of Other Causes
MTS-T1047,73,Breast Conserving,Breast Cancer,Invasive Breast Carcinoma,Low,Yes,claudin-low,1.0,Negative,Negative,3,Neutral,Positive,Ductal/NST,Yes,Post,10,Left,0.0,5.0,5.44,BRCA,44.4,Deceased,Positive,No,196.88,Not Recurred,Female,ER+/HER2- High Prolif,25.0,0.0,Died of Other Causes
MTS-T1088,52,Breast Conserving,Breast Cancer,Breast Invasive Ductal Carcinoma,Low,Yes,claudin-low,1.0,Positve,Positive,2,Neutral,Positive,Ductal/NST,Yes,Post,10,Left,0.0,5.0,3.52,IDC,44.4,Deceased,Positive,No,123.85,Not Recurred,Female,ER+/HER2- High Prolif,26.0,2.0,Died of Other Causes
MTS-T1134,62,Breast Conserving,Breast Cancer,Breast Invasive Ductal Carcinoma,Low,Yes,claudin-low,1.0,Positve,Positive,3,Neutral,Positive,Ductal/NST,Yes,Post,10,Left,19.0,5.0,3.52,IDC,44.4,Deceased,Positive,No,7.11,Recurred,Female,ER+/HER2- High Prolif,130.0,2.0,Died of Other Causes
MTS-T1138,69,Breast Conserving,Breast Cancer,Breast Invasive Ductal Carcinoma,Low,Yes,claudin-low,1.0,Positve,Positive,2,Neutral,Positive,Ductal/NST,Yes,Post,10,Left,0.0,5.0,3.52,IDC,44.4,Deceased,Positive,No,86.88,Not Recurred,Female,ER+/HER2- High Prolif,24.6,2.0,Died of Other Causes
MTS-T1161,73,Breast Conserving,Breast Cancer,Invasive Breast Carcinoma,Low,Yes,claudin-low,1.0,Positve,Positive,2,Neutral,Positive,Ductal/NST,Yes,Post,10,Left,0.0,5.0,6.26,BRCA,44.4,Deceased,Positive,No,86.88,Not Recurred,Female,ER+/HER2- High Prolif,24.6,0.0,Died of Other Causes
MTS-T1185,76,Breast Conserving,Breast Cancer,Breast Invasive Ductal Carcinoma,Low,Yes,claudin-low,1.0,Positve,Positive,3,Neutral,Positive,Ductal/NST,Yes,Post,10,Left,0.0,5.0,4.22,IDC,44.4,Deceased,Positive,No,92.34,Not Recurred,Female,ER+/HER2- High Prolif,11.0,1.0,Died of Other Causes
MTS-T1189,70,Breast Conserving,Breast Cancer,Breast Invasive Ductal Carcinoma,Low,Yes,claudin-low,1.0,Positve,Positive,2,Neutral,Positive,Ductal/NST,Yes,Post,10,Left,4.0,4.0,4.22,IDC,44.4,Deceased,Positive,No,176.15,Not Recurred,Female,ER+/HER2- High Prolif,24.05,1.0,Died of Other Causes
MTS-T1191,55,Breast Conserving,Breast Cancer,Breast Invasive Ductal Carcinoma,Low,Yes,claudin-low,1.0,Positve,Positive,3,Neutral,Positive,Ductal/NST,Yes,Post,10,Left,2.0,9.0,4.22,IDC,44.4,Deceased,Positive,No,35.82,Recurred,Female,ER+/HER2- High Prolif,19.0,1.0,Died of Other Causes
MTS-T1203,36,Breast Conserving,Breast Cancer,Breast Invasive Ductal Carcinoma,Low,Yes,claudin-low,1.0,Positve,Positive,2,Neutral,Positive,Ductal/NST,Yes,Post,10,Left,0.0,5.0,3.18,IDC,44.4,Deceased,Positive,No,38.68,Recurred,Female,ER+/HER2- High Prolif,9.0,1.0,Died of Other Causes
MTS-T1213,50,Breast Conserving,Breast Cancer,Breast Mixed Ductal and Lobular Carcinoma,Low,Yes,claudin-low,1.0,Positve,Positive,3,Gain,Positive,Mixed,Yes,Post,10,Left,1.0,4.0,3.18,MDLC,44.4,Deceased,Positive,No,18.22,Recurred,Female,ER+/HER2- High Prolif,1.7,1.0,Died of Other Causes
MTS-T1223,50,Breast Conserving,Breast Cancer,Breast Invasive Ductal Carcinoma,Low,Yes,claudin-low,1.0,Negative,Negative,3,Gain,Positive,Other,Yes,Post,10,Left,1.0,4.0,3.18,BREAST,44.4,Deceased,Positive,No,74.51,Recurred,Female,ER+/HER2- High Prolif,17.3,1.0,Died of Other Causes
MTS-T1240,57,Breast Conserving,Breast Cancer,Breast Invasive Ductal Carcinoma,Low,Yes,claudin-low,1.0,Positve,Positive,2,Gain,Positive,Ductal/NST,Yes,Post,10,Left,5.0,3.0,5.68,IDC,44.4,Deceased,Positive,No,2.2,Recurred,Female,ER+/HER2- High Prolif,34.0,4.0,Died of Other Causes
MTS-T1248,32,Breast Conserving,Breast Cancer,Breast Invasive Ductal Carcinoma,Low,Yes,claudin-low,1.0,Negative,Negative,3,Gain,Positive,Medullary,Yes,Post,10,Left,0.0,16.0,5.68,IDC,44.4,Deceased,Positive,No,14.87,Recurred,Female,ER+/HER2- High Prolif,21.4,4.0,Died of Other Causes
MTS-T1259,42,Breast Conserving,Breast Cancer,Breast Invasive Ductal Carcinoma,Low,Yes,claudin-low,1.0,Negative,Negative,2,Gain,Positive,Ductal/NST,Yes,Post,10,Left,3.0,5.0,5.68,IDC,44.4,Deceased,Positive,No,210.1,Not Recurred,Female,ER+/HER2- High Prolif,25.0,4.0,Died of Other Causes
MTS-T1264,46,Breast Conserving,Breast Cancer,Breast Invasive Ductal Carcinoma,Low,Yes,claudin-low,1.0,Positve,Positive,3,Gain,Positive,Ductal/NST,Yes,Post,10,Left,4.0,1.0,7.0,IDC,44.4,Deceased,Positive,No,162.99,Not Recurred,Female,ER+/HER2- High Prolif,50.0,3.0,Died of Other Causes
MTS-T1269,86,Breast Conserving,Breast Cancer,Breast Invasive Ductal Carcinoma,Low,Yes,claudin-low,1.0,Positve,Positive,2,Gain,Positive,Ductal/NST,Yes,Post,10,Left,1.0,2.0,4.4,IDC,44.4,Deceased,Positive,No,28.78,Not Recurred,Female,ER+/HER2- High Prolif,20.0,1.0,Died of Other Causes
MTS-T1270,79,Breast Conserving,Breast Cancer,Breast Invasive Ductal Carcinoma,Low,Yes,claudin-low,1.0,Negative,Negative,3,Gain,Positive,Ductal/NST,Yes,Post,10,Left,4.0,3.0,7.0,IDC,44.4,Deceased,Positive,No,11.94,Not Recurred,Female,ER+/HER2- High Prolif,50.0,2.0,Died of Other Causes
MTS-T1272,53,Breast Conserving,Breast Cancer,Breast Mixed Ductal and Lobular Carcinoma,Low,Yes,claudin-low,1.0,Positve,Positive,3,Gain,Positive,Mixed,Yes,Post,10,Left,0.0,1.0,7.0,MDLC,44.4,Deceased,Positive,No,113.36,Recurred,Female,ER+/HER2- High Prolif,30.0,3.0,Died of Other Causes
MTS-T1273,73,Breast Conserving,Breast Cancer,Breast Invasive Ductal Carcinoma,Low,Yes,claudin-low,1.0,Positve,Positive,1,Gain,Positive,Ductal/NST,Yes,Post,10,Left,0.0,1.0,2.02,IDC,44.4,Deceased,Positive,No,139.01,Not Recurred,Female,ER+/HER2- High Prolif,12.0,1.0,Died of Other Causes
MTS-T1275,82,Breast Conserving,Breast Cancer,Breast Invasive Ductal Carcinoma,Low,Yes,claudin-low,1.0,Positve,Positive,2,Gain,Positive,Ductal/NST,Yes,Post,1,Left,0.0,1.0,3.28,IDC,44.4,Deceased,Positive,No,101.38,Not Recurred,Female,ER+/HER2- High Prolif,14.0,1.0,Died of Other Causes
MTS-T1276,82,Breast Conserving,Breast Cancer,Breast Invasive Lobular Carcinoma,Low,Yes,claudin-low,1.0,Positve,Positive,3,Gain,Positive,Lobular,Yes,Post,1,Left,7.0,1.0,6.5,ILC,44.4,Deceased,Positive,No,27.5,Recurred,Female,ER+/HER2- High Prolif,26.0,3.0,Died of Other Causes
MTS-T1277,59,Breast Conserving,Breast Cancer,Breast Mixed Ductal and Lobular Carcinoma,Low,Yes,claudin-low,1.0,Positve,Positive,3,Gain,Positive,Mixed,Yes,Post,1,Left,0.0,1.0,4.28,MDLC,44.4,Deceased,Positive,No,90.1,Recurred,Female,ER+/HER2- High Prolif,14.0,1.0,Died of Other Causes
MTS-T1278,69,Breast Conserving,Breast Cancer,Breast Invasive Ductal Carcinoma,Low,Yes,claudin-low,1.0,Positve,Positive,2,Gain,Positive,Ductal/NST,Yes,Post,1,Left,1.0,1.0,4.46,IDC,44.4,Deceased,Positive,No,123.19,Not Recurred,Female,ER+/HER2- High Prolif,23.0,2.0,Died of Other Causes
MTS-T1279,60,Breast Conserving,Breast Cancer,Invasive Breast Carcinoma,Low,Yes,claudin-low,7.0,Positve,Positive,3,Gain,Positive,Ductal/NST,Yes,Post,1,Left,1.0,1.0,4.46,BRCA,44.4,Deceased,Positive,No,123.19,Not Recurred,Female,ER+/HER2- High Prolif,23.0,2.0,Died of Other Causes
MTS-T1280,59,Breast Conserving,Breast Cancer,Breast Invasive Ductal Carcinoma,Low,Yes,claudin-low,7.0,Negative,Negative,3,Gain,Positive,Ductal/NST,Yes,Post,1,Left,1.0,1.0,4.46,IDC,44.4,Deceased,Positive,No,123.19,Recurred,Female,ER+/HER2- High Prolif,23.0,2.0,Died of Other Causes
MTS-T1281,47,Breast Conserving,Breast Cancer,Invasive Breast Carcinoma,Low,Yes,claudin-low,7.0,Positve,Positive,3,Gain,Positive,Ductal/NST,Yes,Post,1,Left,1.0,1.0,4.46,BRCA,44.4,Deceased,Positive,No,123.19,Not Recurred,Female,ER+/HER2- High Prolif,23.0,2.0,Died of Other Causes
MTS-T1282,31,Breast Conserving,Breast Cancer,Invasive Breast Carcinoma,Low,Yes,claudin-low,7.0,Positve,Positive,2,Gain,Positive,Ductal/NST,Yes,Post,1,Left,1.0,3.0,4.46,BRCA,44.4,Deceased,Positive,No,123.19,Not Recurred,Female,ER+/HER2- High Prolif,23.0,2.0,Died of Other Causes
MTS-T1283,65,Breast Conserving,Breast Cancer,Breast Invasive Ductal Carcinoma,Low,Yes,claudin-low,7.0,Positve,Positive,2,Gain,Positive,Ductal/NST,Yes,Post,1,Left,1.0,2.0,4.46,IDC,44.4,Deceased,Positive,No,123.19,Not Recurred,Female,ER+/HER2- High Prolif,23.0,2.0,Died of Other Causes
MTS-T1284,47,Breast Conserving,Breast Cancer,Breast Invasive Ductal Carcinoma,Low,Yes,claudin-low,7.0,Positve,Positive,2,Gain,Positive,Ductal/NST,Yes,Post,1,Left,1.0,35.0,4.46,IDC,44.4,Deceased,Positive,No,123.19,Not Recurred,Female,ER+/HER2- High Prolif,23.0,2.0,Died of Other Causes
MTS-T1285,62,Breast Conserving,Breast Cancer,Breast Invasive Ductal Carcinoma,Low,Yes,claudin-low,7.0,Positve,Positive,2,Gain,Positive,Ductal/NST,Yes,Post,1,Left,1.0,6.0,4.46,IDC,44.4,Deceased,Positive,No,123.19,Not Recurred,Female,ER+/HER2- High Prolif,23.0,2.0,Died of Other Causes
MTS-T1286,51,Breast Conserving,Breast Cancer,Breast Invasive Ductal Carcinoma,Low,Yes,claudin-low,7.0,Positve,Positive,3,Gain,Positive,Ductal/NST,Yes,Post,1,Left,1.0,16.0,4.46,IDC,44.4,Deceased,Positive,No,123.19,Not Recurred,Female,ER+/HER2- High Prolif,23.0,2.0,Died of Other Causes
MTS-T1287,57,Breast Conserving,Breast Cancer,Breast Invasive Ductal Carcinoma,Low,Yes,claudin-low,7.0,Positve,Positive,2,Gain,Positive,Ductal/NST,Yes,Post,1,Left,1.0,2.0,4.46,IDC,44.4,Deceased,Positive,No,123.19,Not Recurred,Female,ER+/HER2- High Prolif,23.0,2.0,Died of Other Causes
MTS-T1288,52,Breast Conserving,Breast Cancer,Invasive Breast Carcinoma,Low,Yes,claudin-low,7.0,Positve,Positive,3,Gain,Positive,Ductal/NST,Yes,Post,1,Left,1.0,4.0,4.46,BRCA,44.4,Deceased,Positive,No,123.19,Not Recurred,Female,ER+/HER2- High Prolif,23.0,2.0,Died of Other Causes
MTS-T1289,46,Breast Conserving,Breast Cancer,Invasive Breast Carcinoma,Low,Yes,claudin-low,7.0,Negative,Negative,2,Gain,Positive,Ductal/NST,Yes,Post,1,Left,1.0,3.0,4.46,BRCA,44.4,Deceased,Positive,No,123.19,Not Recurred,Female,ER+/HER2- High Prolif,23.0,2.0,Died of Other Causes
MTS-T1290,64,Breast Conserving,Breast Cancer,Breast Invasive Ductal Carcinoma,Low,Yes,claudin-low,7.0,Negative,Negative,3,Gain,Positive,Ductal/NST,Yes,Post,1,Left,1.0,4.0,4.46,IDC,44.4,Deceased,Positive,No,123.19,Not Recurred,Female,ER+/HER2- High Prolif,23.0,2.0,Died of Other Causes
MTS-T1291,47,Breast Conserving,Breast Cancer,Breast Invasive Ductal Carcinoma,Low,Yes,claudin-low,7.0,Negative,Negative,3,Gain,Positive,Ductal/NST,Yes,Post,1,Left,1.0,1.0,4.46,IDC,44.4,Deceased,Positive,No,123.19,Not Recurred,Female,ER+/HER2- High Prolif,23.0,2.0,Died of Other Causes
MTS-T1292,61,Breast Conserving,Breast Cancer,Breast Invasive Ductal Carcinoma,Low,Yes,claudin-low,7.0,Negative,Negative,3,Gain,Positive,Ductal/NST,Yes,Post,1,Left,1.0,3.0,4.46,IDC,44.4,Deceased,Positive,No,123.19,Not Recurred,Female,ER+/HER2- High Prolif,23.0,2.0,Died of Other Causes
MTS-T1293,56,Breast Conserving,Breast Cancer,Breast Invasive Ductal Carcinoma,Low,Yes,claudin-low,7.0,Negative,Negative,3,Gain,Positive,Ductal/NST,Yes,Post,1,Left,1.0,3.0,4.46,IDC,44.4,Deceased,Positive,No,123.19,Recurred,Female,ER+/HER2- High Prolif,23.0,2.0,Died of Other Causes
MTS-T1294,37,Breast Conserving,Breast Cancer,Breast Invasive Ductal Carcinoma,Low,Yes,claudin-low,7.0,Negative,Negative,3,Gain,Positive,Ductal/NST,Yes,Post,1,Left,1.0,1.0,4.46,IDC,44.4,Deceased,Positive,No,123.19,Recurred,Female,ER+/HER2- High Prolif,23.0,2.0,Died of Other Causes
MTS-T1295,37,Breast Conserving,Breast Cancer,Invasive Breast Carcinoma,Low,Yes,claudin-low,7.0,Negative,Negative,3,Gain,Positive,Ductal/NST,Yes,Post,1,Right,1.0,1.0,4.46,BRCA,44.4,Deceased,Positive,No,123.19,Not Recurred,Female,ER+/HER2- High Prolif,23.0,2.0,Died of Other Causes
MTS-T1296,37,Breast Conserving,Breast Cancer,Breast Invasive Lobular Carcinoma,Low,Yes,claudin-low,7.0,Positve,Positive,2,Gain,Positive,Lobular,Yes,Post,1,Right,1.0,3.0,4.46,ILC,44.4,Deceased,Positive,No,123.19,Not Recurred,Female,ER+/HER2- High Prolif,23.0,2.0,Died of Other Causes
MTS-T1297,55,Breast Conserving,Breast Cancer,Invasive Breast Carcinoma,Low,Yes,claudin-low,7.0,Negative,Negative,2,Gain,Positive,Lobular,Yes,Post,1,Right,1.0,1.0,4.46,BRCA,44.4,Deceased,Positive,No,123.19,Recurred,Female,ER+/HER2- High Prolif,23.0,2.0,Died of Other Causes
MTS-T1298,37,Breast Conserving,Breast Cancer,Breast Invasive Ductal Carcinoma,Low,Yes,claudin-low,7.0,Positve,Positive,2,Gain,Positive,Ductal/NST,Yes,Post,1,Right,1.0,1.0,4.46,IDC,44.4,Deceased,Positive,No,123.19,Not Recurred,Female,ER+/HER2- High Prolif,23.0,2.0,Died of Other Causes
MTS-T1299,60,Breast Conserving,Breast Cancer,Breast Invasive Ductal Carcinoma,Low,Yes,claudin-low,7.0,Negative,Negative,3,Gain,Positive,Ductal/NST,Yes,Post,1,Right,1.0,3.0,4.46,IDC,44.4,Deceased,Positive,No,123.19,Not Recurred,Female,ER+/HER2- High Prolif,23.0,2.0,Died of Other Causes
MTS-T1300,49,Breast Conserving,Breast Cancer,Invasive Breast Carcinoma,Low,Yes,claudin-low,7.0,Positve,Positive,3,Gain,Positive,Ductal/NST,Yes,Post,1,Right,1.0,3.0,4.46,BRCA,44.4,Deceased,Positive,No,123.19,Recurred,Female,ER+/HER2- High Prolif,23.0,2.0,Died of Other Causes
MTS-T1301,40,Breast Conserving,Breast Cancer,Breast Invasive Ductal Carcinoma,Low,Yes,claudin-low,7.0,Negative,Negative,3,Gain,Positive,Ductal/NST,Yes,Post,1,Right,1.0,1.0,4.46,IDC,44.4,Deceased,Positive,No,123.19,Not Recurred,Female,ER+/HER2- High Prolif,23.0,2.0,Died of Other Causes
MTS-T1302,42,Breast Conserving,Breast Cancer,Breast Invasive Lobular Carcinoma,Low,Yes,claudin-low,7.0,Positve,Positive,2,Gain,Positive,Lobular,Yes,Post,1,Right,1.0,4.0,4.46,ILC,44.4,Deceased,Positive,No,123.19,Recurred,Female,ER+/HER2- High Prolif,23.0,2.0,Died of Other Causes
MTS-T1303,30,Breast Conserving,Breast Cancer,Invasive Breast Carcinoma,Low,Yes,claudin-low,7.0,Positve,Positive,2,Gain,Positive,Lobular,Yes,Post,1,Right,1.0,4.0,4.46,BRCA,44.4,Deceased,Positive,No,123.19,Recurred,Female,ER+/HER2- High Prolif,23.0,2.0,Died of Other Causes
MTS-T1304,42,Breast Conserving,Breast Cancer,Breast Invasive Ductal Carcinoma,Low,Yes,claudin-low,7.0,Positve,Positive,3,Gain,Positive,Ductal/NST,Yes,Post,1,Right,1.0,5.0,4.46,IDC,44.4,Deceased,Positive,No,123.19,Recurred,Female,ER+/HER2- High Prolif,23.0,2.0,Died of Other Causes
MTS-T1305,41,Breast Conserving,Breast Cancer,Invasive Breast Carcinoma,Low,Yes,claudin-low,7.0,Negative,Negative,3,Gain,Positive,Ductal/NST,Yes,Post,1,Right,1.0,5.0,4.46,BRCA,44.4,Deceased,Positive,No,123.19,Not Recurred,Female,ER+/HER2- High Prolif,23.0,2.0,Died of Other Causes
MTS-T1306,58,Breast Conserving,Breast Cancer,Breast Invasive Ductal Carcinoma,Low,Yes,claudin-low,7.0,Positve,Positive,3,Gain,Positive,Ductal/NST,Yes,Post,1,Right,1.0,2.0,4.46,IDC,44.4,Deceased,Positive,No,123.19,Not Recurred,Female,ER+/HER2- High Prolif,23.0,2.0,Died of Other Causes
MTS-T1307,55,Breast Conserving,Breast Cancer,Breast Invasive Ductal Carcinoma,Low,Yes,claudin-low,7.0,Negative,Negative,3,Gain,Positive,Ductal/NST,Yes,Post,1,Right,1.0,4.0,4.46,IDC,44.4,Deceased,Positive,No,123.19,Not Recurred,Female,ER+/HER2- High Prolif,23.0,2.0,Died of Other Causes
MTS-T1308,40,Breast Conserving,Breast Cancer,Breast Invasive Ductal Carcinoma,Low,Yes,claudin-low,7.0,Positve,Positive,2,Gain,Positive,Ductal/NST,Yes,Post,1,Right,1.0,4.0,4.46,IDC,44.4,Deceased,Positive,No,123.19,Not Recurred,Female,ER+/HER2- High Prolif,23.0,2.0,Died of Other Causes
MTS-T1309,27,Breast Conserving,Breast Cancer,Invasive Breast Carcinoma,Low,Yes,claudin-low,7.0,Positve,Positive,2,Gain,Positive,Ductal/NST,Yes,Post,1,Right,1.0,1.0,4.46,BRCA,44.4,Deceased,Positive,No,123.19,Recurred,Female,ER+/HER2- High Prolif,23.0,2.0,Died of Other Causes
MTS-T1310,32,Breast Conserving,Breast Cancer,Breast Invasive Ductal Carcinoma,Low,Yes,claudin-low,7.0,Positve,Positive,3,Gain,Positive,Ductal/NST,Yes,Post,1,Right,1.0,11.0,4.46,IDC,44.4,Deceased,Positive,No,123.19,Not Recurred,Female,ER+/HER2- High Prolif,23.0,2.0,Died of Other Causes
MTS-T1311,36,Breast Conserving,Breast Cancer,Breast Invasive Ductal Carcinoma,Low,Yes,claudin-low,7.0,Positve,Positive,2,Gain,Positive,Ductal/NST,Yes,Post,1,Right,1.0,11.0,4.46,IDC,44.4,Deceased,Positive,No,123.19,Not Recurred,Female,ER+/HER2- High Prolif,23.0,2.0,Died of Other Causes
MTS-T1312,59,Breast Conserving,Breast Cancer,Invasive Breast Carcinoma,Low,Yes,claudin-low,7.0,Negative,Negative,2,Gain,Positive,Ductal/NST,Yes,Pre,1,Right,1.0,2.0,4.46,BRCA,44.4,Deceased,Positive,No,123.19,Recurred,Female,ER+/HER2- High Prolif,23.0,2.0,Died of Other Causes
MTS-T1313,61,Breast Conserving,Breast Cancer,Breast Invasive Ductal Carcinoma,Low,Yes,claudin-low,7.0,Positve,Positive,3,Gain,Positive,Ductal/NST,Yes,Pre,1,Right,1.0,1.0,4.46,IDC,44.4,Deceased,Positive,No,123.19,Recurred,Female,ER+/HER2- High Prolif,23.0,2.0,Died of Other Causes
MTS-T1314,69,Breast Conserving,Breast Cancer,Invasive Breast Carcinoma,Low,Yes,claudin-low,7.0,Positve,Positive,3,Gain,Positive,Ductal/NST,Yes,Pre,1,Right,1.0,6.0,4.46,BRCA,44.4,Deceased,Positive,No,123.19,Not Recurred,Female,ER+/HER2- High Prolif,23.0,2.0,Died of Other Causes
MTS-T1326,70,Breast Conserving,Breast Cancer,Breast Invasive Ductal Carcinoma,Low,Yes,claudin-low,1.0,Positve,Positive,3,Gain,Positive,Ductal/NST,Yes,Pre,1,Right,0.0,9.0,4.42,IDC,44.4,Deceased,Positive,No,84.93,Not Recurred,Female,ER+/HER2- High Prolif,21.0,2.0,Died of Other Causes
MTS-T1329,68,Breast Conserving,Breast Cancer,Breast Invasive Ductal Carcinoma,Low,Yes,claudin-low,1.0,Positve,Positive,2,Gain,Positive,Ductal/NST,Yes,Pre,1,Right,0.0,8.0,3.28,IDC,44.4,Deceased,Positive,No,171.32,Not Recurred,Female,ER+/HER2- High Prolif,14.0,1.0,Died of Other Causes
MTS-T1366,73,Breast Conserving,Breast Cancer,Breast Invasive Ductal Carcinoma,Low,Yes,claudin-low,1.0,Positve,Positive,3,Gain,Positive,Ductal/NST,Yes,Pre,1,Right,2.0,5.0,5.42,IDC,44.4,Deceased,Positive,No,72.3,Recurred,Female,ER+/HER2- High Prolif,21.0,2.0,Died of Other Causes
MTS-T1454,60,Breast Conserving,Breast Cancer,Breast Invasive Ductal Carcinoma,Low,Yes,claudin-low,1.0,Negative,Negative,2,Gain,Positive,Ductal/NST,Yes,Pre,1,Right,0.0,3.0,3.2,IDC,44.4,Deceased,Positive,No,252.53,Not Recurred,Female,ER+/HER2- High Prolif,10.0,1.0,Died of Other Causes
MTS-T1501,86,Breast Conserving,Breast Cancer,Breast Invasive Ductal Carcinoma,Low,Yes,claudin-low,1.0,Positve,Positive,3,Gain,Positive,Ductal/NST,Yes,Pre,1,Right,0.0,1.0,4.6,IDC,44.4,Deceased,Positive,No,23.19,Recurred,Female,ER+/HER2- High Prolif,30.0,2.0,Died of Other Causes
MTS-T1502,54,Breast Conserving,Breast Cancer,Breast Invasive Ductal Carcinoma,Low,Yes,claudin-low,1.0,Positve,Positive,3,Gain,Positive,Ductal/NST,Yes,Pre,1,Right,0.0,3.0,4.6,IDC,44.4,Deceased,Positive,No,40.49,Recurred,Female,ER+/HER2- High Prolif,30.0,2.0,Died of Other Causes
MTS-T1503,44,Breast Conserving,Breast Cancer,Breast Invasive Ductal Carcinoma,Low,Yes,claudin-low,1.0,Negative,Negative,3,Gain,Positive,Ductal/NST,Yes,Pre,1,Right,3.0,2.0,5.8,IDC,49.53333333,Deceased,Positive,No,297.01,Not Recurred,Female,ER+/HER2- High Prolif,40.0,2.0,Died of Other Causes
MTS-T1504,51,Breast Conserving,Breast Cancer,Breast Invasive Ductal Carcinoma,Low,Yes,claudin-low,1.0,Negative,Negative,3,Gain,Positive,Ductal/NST,Yes,Pre,1,Right,0.0,4.0,4.3,IDC,49.53333333,Deceased,Positive,No,259.74,Not Recurred,Female,ER+/HER2- High Prolif,15.0,1.0,Died of Other Causes
MTS-T1514,76,Breast Conserving,Breast Cancer,Invasive Breast Carcinoma,Low,Yes,claudin-low,1.0,Positve,Positive,2,Gain,Positive,Ductal/NST,Yes,Pre,1,Right,0.0,8.0,3.2,BRCA,49.53333333,Deceased,Positive,No,67.4,Not Recurred,Female,ER+/HER2- High Prolif,10.0,1.0,Died of Other Causes
MTS-T1515,40,Breast Conserving,Breast Cancer,Breast Invasive Ductal Carcinoma,Low,Yes,claudin-low,1.0,Positve,Positive,3,Gain,Positive,Ductal/NST,Yes,Pre,1,Right,0.0,5.0,4.4,IDC,49.53333333,Deceased,Positive,No,15.59,Recurred,Female,ER+/HER2- High Prolif,20.0,1.0,Died of Other Causes
MTS-T1516,43,Breast Conserving,Breast Cancer,Breast Mixed Ductal and Lobular Carcinoma,Low,Yes,claudin-low,1.0,Negative,Negative,3,Gain,Positive,Mixed,Yes,Pre,1,Right,2.0,6.0,5.6,MDLC,49.53333333,Deceased,Positive,No,10.79,Recurred,Female,ER+/HER2- High Prolif,30.0,2.0,Died of Other Causes
MTS-T1517,61,Breast Conserving,Breast Cancer,Breast Invasive Ductal Carcinoma,Low,Yes,claudin-low,1.0,Negative,Negative,3,Gain,Positive,Other,Yes,Pre,1,Right,0.0,13.0,4.5,BREAST,49.53333333,Deceased,Positive,No,302.83,Not Recurred,Female,ER+/HER2- High Prolif,25.0,2.0,Died of Other Causes
MTS-T1522,81,Breast Conserving,Breast Cancer,Breast Invasive Ductal Carcinoma,Low,Yes,claudin-low,1.0,Positve,Positive,2,Gain,Positive,Ductal/NST,Yes,Pre,1,Right,0.0,3.0,4.5,IDC,49.53333333,Deceased,Positive,No,73.91,Not Recurred,Female,ER+/HER2- High Prolif,60.0,2.0,Died of Other Causes
MTS-T1525,76,Breast Conserving,Breast Cancer,Breast Invasive Ductal Carcinoma,Low,Yes,claudin-low,1.0,Positve,Positive,2,Gain,Positive,Ductal/NST,Yes,Pre,1,Right,1.0,6.0,4.5,IDC,49.53333333,Deceased,Positive,No,137.5,Not Recurred,Female,ER+/HER2- High Prolif,25.0,2.0,Died of Other Causes
MTS-T1526,35,Breast Conserving,Breast Cancer,Breast Invasive Ductal Carcinoma,Low,Yes,claudin-low,1.0,Negative,Negative,3,Gain,Positive,Ductal/NST,Yes,Pre,1,Right,0.0,8.0,5.0,IDC,49.53333333,Living,Positive,No,269.34,Not Recurred,Female,ER+/HER2- High Prolif,50.0,2.0,Died of Other Causes
MTS-T1527,64,Breast Conserving,Breast Cancer,Invasive Breast Carcinoma,Low,Yes,claudin-low,1.0,Negative,Negative,3,Gain,Positive,Ductal/NST,Yes,Pre,1,Right,0.0,3.0,4.42,BRCA,49.53333333,Living,Positive,No,289.21,Not Recurred,Female,ER+/HER2- High Prolif,21.0,2.0,Died of Other Causes
MTS-T1537,71,Breast Conserving,Breast Cancer,Breast Invasive Ductal Carcinoma,Low,Yes,claudin-low,1.0,Positve,Positive,3,Gain,Positive,Ductal/NST,Yes,Pre,1,Right,0.0,4.0,4.6,IDC,49.53333333,Living,Positive,No,118.36,Not Recurred,Female,ER+/HER2- High Prolif,30.0,2.0,Died of Other Causes
MTS-T1548,37,Breast Conserving,Breast Cancer,Breast Invasive Ductal Carcinoma,Low,Yes,claudin-low,1.0,Negative,Negative,3,Gain,Positive,Ductal/NST,Yes,Pre,1,Right,11.0,5.0,6.5,IDC,49.53333333,Living,Positive,No,230.49,Not Recurred,Female,ER+/HER2- High Prolif,25.0,2.0,Died of Other Causes
MTS-T1549,57,Breast Conserving,Breast Cancer,Breast Invasive Ductal Carcinoma,Low,Yes,claudin-low,1.0,Positve,Positive,3,Gain,Positive,Ductal/NST,Yes,Pre,1,Right,0.0,5.0,4.36,IDC,49.53333333,Living,Positive,No,277.47,Not Recurred,Female,ER+/HER2- High Prolif,18.0,1.0,Died of Other Causes
MTS-T1560,53,Breast Conserving,Breast Cancer,Breast Invasive Ductal Carcinoma,Low,Yes,claudin-low,1.0,Positve,Positive,3,Gain,Positive,Ductal/NST,Yes,Pre,1,Right,5.0,9.0,6.5,IDC,49.53333333,Living,Positive,No,53.42,Recurred,Female,ER+/HER2- High Prolif,25.0,2.0,Died of Other Causes
MTS-T1561,65,Breast Conserving,Breast Cancer,Breast Invasive Ductal Carcinoma,Low,Yes,claudin-low,1.0,Positve,Positive,3,Gain,Positive,Ductal/NST,Yes,Pre,1,Right,0.0,7.0,4.6,IDC,49.53333333,Living,Positive,No,71.78,Recurred,Female,ER+/HER2- High Prolif,30.0,2.0,Died of Other Causes
MTS-T1571,78,Breast Conserving,Breast Cancer,Breast Invasive Lobular Carcinoma,Low,Yes,claudin-low,1.0,Positve,Positive,3,Gain,Positive,Lobular,Yes,Pre,1,Right,1.0,11.0,5.8,ILC,49.53333333,Living,Positive,No,108.98,Recurred,Female,ER+/HER2- High Prolif,40.0,2.0,Died of Other Causes
MTS-T1576,46,Breast Conserving,Breast Cancer,Breast Invasive Ductal Carcinoma,Low,Yes,claudin-low,1.0,Negative,Negative,3,Gain,Positive,Ductal/NST,Yes,Pre,1,Right,20.0,4.0,6.26,IDC,49.53333333,Living,Positive,No,162.07,Recurred,Female,ER+/HER2- High Prolif,13.0,2.0,Died of Other Causes
MTS-T1582,71,Breast Conserving,Breast Cancer,Breast Invasive Ductal Carcinoma,Low,Yes,claudin-low,1.0,Negative,Negative,3,Gain,Positive,Ductal/NST,Yes,Pre,1,Right,8.0,4.0,6.6,IDC,49.53333333,Living,Positive,No,11.74,Recurred,Female,ER+/HER2- High Prolif,30.0,2.0,Died of Other Causes
MTS-T1583,78,Breast Conserving,Breast Cancer,Breast Invasive Ductal Carcinoma,Low,Yes,claudin-low,1.0,Positve,Positive,3,Gain,Positive,Ductal/NST,Yes,Pre,1,Right,3.0,4.0,5.5,IDC,49.53333333,Living,Positive,No,42.5,Recurred,Female,ER+/HER2- High Prolif,25.0,2.0,Died of Other Causes
MTS-T1605,70,Breast Conserving,Breast Cancer,Breast Invasive Ductal Carcinoma,Low,Yes,claudin-low,1.0,Positve,Positive,3,Gain,Positive,Ductal/NST,Yes,Pre,1,Right,3.0,6.0,5.9,IDC,49.53333333,Living,Positive,No,7.6,Recurred,Female,ER+/HER2- High Prolif,45.0,2.0,Died of Other Causes
MTS-T1616,71,Breast Conserving,Breast Cancer,Breast Invasive Ductal Carcinoma,Low,Yes,claudin-low,1.0,Positve,Positive,2,Gain,Positive,Ductal/NST,Yes,Pre,1,Right,0.0,5.0,3.4,IDC,49.53333333,Living,Positive,No,45.43,Recurred,Female,ER+/HER2- High Prolif,20.0,1.0,Died of Other Causes
MTS-T1633,29,Breast Conserving,Breast Cancer,Breast Invasive Ductal Carcinoma,Low,Yes,claudin-low,1.0,Negative,Negative,3,Gain,Positive,Ductal/NST,Yes,Pre,1,Right,0.0,6.0,5.0,IDC,49.53333333,Living,Positive,No,12.76,Recurred,Female,ER+/HER2- High Prolif,50.0,2.0,Died of Other Causes
MTS-T1659,73,Breast Conserving,Breast Cancer,Breast Invasive Ductal Carcinoma,Low,Yes,claudin-low,1.0,Positve,Positive,2,Gain,Positive,Ductal/NST,Yes,Pre,1,Right,0.0,14.0,4.4,IDC,49.53333333,Living,Positive,No,56.05,Not Recurred,Female,ER+/HER2- High Prolif,70.0,2.0,Died of Other Causes
MTS-T1706,63,Breast Conserving,Breast Cancer,Breast Invasive Ductal Carcinoma,Low,Yes,claudin-low,1.0,Positve,Positive,2,Gain,Positive,Ductal/NST,Yes,Pre,1,Right,0.0,5.0,3.44,IDC,49.53333333,Living,Positive,No,192.43,Not Recurred,Female,ER+/HER2- High Prolif,22.0,1.0,Died of Other Causes
MTS-T1774,60,Breast Conserving,Breast Cancer,Breast Invasive Ductal Carcinoma,Low,Yes,claudin-low,1.0,Positve,Positive,3,Gain,Positive,Ductal/NST,Yes,Pre,1,Right,1.0,4.0,3.44,IDC,49.53333333,Living,Positive,No,113.52,Not Recurred,Female,ER+/HER2- High Prolif,19.5,1.0,Died of Other Causes
MTS-T1800,54,Breast Conserving,Breast Cancer,Breast Invasive Ductal Carcinoma,Low,Yes,claudin-low,1.0,Negative,Negative,3,Gain,Positive,Ductal/NST,Yes,Pre,1,Right,0.0,15.0,3.44,IDC,49.53333333,Living,Positive,No,172.99,Not Recurred,Female,ER+/HER2- High Prolif,21.0,1.0,Died of Other Causes
MTS-T1829,78,Breast Conserving,Breast Cancer,Breast Mixed Ductal and Lobular Carcinoma,Low,Yes,claudin-low,1.0,Positve,Positive,2,Gain,Positive,Mixed,Yes,Pre,1,Right,3.0,12.0,3.44,MDLC,49.53333333,Living,Positive,No,26.88,Not Recurred,Female,ER+/HER2- High Prolif,30.0,1.0,Died of Other Causes
MTS-T1847,75,Breast Conserving,Breast Cancer,Breast Invasive Ductal Carcinoma,Low,Yes,claudin-low,1.0,Positve,Positive,2,Gain,Positive,Ductal/NST,Yes,Pre,1,Right,0.0,6.0,3.44,IDC,49.53333333,Living,Positive,No,91.48,Recurred,Female,ER+/HER2- High Prolif,30.0,1.0,Died of Other Causes
MTS-T1865,82,Breast Conserving,Breast Cancer,Breast Invasive Ductal Carcinoma,Low,Yes,claudin-low,1.0,Positve,Positive,2,Gain,Positive,Ductal/NST,Yes,Pre,1,Right,0.0,12.0,3.44,IDC,49.53333333,Living,Positive,No,61.02,Not Recurred,Female,ER+/HER2- High Prolif,31.0,1.0,Died of Other Causes
MTS-T1872,37,Breast Conserving,Breast Cancer,Breast Invasive Ductal Carcinoma,Low,Yes,claudin-low,1.0,Positve,Positive,2,Gain,Positive,Ductal/NST,Yes,Pre,1,Right,0.0,3.0,3.4,IDC,49.53333333,Living,Positive,No,12.34,Recurred,Female,ER+/HER2- High Prolif,20.0,1.0,Died of Other Causes
MTS-T1922,42,Breast Conserving,Breast Cancer,Breast Invasive Ductal Carcinoma,Low,Yes,claudin-low,1.0,Positve,Positive,1,Gain,Positive,Ductal/NST,Yes,Pre,1,Right,0.0,4.0,2.9,IDC,49.53333333,Living,Positive,No,320.36,Not Recurred,Female,ER+/HER2- High Prolif,45.0,2.0,Died of Other Causes
MTS-T1945,63,Breast Conserving,Breast Cancer,Breast Mixed Ductal and Lobular Carcinoma,Low,Yes,claudin-low,1.0,Positve,Positive,2,Gain,Positive,Mixed,Yes,Pre,1,Right,0.0,4.0,2.9,MDLC,49.53333333,Living,Positive,No,118.68,Recurred,Female,ER+/HER2- High Prolif,40.0,2.0,Died of Other Causes
MTS-T1954,67,Breast Conserving,Breast Cancer,Breast Invasive Lobular Carcinoma,Low,Yes,claudin-low,1.0,Positve,Positive,2,Gain,Positive,Lobular,Yes,Pre,1,Right,0.0,6.0,3.8,ILC,49.53333333,Living,Positive,No,55.89,Recurred,Female,ER+/HER2- High Prolif,40.0,2.0,Died of Other Causes
MTS-T1962,54,Breast Conserving,Breast Cancer,Breast Invasive Ductal Carcinoma,Low,Yes,claudin-low,1.0,Positve,Positive,2,Gain,Positive,Ductal/NST,Yes,Pre,1,Right,0.0,3.0,3.24,IDC,49.53333333,Living,Positive,No,12.57,Recurred,Female,ER+/HER2- High Prolif,12.0,2.0,Died of Other Causes
MTS-T1971,76,Breast Conserving,Breast Cancer,Breast Invasive Ductal Carcinoma,Low,Yes,claudin-low,1.0,Positve,Positive,2,Gain,Positive,Ductal/NST,Yes,Pre,1,Right,0.0,7.0,3.4,IDC,49.53333333,Living,Positive,No,71.84,Not Recurred,Female,ER+/HER2- High Prolif,20.0,2.0,Died of Other Causes
MTS-T1973,75,Breast Conserving,Breast Cancer,Breast Mixed Ductal and Lobular Carcinoma,Low,Yes,claudin-low,1.0,Positve,Positive,3,Gain,Positive,Mixed,Yes,Pre,1,Right,3.0,3.0,5.78,MDLC,49.53333333,Living,Positive,No,94.74,Not Recurred,Female,ER+/HER2- High Prolif,39.0,2.0,Died of Other Causes
MTS-T1983,86,Breast Conserving,Breast Cancer,Breast Mixed Ductal and Lobular Carcinoma,Low,Yes,claudin-low,1.0,Positve,Positive,3,Gain,Positive,Mixed,Yes,Pre,1,Right,9.0,5.0,6.56,MDLC,49.53333333,Living,Positive,No,30.43,Recurred,Female,ER+/HER2- High Prolif,28.0,2.0,Died of Other Causes
MTS-T1985,62,Breast Conserving,Breast Cancer,Invasive Breast Carcinoma,Low,Yes,claudin-low,1.0,Negative,Negative,3,Gain,Positive,Mixed,Yes,Pre,1,Right,1.0,5.0,5.9,BRCA,49.53333333,Living,Positive,No,25.23,Recurred,Female,ER+/HER2- High Prolif,45.0,2.0,Died of Other Causes
MTS-T1991,73,Breast Conserving,Breast Cancer,Breast Mixed Ductal and Lobular Carcinoma,Low,Yes,claudin-low,1.0,Positve,Positive,2,Gain,Positive,Mixed,Yes,Pre,1,Right,0.0,4.0,3.32,MDLC,49.53333333,Living,Positive,No,58.68,Not Recurred,Female,ER+/HER2- High Prolif,16.0,2.0,Died of Other Causes
MTS-T2018,71,Breast Conserving,Breast Cancer,Breast Invasive Ductal Carcinoma,Low,Yes,claudin-low,1.0,Positve,Positive,1,Gain,Positive,Other,Yes,Pre,1,Right,0.0,6.0,3.32,BREAST,49.53333333,Living,Positive,No,88.78,Not Recurred,Female,ER+/HER2- High Prolif,12.0,2.0,Died of Other Causes
MTS-T2030,32,Mastectomy,Breast Cancer,Breast Mixed Ductal and Lobular Carcinoma,Low,Yes,claudin-low,1.0,Negative,Negative,3,Gain,Positive,Mixed,Yes,Pre,1,Right,1.0,7.0,5.6,MDLC,49.53333333,Living,Positive,No,46.41,Not Recurred,Female,ER+/HER2- High Prolif,30.0,2.0,Died of Other Causes
MTS-T2031,50,Mastectomy,Breast Cancer,Breast Invasive Ductal Carcinoma,Low,Yes,claudin-low,1.0,Negative,Negative,3,Gain,Positive,Ductal/NST,Yes,Pre,1,Right,1.0,8.0,5.4,IDC,49.53333333,Living,Positive,No,104.14,Not Recurred,Female,ER+/HER2- High Prolif,20.0,2.0,Died of Other Causes
MTS-T2043,47,Mastectomy,Breast Cancer,Breast Invasive Ductal Carcinoma,Low,Yes,claudin-low,1.0,Negative,Negative,2,Gain,Positive,Ductal/NST,Yes,Pre,1,Right,9.0,4.0,5.4,IDC,49.53333333,Living,Positive,No,81.91,Recurred,Female,ER+/HER2- High Prolif,43.0,2.0,Died of Other Causes
MTS-T2044,81,Mastectomy,Breast Cancer,Breast Invasive Ductal Carcinoma,Low,Yes,claudin-low,1.0,Positve,Positive,1,Gain,Positive,Ductal/NST,Yes,Pre,1,Right,0.0,7.0,2.54,IDC,49.53333333,Living,Positive,No,91.38,Not Recurred,Female,ER+/HER2- High Prolif,27.0,2.0,Died of Other Causes
MTS-T2047,51,Mastectomy,Breast Cancer,Breast Mixed Ductal and Lobular Carcinoma,High,Yes,claudin-low,1.0,Positve,Positive,2,Gain,Positive,Mixed,Yes,Pre,1,Right,0.0,2.0,3.26,MDLC,49.53333333,Living,Positive,No,179.05,Recurred,Female,ER+/HER2- High Prolif,13.0,1.0,Died of Other Causes
MTS-T2053,62,Mastectomy,Breast Cancer,Breast Invasive Ductal Carcinoma,High,Yes,claudin-low,1.0,Positve,Positive,2,Gain,Positive,Ductal/NST,Yes,Pre,1,Right,0.0,3.0,3.26,IDC,49.53333333,Living,Positive,No,27.63,Recurred,Female,ER+/HER2- High Prolif,15.0,1.0,Died of Other Causes
MTS-T2054,42,Mastectomy,Breast Cancer,Breast Invasive Ductal Carcinoma,High,Yes,claudin-low,1.0,Positve,Positive,2,Gain,Positive,Ductal/NST,Yes,Pre,1,Right,0.0,3.0,3.7,IDC,49.53333333,Living,Positive,No,74.21,Recurred,Female,ER+/HER2- High Prolif,35.0,2.0,Died of Other Causes
MTS-T2055,45,Mastectomy,Breast Cancer,Breast Invasive Ductal Carcinoma,High,Yes,claudin-low,1.0,Negative,Negative,3,Gain,Positive,Ductal/NST,Yes,Pre,1,Right,0.0,3.0,4.6,IDC,49.53333333,Living,Positive,No,332.93,Not Recurred,Female,ER+/HER2- High Prolif,30.0,2.0,Died of Other Causes
MTS-T2064,48,Mastectomy,Breast Cancer,Breast Mixed Ductal and Lobular Carcinoma,High,Yes,claudin-low,1.0,Negative,Negative,3,Gain,Positive,Mixed,Yes,Pre,1,Right,0.0,5.0,4.8,MDLC,49.53333333,Living,Positive,No,359.08,Not Recurred,Female,ER+/HER2- High Prolif,40.0,2.0,Died of Other Causes
MTS-T2065,59,Mastectomy,Breast Cancer,Breast Invasive Ductal Carcinoma,High,Yes,claudin-low,1.0,Negative,Negative,3,Gain,Positive,Ductal/NST,Yes,Pre,1,Right,0.0,6.0,5.0,IDC,49.53333333,Living,Positive,No,384.21,Not Recurred,Female,ER+/HER2- High Prolif,50.0,2.0,Died of Other Causes
MTS-T2066,40,Mastectomy,Breast Cancer,Breast Invasive Ductal Carcinoma,High,Yes,claudin-low,1.0,Negative,Negative,3,Gain,Positive,Ductal/NST,Yes,Pre,1,Right,2.0,9.0,5.34,IDC,49.53333333,Living,Positive,No,52.3,Recurred,Female,ER+/HER2- High Prolif,17.0,2.0,Died of Other Causes
MTS-T2068,70,Mastectomy,Breast Cancer,Breast Invasive Ductal Carcinoma,High,Yes,claudin-low,1.0,Positve,Positive,2,Gain,Positive,Ductal/NST,Yes,Pre,1,Right,0.0,7.0,4.16,IDC,49.53333333,Living,Positive,No,11.38,Recurred,Female,ER+/HER2- High Prolif,58.0,2.0,Died of Other Causes
MTS-T2073,67,Mastectomy,Breast Cancer,Invasive Breast Carcinoma,High,Yes,claudin-low,1.0,Positve,Positive,2,Gain,Positive,Ductal/NST,Yes,Pre,1,Right,0.0,4.0,3.4,BRCA,49.53333333,Living,Positive,No,63.91,Recurred,Female,ER+/HER2- High Prolif,20.0,2.0,Died of Other Causes
MTS-T2074,69,Mastectomy,Breast Cancer,Breast Invasive Ductal Carcinoma,High,Yes,claudin-low,1.0,Positve,Positive,2,Gain,Positive,Ductal/NST,Yes,Pre,1,Right,0.0,5.0,3.5,IDC,49.53333333,Living,Positive,No,26.88,Recurred,Female,ER+/HER2- High Prolif,25.0,2.0,Died of Other Causes
MTS-T2075,69,Mastectomy,Breast Cancer,Invasive Breast Carcinoma,High,Yes,claudin-low,1.0,Positve,Positive,3,Gain,Positive,Ductal/NST,Yes,Pre,1,Right,0.0,8.0,3.5,BRCA,49.53333333,Living,Positive,No,1.68,Recurred,Female,ER+/HER2- High Prolif,50.0,2.0,Died of Other Causes
MTS-T2076,47,Mastectomy,Breast Cancer,Invasive Breast Carcinoma,High,Yes,claudin-low,1.0,Negative,Negative,2,Gain,Positive,Ductal/NST,Yes,Pre,1,Right,0.0,6.0,3.5,BRCA,49.53333333,Living,Positive,No,370.03,Not Recurred,Female,ER+/HER2- High Prolif,25.0,3.0,Died of Other Causes
MTS-T2083,59,Mastectomy,Breast Cancer,Breast Invasive Ductal Carcinoma,High,Yes,claudin-low,1.0,Positve,Positive,2,Gain,Positive,Ductal/NST,Yes,Pre,1,Right,0.0,8.0,3.5,IDC,49.53333333,Living,Positive,No,120.26,Recurred,Female,ER+/HER2- High Prolif,25.0,2.0,Died of Other Causes
MTS-T2084,46,Mastectomy,Breast Cancer,Breast Invasive Ductal Carcinoma,High,Yes,claudin-low,1.0,Negative,Negative,2,Gain,Positive,Ductal/NST,Yes,Pre,1,Right,6.0,1.0,5.7,IDC,49.53333333,Living,Positive,No,9.34,Recurred,Female,ER+/HER2- High Prolif,35.0,2.0,Died of Other Causes
MTS-T2085,77,Mastectomy,Breast Cancer,Breast Invasive Lobular Carcinoma,High,Yes,claudin-low,1.0,Positve,Positive,3,Gain,Positive,Lobular,Yes,Pre,1,Right,0.0,7.0,4.4,ILC,49.53333333,Living,Positive,No,56.84,Recurred,Female,ER+/HER2- High Prolif,20.0,1.0,Died of Other Causes
MTS-T2086,28,Mastectomy,Breast Cancer,Breast Invasive Ductal Carcinoma,High,Yes,claudin-low,1.0,Positve,Positive,3,Gain,Positive,Ductal/NST,Yes,Pre,1,Right,0.0,5.0,4.42,IDC,49.53333333,Living,Positive,No,326.32,Not Recurred,Female,ER+/HER2- High Prolif,21.0,2.0,Died of Other Causes
MTS-T2087,44,Mastectomy,Breast Cancer,Breast Mixed Ductal and Lobular Carcinoma,High,Yes,claudin-low,1.0,Positve,Positive,2,Gain,Positive,Mixed,Yes,Pre,1,Right,0.0,4.0,4.42,MDLC,49.53333333,Living,Positive,No,26.45,Not Recurred,Female,ER+/HER2- High Prolif,19.0,1.0,Died of Other Causes
MTS-T2090,81,Mastectomy,Breast Cancer,Breast Invasive Ductal Carcinoma,High,Yes,claudin-low,1.0,Positve,Positive,2,Gain,Positive,Ductal/NST,Yes,Pre,1,Right,5.0,18.0,4.42,IDC,49.53333333,Living,Positive,No,75.59,Not Recurred,Female,ER+/HER2- High Prolif,50.0,1.0,Died of Other Causes
MTS-T2094,52,Mastectomy,Breast Cancer,Breast Invasive Ductal Carcinoma,High,Yes,claudin-low,1.0,Negative,Negative,2,Gain,Positive,Ductal/NST,Yes,Pre,1,Right,0.0,5.0,3.5,IDC,49.53333333,Living,Positive,No,9.38,Recurred,Female,ER+/HER2- High Prolif,25.0,1.0,Died of Other Causes
MTS-T2095,55,Mastectomy,Breast Cancer,Breast Invasive Ductal Carcinoma,High,Yes,claudin-low,1.0,Negative,Negative,3,Gain,Positive,Ductal/NST,Yes,Pre,1,Right,0.0,1.0,5.0,IDC,49.53333333,Living,Positive,No,98.85,Not Recurred,Female,ER+/HER2- High Prolif,50.0,2.0,Died of Other Causes
MTS-T2096,57,Mastectomy,Breast Cancer,Breast Mixed Ductal and Lobular Carcinoma,High,Yes,claudin-low,1.0,Positve,Positive,3,Gain,Positive,Mixed,Yes,Pre,1,Right,0.0,5.0,5.0,MDLC,49.53333333,Living,Positive,No,13.82,Recurred,Female,ER+/HER2- High Prolif,45.0,2.0,Died of Other Causes
MTS-T2097,66,Mastectomy,Breast Cancer,Breast Invasive Ductal Carcinoma,High,Yes,claudin-low,1.0,Positve,Positive,3,Gain,Positive,Ductal/NST,Yes,Pre,1,Right,9.0,9.0,6.9,IDC,49.53333333,Living,Positive,No,17.43,Recurred,Female,ER+/HER2- High Prolif,45.0,2.0,Died of Other Causes
MTS-T2104,66,Mastectomy,Breast Cancer,Breast Invasive Ductal Carcinoma,High,Yes,claudin-low,1.0,Positve,Positive,3,Gain,Positive,Ductal/NST,Yes,Pre,1,Right,0.0,5.0,4.8,IDC,49.53333333,Living,Positive,No,119.01,Not Recurred,Female,ER+/HER2- High Prolif,40.0,2.0,Died of Other Causes
MTS-T2105,77,Mastectomy,Breast Cancer,Breast Invasive Ductal Carcinoma,High,Yes,claudin-low,1.0,Positve,Positive,2,Gain,Positive,Ductal/NST,Yes,Pre,1,Right,0.0,11.0,4.8,IDC,49.53333333,Living,Positive,No,9.7,Not Recurred,Female,ER+/HER2- High Prolif,50.0,2.0,Died of Other Causes
MTS-T2106,53,Mastectomy,Breast Cancer,Breast Invasive Ductal Carcinoma,High,Yes,claudin-low,1.0,Positve,Positive,3,Gain,Positive,Ductal/NST,Yes,Pre,1,Right,0.0,8.0,4.4,IDC,49.53333333,Living,Positive,No,65.53,Recurred,Female,ER+/HER2- High Prolif,20.0,1.0,Died of Other Causes
MTS-T2107,67,Mastectomy,Breast Cancer,Breast Invasive Ductal Carcinoma,High,Yes,claudin-low,1.0,Positve,Positive,2,Gain,Positive,Ductal/NST,Yes,Pre,1,Right,0.0,3.0,3.6,IDC,49.53333333,Living,Positive,No,118.55,Not Recurred,Female,ER+/HER2- High Prolif,30.0,1.0,Died of Other Causes
MTS-T2115,57,Mastectomy,Breast Cancer,Breast Invasive Ductal Carcinoma,High,Yes,claudin-low,1.0,Negative,Negative,2,Gain,Positive,Ductal/NST,Yes,Pre,1,Right,0.0,5.0,3.6,IDC,49.53333333,Living,Positive,No,27.83,Recurred,Female,ER+/HER2- High Prolif,30.0,2.0,Died of Other Causes
MTS-T2116,60,Mastectomy,Breast Cancer,Breast Invasive Ductal Carcinoma,High,Yes,claudin-low,1.0,Negative,Negative,2,Gain,Positive,Ductal/NST,Yes,Pre,1,Right,0.0,2.0,3.6,IDC,49.53333333,Living,Positive,No,166.64,Not Recurred,Female,ER+/HER2- High Prolif,40.0,2.0,Died of Other Causes
MTS-T2117,52,Mastectomy,Breast Cancer,Breast Invasive Ductal Carcinoma,High,Yes,claudin-low,1.0,Negative,Negative,2,Gain,Positive,Ductal/NST,Yes,Pre,1,Right,0.0,3.0,3.6,IDC,49.53333333,Living,Positive,No,19.57,Recurred,Female,ER+/HER2- High Prolif,30.0,2.0,Died of Other Causes
MTS-T2118,50,Mastectomy,Breast Cancer,Breast Mixed Ductal and Lobular Carcinoma,High,Yes,claudin-low,1.0,Negative,Negative,3,Gain,Positive,Mixed,Yes,Pre,1,Right,12.0,13.0,6.4,MDLC,49.53333333,Living,Positive,No,8.45,Recurred,Female,ER+/HER2- High Prolif,20.0,2.0,Died of Other Causes
MTS-T2126,72,Mastectomy,Breast Cancer,Breast Invasive Ductal Carcinoma,High,Yes,claudin-low,1.0,Positve,Positive,3,Gain,Positive,Ductal/NST,Yes,Pre,1,Right,0.0,4.0,4.3,IDC,49.53333333,Living,Positive,No,54.97,Recurred,Female,ER+/HER2- High Prolif,15.0,1.0,Died of Other Causes
MTS-T2127,72,Mastectomy,Breast Cancer,Breast Invasive Lobular Carcinoma,High,Yes,claudin-low,1.0,Negative,Negative,2,Gain,Positive,Lobular,Yes,Pre,1,Right,0.0,6.0,3.6,ILC,49.53333333,Living,Positive,No,33.19,Not Recurred,Female,ER+/HER2- High Prolif,30.0,1.0,Died of Other Causes
MTS-T2128,45,Mastectomy,Breast Cancer,Breast Invasive Ductal Carcinoma,High,Yes,claudin-low,1.0,Negative,Negative,3,Gain,Positive,Ductal/NST,Yes,Pre,1,Right,0.0,7.0,3.6,IDC,49.53333333,Living,Positive,No,54.8,Recurred,Female,ER+/HER2- High Prolif,30.0,1.0,Died of Other Causes
MTS-T2129,62,Mastectomy,Breast Cancer,Breast Invasive Ductal Carcinoma,High,Yes,claudin-low,1.0,Negative,Negative,2,Gain,Positive,Ductal/NST,Yes,Pre,1,Right,0.0,2.0,3.6,IDC,49.53333333,Living,Positive,No,1.02,Recurred,Female,ER+/HER2- High Prolif,40.0,2.0,Died of Other Causes
MTS-T2150,64,Mastectomy,Breast Cancer,Invasive Breast Carcinoma,High,Yes,claudin-low,1.0,Positve,Positive,3,Gain,Positive,Ductal/NST,Yes,Pre,1,Right,1.0,5.0,3.6,BRCA,49.53333333,Living,Positive,No,130.26,Not Recurred,Female,ER+/HER2- High Prolif,22.0,3.0,Died of Other Causes
MTS-T2153,67,Mastectomy,Breast Cancer,Invasive Breast Carcinoma,High,Yes,claudin-low,1.0,Negative,Negative,3,Gain,Positive,Ductal/NST,Yes,Pre,1,Right,0.0,6.0,4.44,BRCA,49.53333333,Living,Positive,No,25.92,Not Recurred,Female,ER+/HER2- High Prolif,22.0,1.0,Died of Other Causes
MTS-T2167,73,Mastectomy,Breast Cancer,Invasive Breast Carcinoma,High,Yes,claudin-low,1.0,Negative,Negative,3,Gain,Positive,Ductal/NST,Yes,Pre,1,Right,0.0,6.0,4.44,BRCA,49.53333333,Living,Positive,No,198.36,Not Recurred,Female,ER+/HER2- High Prolif,26.0,2.0,Died of Other Causes
MTS-T2178,61,Mastectomy,Breast Cancer,Invasive Breast Carcinoma,High,Yes,claudin-low,1.0,Positve,Positive,2,Gain,Positive,Ductal/NST,Yes,Pre,1,Right,0.0,2.0,3.46,BRCA,49.53333333,Living,Positive,No,192.43,Not Recurred,Female,ER+/HER2- High Prolif,23.0,1.0,Died of Other Causes
MTS-T2189,52,Mastectomy,Breast Cancer,Invasive Breast Carcinoma,High,Yes,claudin-low,1.0,Positve,Positive,1,Gain,Positive,Ductal/NST,Yes,Pre,1,Right,0.0,4.0,2.44,BRCA,49.53333333,Living,Positive,No,30.79,Recurred,Female,ER+/HER2- High Prolif,22.0,1.0,Died of Other Causes
MTS-T2190,47,Mastectomy,Breast Cancer,Invasive Breast Carcinoma,High,Yes,claudin-low,1.0,Positve,Positive,2,Gain,Positive,Ductal/NST,Yes,Pre,1,Right,1.0,2.0,4.46,BRCA,49.53333333,Living,Positive,No,55.07,Recurred,Female,ER+/HER2- High Prolif,23.0,2.0,Died of Other Causes
MTS-T2191,35,Mastectomy,Breast Cancer,Invasive Breast Carcinoma,High,Yes,claudin-low,1.0,Negative,Negative,3,Gain,Positive,Ductal/NST,Yes,Pre,1,Right,1.0,7.0,5.46,BRCA,49.53333333,Living,Positive,No,200.33,Not Recurred,Female,ER+/HER2- High Prolif,23.0,2.0,Died of Other Causes
MTS-T2206,43,Mastectomy,Breast Cancer,Invasive Breast Carcinoma,High,Yes,claudin-low,1.0,Positve,Positive,3,Gain,Positive,Ductal/NST,Yes,Pre,1,Right,6.0,3.0,5.46,BRCA,49.53333333,Living,Positive,No,194.87,Not Recurred,Female,ER+/HER2- High Prolif,23.0,2.0,Died of Other Causes
MTS-T2212,73,Mastectomy,Breast Cancer,Invasive Breast Carcinoma,High,Yes,claudin-low,1.0,Negative,Negative,3,Gain,Positive,Ductal/NST,Yes,Pre,1,Right,0.0,4.0,5.46,BRCA,49.53333333,Living,Positive,No,149.77,Recurred,Female,ER+/HER2- High Prolif,70.0,2.0,Died of Other Causes
MTS-T2291,55,Mastectomy,Breast Cancer,Invasive Breast Carcinoma,High,Yes,claudin-low,1.0,Positve,Positive,2,Gain,Positive,Ductal/NST,Yes,Pre,1,Right,1.0,2.0,5.46,BRCA,49.53333333,Living,Positive,No,23.68,Recurred,Female,ER+/HER2- High Prolif,40.0,2.0,Died of Other Causes
MTS-T2304,33,Mastectomy,Breast Cancer,Invasive Breast Carcinoma,High,Yes,claudin-low,1.0,Negative,Negative,1,Gain,Positive,Ductal/NST,Yes,Pre,1,Right,0.0,2.0,2.5,BRCA,49.53333333,Living,Positive,No,198.36,Not Recurred,Female,ER+/HER2- High Prolif,25.0,1.0,Died of Other Causes
MTS-T2320,47,Mastectomy,Breast Cancer,Invasive Breast Carcinoma,High,Yes,claudin-low,1.0,Positve,Positive,2,Gain,Positive,Ductal/NST,Yes,Pre,1,Right,0.0,3.0,3.5,BRCA,49.53333333,Living,Positive,No,225.99,Not Recurred,Female,ER+/HER2- High Prolif,25.0,1.0,Died of Other Causes
MTS-T2391,45,Mastectomy,Breast Cancer,Invasive Breast Carcinoma,High,Yes,claudin-low,1.0,Negative,Negative,3,Gain,Positive,Ductal/NST,Yes,Pre,1,Right,2.0,8.0,5.026,BRCA,49.53333333,Living,Positive,No,34.05,Recurred,Female,ER+/HER2- High Prolif,13.0,2.0,Died of Other Causes
MTS-T2392,43,Mastectomy,Breast Cancer,Invasive Breast Carcinoma,High,Yes,claudin-low,1.0,Negative,Negative,3,Gain,Positive,Ductal/NST,Yes,Pre,1,Right,2.0,5.0,5.16,BRCA,49.53333333,Living,Positive,No,201.55,Not Recurred,Female,ER+/HER2- High Prolif,80.0,2.0,Died of Other Causes
MTS-T2393,59,Mastectomy,Breast Cancer,Breast Invasive Ductal Carcinoma,High,Yes,claudin-low,1.0,Positve,Positive,2,Gain,Positive,Ductal/NST,Yes,Pre,1,Right,2.0,4.0,4.03,IDC,49.53333333,Living,Positive,No,160.23,Recurred,Female,ER+/HER2- High Prolif,15.0,2.0,Died of Other Causes
MTS-T2398,58,Mastectomy,Breast Cancer,Breast Invasive Ductal Carcinoma,High,Yes,claudin-low,1.0,Negative,Negative,3,Gain,Positive,Ductal/NST,Yes,Pre,1,Right,0.0,10.0,4.03,IDC,49.53333333,Living,Positive,No,52.86,Not Recurred,Female,ER+/HER2- High Prolif,15.0,1.0,Died of Other Causes
MTS-T2402,72,Mastectomy,Breast Cancer,Invasive Breast Carcinoma,High,Yes,claudin-low,1.0,Positve,Positive,2,Gain,Positive,Ductal/NST,Yes,Pre,1,Right,0.0,6.0,3.03,BRCA,49.53333333,Living,Positive,No,95.79,Recurred,Female,ER+/HER2- High Prolif,15.0,1.0,Died of Other Causes
MTS-T2403,77,Mastectomy,Breast Cancer,Breast Invasive Ductal Carcinoma,High,Yes,claudin-low,1.0,Positve,Positive,2,Gain,Positive,Ductal/NST,Yes,Pre,1,Right,15.0,8.0,5.1,IDC,49.53333333,Living,Positive,No,57.53,Recurred,Female,ER+/HER2- High Prolif,50.0,2.0,Died of Other Causes
MTS-T2404,55,Mastectomy,Breast Cancer,Invasive Breast Carcinoma,High,Yes,claudin-low,1.0,Positve,Positive,2,Gain,Positive,Ductal/NST,Yes,Pre,1,Right,0.0,5.0,3.04,BRCA,49.53333333,Living,Positive,No,249.57,Not Recurred,Female,ER+/HER2- High Prolif,20.0,1.0,Died of Other Causes
MTS-T2405,68,Mastectomy,Breast Cancer,Invasive Breast Carcinoma,High,Yes,claudin-low,1.0,Positve,Positive,1,Gain,Positive,Ductal/NST,Yes,Pre,1,Right,0.0,6.0,2.3,BRCA,49.53333333,Living,Positive,No,92.93,Not Recurred,Female,ER+/HER2- High Prolif,15.0,1.0,Died of Other Causes
MTS-T2406,71,Mastectomy,Breast Cancer,Breast Invasive Ductal Carcinoma,High,Yes,claudin-low,1.0,Positve,Positive,2,Gain,Positive,Ductal/NST,Yes,Pre,1,Right,0.0,5.0,3.03,IDC,49.53333333,Living,Positive,No,155.76,Not Recurred,Female,ER+/HER2- High Prolif,15.0,1.0,Died of Other Causes
MTS-T2407,28,Mastectomy,Breast Cancer,Breast Invasive Ductal Carcinoma,High,Yes,claudin-low,1.0,Negative,Negative,3,Gain,Positive,Ductal/NST,Yes,Pre,1,Right,1.0,7.0,5.07,IDC,49.53333333,Living,Positive,No,23.26,Recurred,Female,ER+/HER2- High Prolif,35.0,2.0,Died of Other Causes
MTS-T2408,66,Mastectomy,Breast Cancer,Breast Invasive Ductal Carcinoma,High,Yes,claudin-low,1.0,Positve,Positive,2,Gain,Positive,Ductal/NST,Yes,Pre,1,Right,0.0,8.0,3.04,IDC,49.53333333,Living,Positive,No,240.95,Recurred,Female,ER+/HER2- High Prolif,20.0,1.0,Died of Other Causes
MTS-T2409,73,Mastectomy,Breast Cancer,Breast Invasive Ductal Carcinoma,High,Yes,claudin-low,1.0,Positve,Positive,2,Gain,Positive,Ductal/NST,Yes,Pre,1,Right,0.0,6.0,3.03,IDC,49.53333333,Living,Positive,No,120.89,Recurred,Female,ER+/HER2- High Prolif,15.0,1.0,Died of Other Causes
MTS-T2410,36,Mastectomy,Breast Cancer,Breast Invasive Ductal Carcinoma,High,Yes,claudin-low,1.0,Negative,Negative,3,Gain,Positive,Ductal/NST,Yes,Pre,1,Right,3.0,12.0,5.05,IDC,49.53333333,Living,Positive,No,42.7,Not Recurred,Female,ER+/HER2- High Prolif,25.0,2.0,Died of Other Causes
MTS-T2412,65,Mastectomy,Breast Cancer,Breast Invasive Ductal Carcinoma,High,Yes,claudin-low,1.0,Positve,Positive,3,Gain,Positive,Ductal/NST,Yes,Pre,1,Right,2.0,9.0,5.052,IDC,49.53333333,Living,Positive,No,85.86,Not Recurred,Female,ER+/HER2- High Prolif,26.0,2.0,Died of Other Causes
MTS-T2413,64,Mastectomy,Breast Cancer,Breast Invasive Ductal Carcinoma,High,Yes,claudin-low,1.0,Positve,Positive,2,Gain,Positive,Ductal/NST,Yes,Pre,1,Right,0.0,8.0,3.03,IDC,49.53333333,Living,Positive,No,123.42,Not Recurred,Female,ER+/HER2- High Prolif,15.0,1.0,Died of Other Causes
MTS-T2414,63,Mastectomy,Breast Cancer,Breast Invasive Lobular Carcinoma,High,Yes,claudin-low,1.0,Positve,Positive,3,Gain,Positive,Lobular,Yes,Pre,1,Right,0.0,9.0,4.04,ILC,49.53333333,Living,Positive,No,176.38,Not Recurred,Female,ER+/HER2- High Prolif,20.0,1.0,Died of Other Causes
MTS-T2415,83,Mastectomy,Breast Cancer,Breast Invasive Mixed Mucinous Carcinoma,High,Yes,claudin-low,1.0,Positve,Positive,1,Gain,Positive,Mucinous,Yes,Pre,1,Right,0.0,4.0,2.04,IMMC,49.53333333,Living,Positive,No,146.84,Not Recurred,Female,ER+/HER2- High Prolif,20.0,1.0,Died of Other Causes
MTS-T2416,64,Mastectomy,Breast Cancer,Breast Invasive Ductal Carcinoma,High,Yes,Her2,1.0,Positve,Positive,2,Gain,Positive,Ductal/NST,Yes,Pre,1,Right,1.0,3.0,4.006,IDC,49.53333333,Living,Positive,No,31.38,Recurred,Female,ER+/HER2- High Prolif,3.0,1.0,Died of Other Causes
MTS-T2417,46,Mastectomy,Breast Cancer,Invasive Breast Carcinoma,High,Yes,Her3,1.0,Positve,Positive,2,Gain,Positive,Ductal/NST,Yes,Pre,1,Right,0.0,3.0,4.006,BRCA,49.53333333,Living,Positive,No,188.88,Not Recurred,Female,ER+/HER2- High Prolif,10.0,1.0,Died of Other Causes
MTS-T2418,52,Mastectomy,Breast Cancer,Invasive Breast Carcinoma,High,Yes,Her4,1.0,Negative,Negative,2,Gain,Positive,Ductal/NST,Yes,Pre,1,Right,2.0,1.0,4.006,BRCA,49.53333333,Living,Positive,No,155.76,Recurred,Female,ER+/HER2- High Prolif,17.0,2.0,Died of Other Causes
MTS-T2419,63,Mastectomy,Breast Cancer,Invasive Breast Carcinoma,High,Yes,Her5,1.0,Positve,Positive,1,Gain,Positive,Ductal/NST,Yes,Pre,1,Right,1.0,7.0,3.3,BRCA,49.53333333,Living,Positive,No,60.36,Not Recurred,Female,ER+/HER2- High Prolif,15.0,2.0,Died of Other Causes
MTS-T2420,52,Mastectomy,Breast Cancer,Invasive Breast Carcinoma,High,Yes,Her6,1.0,Positve,Positive,1,Gain,Positive,Ductal/NST,Yes,Pre,1,Right,0.0,5.0,3.3,BRCA,49.53333333,Living,Positive,No,60.36,Not Recurred,Female,ER+/HER2- High Prolif,15.0,0.0,Died of Other Causes
MTS-T2421,82,Mastectomy,Breast Cancer,Invasive Breast Carcinoma,High,Yes,Her7,1.0,Positve,Positive,3,Gain,Positive,Ductal/NST,No,Pre,1,Right,3.0,3.0,5.36,BRCA,49.53333333,Living,Positive,No,60.36,Not Recurred,Female,ER+/HER2- High Prolif,18.0,2.0,Died of Other Causes
MTS-T2422,52,Mastectomy,Breast Cancer,Invasive Breast Carcinoma,High,Yes,Her8,1.0,Positve,Positive,3,Gain,Positive,Ductal/NST,No,Pre,1,Right,0.0,4.0,5.36,BRCA,49.53333333,Living,Positive,No,60.36,Not Recurred,Female,ER+/HER2- High Prolif,18.0,0.0,Died of Other Causes
MTS-T2423,76,Mastectomy,Breast Cancer,Invasive Breast Carcinoma,High,Yes,Her9,1.0,Negative,Negative,3,Gain,Positive,Ductal/NST,No,Pre,1,Right,0.0,8.0,4.62,BRCA,49.53333333,Living,Positive,No,46.88,Recurred,Female,ER+/HER2- High Prolif,31.0,2.0,Died of Other Causes
MTS-T2424,69,Mastectomy,Breast Cancer,Breast Invasive Ductal Carcinoma,High,Yes,Her10,9.0,Negative,Negative,3,Gain,Positive,Ductal/NST,No,Pre,3,Right,2.0,3.0,4.62,IDC,49.53333333,Living,Positive,No,55.63,Recurred,Female,ER+/HER2- High Prolif,28.0,2.0,Died of Other Causes
MTS-T2425,72,Mastectomy,Breast Cancer,Breast Invasive Ductal Carcinoma,High,Yes,Her11,9.0,Negative,Negative,3,Gain,Positive,Ductal/NST,No,Pre,3,Right,0.0,3.0,4.62,IDC,49.53333333,Living,Positive,No,54.9,Not Recurred,Female,ER+/HER2- High Prolif,23.0,2.0,Died of Other Causes
MTS-T2426,64,Mastectomy,Breast Cancer,Invasive Breast Carcinoma,High,Yes,Her12,1.0,Positve,Positive,3,Gain,Positive,Ductal/NST,No,Pre,3,Right,0.0,2.0,4.38,BRCA,49.53333333,Living,Positive,No,72.76,Not Recurred,Female,ER+/HER2- High Prolif,19.0,2.0,Died of Other Causes
MTS-T2427,67,Mastectomy,Breast Cancer,Invasive Breast Carcinoma,High,Yes,Her13,1.0,Positve,Positive,1,Gain,Positive,Ductal/NST,No,Pre,3,Right,0.0,2.0,2.18,BRCA,49.53333333,Living,Positive,No,62.43,Not Recurred,Female,ER+/HER2- High Prolif,9.0,1.0,Died of Other Causes
MTS-T2428,70,Mastectomy,Breast Cancer,Invasive Breast Carcinoma,High,Yes,Her14,1.0,Positve,Positive,1,Gain,Positive,Ductal/NST,No,Pre,3,Right,0.0,2.0,2.54,BRCA,49.53333333,Living,Positive,No,4.93,Recurred,Female,ER+/HER2- High Prolif,27.0,1.0,Died of Other Causes
MTS-T2429,63,Mastectomy,Breast Cancer,Invasive Breast Carcinoma,High,Yes,Her15,1.0,Positve,Positive,2,Gain,Positive,Ductal/NST,No,Pre,3,Right,0.0,4.0,4.56,BRCA,49.53333333,Living,Positive,No,16.18,Recurred,Female,ER+/HER2- High Prolif,28.0,2.0,Died of Other Causes
MTS-T2430,63,Mastectomy,Breast Cancer,Invasive Breast Carcinoma,High,Yes,Her16,1.0,Positve,Positive,2,Gain,Positive,Ductal/NST,No,Pre,3,Right,0.0,6.0,4.56,BRCA,49.53333333,Living,Positive,No,16.18,Recurred,Female,ER+/HER2- High Prolif,28.0,0.0,Died of Other Causes
MTS-T2431,63,Mastectomy,Breast Cancer,Invasive Breast Carcinoma,High,Yes,Her17,1.0,Positve,Positive,2,Gain,Positive,Ductal/NST,No,Pre,3,Right,0.0,7.0,4.56,BRCA,49.53333333,Living,Positive,No,16.18,Recurred,Female,ER+/HER2- High Prolif,28.0,0.0,Died of Other Causes
MTS-T2432,63,Mastectomy,Breast Cancer,Invasive Breast Carcinoma,High,Yes,Her18,1.0,Positve,Positive,2,Gain,Positive,Ductal/NST,No,Pre,3,Right,0.0,5.0,4.56,BRCA,49.53333333,Living,Positive,No,16.18,Recurred,Female,ER+/HER2- High Prolif,28.0,0.0,Died of Other Causes
